Date,Copper_shock_20d,Aluminum_shock_20d,Oil_shock_20d,Gold_shock_20d,USD_shock_20d,VIX_shock_20d,CMSI
2018-08-09,1.0565612126401986,0.03426296838002038,-0.7410857663886214,0.20036683658723767,0.277611840526117,-0.49663702324640013,0.05518001141642535
2018-08-10,0.8679317857431512,0.03385263162057472,-0.6969703260277409,0.5068194370069674,1.6690346492328556,0.6447415301497065,0.5042349512875858
2018-08-13,0.8652814661824891,0.033456681445996374,-0.24527666743665133,-0.7844911706841659,1.9710879313069027,1.066871968673111,0.484488368247947
2018-08-14,0.6526937778755034,0.03307429704170171,-0.2761001384605868,0.19901263011088755,1.6943125581032714,0.7499545788827195,0.5088246172589161
2018-08-15,-0.2480935202044435,0.03270472164188084,-0.7769564054889463,-0.9557789897300746,1.4334153747856786,1.37350116524523,0.14313205770822082
2018-08-16,0.5869969434083893,0.032347256249063025,-0.8021767973602391,-0.7625956546455785,1.1954018378301243,0.34101047766045994,0.0984973438570365
2018-08-17,0.24966373761352678,0.03200125408971614,-0.8773549307355811,-1.2078389885804517,1.395400529799593,-0.05016232436864596,-0.07638178703030714
2018-08-20,0.5819794471422933,0.031666115706141404,-0.30232361906163374,-0.06700826405093765,0.7913277346932129,-0.006739855046081327,0.17148359323049914
2018-08-21,0.3293686259481446,0.03134128460019838,-0.240308466121978,0.36545383206918125,-0.0383978317409045,0.28984894509496656,0.12288439830826803
2018-08-22,0.13793909121850959,0.031026243357059148,-0.28728738430496115,0.0963578691265412,0.16571318069188887,0.03263920496507998,0.02939803417568627
2018-08-23,0.03638014939217786,0.03072051018775055,-0.3488760848424363,-0.15664174447616938,0.27490280393199945,0.19808334597774568,0.005761496695177976
2018-08-24,0.48359879693165525,0.03042363583808105,0.009789912160380634,1.4693934662882,-0.31138475459646864,-0.4731716366219302,0.2014415699999864
2018-08-27,0.5809904503463771,-3.853081308849195,-0.24416773209139758,1.7018960111359807,-0.3795826862998958,-0.9079304114343807,-0.5169792795320852
2018-08-28,0.5023241447339178,-3.366647017506341,-0.03816146485524704,1.369161546829852,-0.6575192712469506,-0.0934942088155995,-0.3807227118100614
2018-08-29,0.9153257727445243,-3.027742501591448,0.3934394191976031,1.5270363017963835,-1.0162635138296008,-0.3782208213522759,-0.26440422383913564
2018-08-30,0.8218664758011964,0.9347460346646922,0.2672048938120613,1.510160592538925,-1.6065783182659499,0.8240988717471525,0.45858309171634626
2018-08-31,0.3062330827922789,0.9192403298656443,0.2706865909480887,1.4021021513594873,-0.9253071748813928,0.778014021919064,0.458494833667195
2018-09-04,0.04114995411415776,0.9044857891750742,0.17206793576879503,1.2264049147013694,-0.8242638105100395,1.1837298306729633,0.45059576898705345
2018-09-05,-0.03591652591979284,0.8904235109225936,-0.10568800174277862,1.2823275354440993,-1.0280197927782204,1.828352610790832,0.4719132227861222
2018-09-06,0.16952302943202785,0.8770008697453152,0.17299731059758633,1.256392426007065,-0.9960784614158436,2.22595489432239,0.6176316781147568
2018-09-07,-0.05992610795244445,0.864170681783346,0.19627521916055848,0.9863668533248933,-1.0505733396024142,1.9505969587409633,0.4811517109091504
2018-09-10,0.16774024815151678,0.8518905017089152,-0.03551974846842406,0.9833324516932689,-2.470118438076394,0.4104666997582418,-0.015368047538812601
2018-09-11,0.19461189901255568,0.8401220276705451,0.4440010289189933,2.4033917557575974,-2.4787515807738556,-0.7298115601900454,0.11226059506596509
2018-09-12,0.9975340747494506,0.8288305951048226,0.7282342361673342,2.7185719193359503,-2.996743796413116,-0.1391539297324593,0.3562121832019971
2018-09-13,1.9865518555798436,0.8179847441448961,0.8006698077997683,3.2282399116064706,-3.009819040957253,-1.0335651886583734,0.4650103482525587
2018-09-14,1.1723021772250433,0.8075558483046673,0.7734300306099489,2.6942982285445014,-2.3207225065927597,-0.6900462672017971,0.406136251814934
2018-09-17,1.1114610839433616,0.7975177944379136,0.6366887267515992,2.7458248740694984,-2.1436784368180075,0.49341742610555384,0.6068719114149865
2018-09-18,1.3969890953927744,0.787846705808777,0.720988611700461,1.9523787650828823,-1.7533465712467162,0.11601376214341064,0.5368117281469316
2018-09-19,1.1510292129604287,0.7785207015739103,0.7815789440721894,1.8638722178522267,-1.1285197468752581,-0.5964972090403607,0.474997353423856
2018-09-20,1.3773072016180092,0.7695196871498806,0.5783434966179322,1.8176603933072104,-1.6533361629817056,-0.2700658136472402,0.43657146701068106
2018-09-21,2.312894153161145,0.7608251708851775,0.5754468838195322,1.7339456353644167,-1.7616298942183108,-0.4121553769746667,0.5348877620062157
2018-09-24,1.7304033073660077,0.7524201032225949,0.6540240634129721,0.92181931615479,-1.213646369696179,0.0930185649456289,0.48967316423430224
2018-09-25,1.552533712579771,0.7442887351620044,0.6572362699489585,0.815292041303881,-0.953290951926159,0.11800558691144471,0.4890108989966501
2018-09-26,1.332970938888294,0.736416493344482,0.5700908122458223,0.5933840589655549,-0.8185223407726142,0.18270318837388239,0.4328405251742369
2018-09-27,1.1900140462899869,3.6774143147970384,0.45752697662816366,0.1561526105431872,0.15726959220848152,0.05961588679588986,0.949665571210458
2018-09-28,1.4617870925754963,-0.10819044046814431,0.5357215818800848,0.9378906318865454,0.22911240824510606,-0.7315421455938489,0.3874631880875398
2018-10-01,1.6417001325176825,-0.10747747095505354,1.1018028502573742,0.5838814385905716,-0.10073125236442441,-0.4727126397741923,0.4410771763786597
2018-10-02,2.2208666182471264,-0.1067784130847001,1.0534933528615877,1.691023856710306,-0.1744757479950465,-0.5875798532538848,0.6827583022475646
2018-10-03,2.2554367409954224,-0.10609282026358828,1.5830444981024816,1.3515380769317447,0.4022862807311852,-1.1294684023322843,0.7261240623608268
2018-10-04,1.6171645794590732,-0.10542026571458345,1.318745196811081,1.1321188791331178,0.5070423585957335,-0.19224694055854474,0.7129006346209796
2018-10-05,1.5932905292884998,-0.10476034136056762,1.3035752238336236,1.5100058916622627,-0.014857264838682976,-0.016816289769279433,0.7117396248026427
2018-10-08,1.5368738499922074,-0.10411265678400201,1.3226263937481002,0.7094230953318424,0.3866313441894517,0.7568774015716462,0.7680532380082076
2018-10-09,1.8072441510390533,-0.10347683825637889,1.0346411704081984,0.7231131707376314,0.3845881407845664,1.4181792469151313,0.8773815069380336
2018-10-10,1.2317202363219004,-0.10285252783207781,0.36234751706339996,0.3720537860578928,0.48245622899296214,4.471492966112107,1.1362030344526974
2018-10-11,1.3507516627774916,-0.1022393825016393,0.2802034974043647,2.1131744292056402,0.2267939255277871,5.062015985197082,1.4884500196017878
2018-10-12,1.548800224029601,-0.10163707339989936,0.2684161040044699,2.123745904225712,-0.04329868881412381,3.4712538583439527,1.2112133880649523
2018-10-15,1.400600182829856,-0.10104528506484033,0.38689261453932366,2.2090409707239487,0.3170814982034558,2.386696217510868,1.0998776997904354
2018-10-16,0.8070246223494398,-0.10046371474335958,0.1930418266910079,2.2989146239265534,0.16806005804804827,1.532281449988461,0.8164764777100251
2018-10-17,0.7904297384971698,-0.09989207174048449,-0.5911738915409077,1.8416791185005157,0.844301692009593,1.9476925542972796,0.7888395233371943
2018-10-18,0.5294909184401132,-0.09933007680886277,-0.764093809124447,1.7444644796193784,1.9044190993607104,2.78289856171997,1.016308195534477
2018-10-19,0.008362591486259327,-0.09877746157560616,-0.6467437610917954,2.0732115407381255,1.3123936166850567,2.666821677578785,0.8858780339701374
2018-10-22,0.16758834625991056,-0.09823396800382582,-0.9129014758349873,1.7222269891801247,1.5726728492958786,2.2058141601850694,0.7761944835136951
2018-10-23,0.07582052850888453,-0.09769934788639863,-1.544596585425006,2.140377866095249,1.630968755275841,2.3519991668613973,0.7594783972383278
2018-10-24,0.05099999813347586,-0.09717336236970943,-1.2901308688517557,2.0997082758745997,2.0240744783791063,3.2720443146893925,1.0099204726425182
2018-10-25,0.3270335065698426,-3.2890391208405783,-1.2727476937724356,2.5422535319532713,1.3791684364297905,3.066051843509228,0.4587867506415198
2018-10-26,0.15539492477125422,-3.0984154888591497,-1.423631235442658,2.223679863488566,0.8235280022504511,3.0373249489611074,0.28631350252826177
2018-10-29,0.20116883909306743,-2.937536586107918,-1.8939467697300245,2.0321373683906647,0.9304601963234854,3.076058946759233,0.23472366578808476
2018-10-30,-0.41260696466573743,0.692839424669086,-2.0063656997129398,1.3425400980047928,1.1481888928266737,2.576913237790411,0.5569181648187144
2018-10-31,-0.5724067355587796,0.6876325649209868,-2.313512156139222,1.0979594794928782,0.9956404629098455,2.167473763233379,0.34379789647651465
2018-11-01,0.1591896044624484,0.6825416978430097,-2.2119827852026344,1.9848933163654787,0.10284799253306243,0.7152604750175727,0.2387917168364896
2018-11-02,0.780771259195631,0.6775625723027712,-2.2511778452012905,1.6123053497485704,0.5173394851756529,0.5765039842632153,0.31888413424742507
2018-11-05,0.4381086503999879,0.6726911523718357,-2.184976330242132,2.1510031398540184,0.15070564155137195,0.4363156127138327,0.2773079777748191
2018-11-06,0.013823086883704988,0.6679236035098788,-2.379320795943629,1.7873182426860028,0.21486092906142829,0.359900942155101,0.11075100139208112
2018-11-07,0.32585310885217955,0.6632562798180459,-2.1392572250124005,1.7595440267298292,0.05310015551262177,-1.3006376619269102,-0.10635688600443904
2018-11-08,0.04042104683003718,0.6586857122650658,-1.9296422800987576,0.4192177582978089,1.2776630980471104,-1.4147477470067142,-0.15806706861090825
2018-11-09,-0.26680582611510073,0.6542085977995618,-2.0280600351273876,0.030579203214228787,1.3322405909738104,-0.954805753921634,-0.20544053719608693
2018-11-12,-0.24204953961027256,0.6498217892707817,-2.089106030772559,-0.43217450935522966,2.125511847325602,-0.5000279784167855,-0.08133740359307716
2018-11-13,-0.11596037194779121,0.6455222860877363,-2.7583161067568702,-0.5334177133290777,1.851140664380611,0.0487893609900919,-0.14370698009588329
2018-11-14,0.05928542509750561,0.6413072255536416,-2.284662161007525,-0.10220616546367839,0.7503786549557853,0.31361745172669525,-0.1037132615229293
2018-11-15,0.5269251057143117,0.637173874818701,-2.037324655879903,-0.026597571855663103,0.5434977962883037,-0.39281032020750645,-0.12485596185362606
2018-11-16,0.6887482677380629,0.6331196233997435,-2.054413118856809,0.2983929857858056,0.25961557430956644,-0.6538055086708067,-0.13805702938240624
2018-11-19,0.6464859609008853,0.6291419762201077,-1.9648471663636764,0.5239992159534999,-0.35357201498275714,-0.29965845927227364,-0.1364084145907024
2018-11-20,0.5690677672192295,0.625238547127539,-2.103846754729358,-0.0562169973358412,0.3554378730925565,-0.10197224488582676,-0.1187153015852835
2018-11-21,0.7615143335979065,0.6214070528517706,-1.909045363837745,0.3845643511675409,-0.2518501812293575,-0.9278483279491843,-0.2202096892331781
2018-11-23,0.5772354433267691,0.6176453073669591,-2.603450815638989,0.16434555789573618,-0.29368147190834765,-0.7182671374914701,-0.376028852741557
2018-11-26,0.5222407721669179,0.6139512166273022,-2.364344431296477,0.013684768710063654,0.2088029867958368,-1.0487742108160427,-0.3424064829687333
2018-11-27,0.2232430063952265,0.6103227736469741,-2.245923255282946,-0.025559784368810304,0.2914168728920376,-1.0778526787285172,-0.37072551090767253
2018-11-28,1.367002678537358,-3.0807817259144983,-2.281328887077736,0.4152037603296706,-0.7884573594526485,-0.9994949513633561,-0.8946427474902018
2018-11-29,1.2202304327702909,-0.09635041212563665,-1.9463826290610642,0.8903565616844381,-0.9201532942405262,-0.697078371521194,-0.2582296187489487
2018-11-30,0.7850457704023878,-0.09594439555529179,-1.790091177707236,-0.12285592186243421,0.5228737050796369,-0.5363183668310308,-0.20621506441232804
2018-12-03,0.364081859810387,-0.0955434689583417,-1.3714375969175925,0.5621742869422088,-0.010093491575968427,-0.8252399205088595,-0.22934305520136103
2018-12-04,0.33762413417495885,-0.09514752686536179,-1.3023324291008487,0.862009769705209,0.12110498724295482,-0.19221469716723039,-0.04482596033505304
2018-12-06,0.45539359998515494,-0.09475646684142047,-1.449641989038614,0.9675509425780122,-0.020750248006019507,-0.11029628870838892,-0.04208340833854596
2018-12-07,0.4175613184458338,-0.0943701893747397,-1.1789129632131716,1.1879372821461212,0.0030680457680276416,1.0348114462119138,0.2283491566639975
2018-12-10,0.24943381675862986,-0.09398859777031209,-1.2917594085329487,1.1857076708172896,0.07594382347398428,0.8157204119425872,0.15684295278153834
2018-12-11,0.9529431349719208,-0.09361159804821136,-1.1041370852228718,1.7195189098942394,-0.035727575305947515,0.4865659993908662,0.3209252976133326
2018-12-12,1.0266591591258858,-0.09323909884635138,-1.1404283648203506,1.9695627651557783,-1.1048886204123889,-0.18284651467949325,0.07913655425384666
2018-12-13,0.9228378598377385,-0.08863289010376489,-0.22283052280729726,1.9532102253057797,-0.8071035468292784,-0.24503493195045806,0.2520743655754533
2018-12-14,0.7411450764568578,-0.08401969136236616,-0.5666301175241026,1.3966474088237928,0.17246407613923032,-0.29319284316140626,0.22773565156200096
2018-12-17,0.40297201749076106,-0.07939916557910671,-0.8328279737967915,1.5604021541648407,-0.341835012461926,0.38459315515074427,0.1823175291614203
2018-12-18,-0.5526591875170825,-0.07477097218732813,-1.4677594342122997,1.3129831364550677,0.22529117737917048,0.9706008113534002,0.06894758854515465
2018-12-19,-0.20116457743165456,-0.07013476695133457,-1.3262202987802316,1.3101769433426276,0.43768603373991155,0.5134915226315343,0.11063914275847543
2018-12-20,-0.07595155798353151,-0.06549020181737947,-1.0478512843148116,1.8153910054713358,-1.100992841619111,0.4772935842894983,0.00039978400433341815
2018-12-21,-0.42933970120918075,-0.060836924760893786,-1.2692107145542488,1.2189874022173741,-0.22387140467624617,1.0674549521158976,0.050530601522117004
2018-12-24,-0.3351209858147509,-0.056174579629788994,-1.1622345413965842,1.815698837422428,-0.9107040512839719,1.7799201299422254,0.18856413487325954
2018-12-26,0.03169868829392381,-0.051502805983653734,-0.6425193653333588,1.8604147825303412,-0.522179245893906,1.534665750558808,0.3684296340286924
2018-12-27,0.07499014616055641,-0.07962526211410435,-0.9232797026131523,2.3822943983477165,-1.4607793068709511,1.4063995603564503,0.23333330554441925
2018-12-28,-0.433507448028525,-0.07936280753119644,-0.5548878586534207,2.0659144779652365,-0.9081524621448451,1.2532052464566412,0.22386819134398175
2018-12-31,-0.6699917321898972,-3.177401740832979,-0.7286503432617278,1.880145737346408,-1.1265506381628185,0.6831980602041873,-0.5232084428161378
2019-01-02,-0.6895998933760069,-3.0331556533889854,-0.40355607187624576,2.0547939328552642,-0.9331232511909354,0.46872751022494225,-0.4226522377919945
2019-01-03,-1.2202659803068423,-2.9048608762838275,-0.6399136603571354,1.8997949983061142,-1.222986944761403,1.2796926866931249,-0.4680899627849949
2019-01-04,-0.3288336202276592,-2.789703911241241,-0.5113223562990494,1.3540591932388408,-1.2574121296783292,-0.32569674741639837,-0.6431515952706394
2019-01-07,-0.37428151731604387,-2.6855215521989444,-0.06442187245499098,1.5526954709077774,-1.5773224442658704,-0.3884943356128043,-0.5895577084901461
2019-01-08,-0.37690494222047954,-2.5906194005417578,-0.008795099507032045,1.141275749001614,-1.035554034897067,-0.7838780914535692,-0.6090793032697153
2019-01-09,-0.09433571085954524,-2.5036487019854405,0.8677036824034353,1.4079662415024492,-2.4384438945285116,-0.7747770321089964,-0.5892559025961015
2019-01-10,-0.6430682768095961,-2.4235205707417684,0.7828252655633188,1.3038325552962744,-2.2137224231900836,-0.7258261740412213,-0.6532466039871793
2019-01-11,-0.4894640622411667,-2.349344885231755,0.6854676524812822,1.2797808608512171,-1.6915298732316015,-0.8711555465800054,-0.5727076423253381
2019-01-14,-0.6817472365743286,-2.2803858827330443,0.17356766445176058,1.3825383697873068,-1.7597808725549282,-0.6341046955736097,-0.6333187755328072
2019-01-15,-0.6543508005234039,-2.2160293129767616,0.8033426613611999,1.4532336095218479,-1.725766048737217,-0.823001805103637,-0.5270952827429953
2019-01-16,-0.2313394349723865,-2.1557577541191018,1.1399495305917933,1.265499714606257,-1.2840720087830717,-1.0707277223846987,-0.3894079458435347
2019-01-17,0.5759975058665948,-2.0991317966159286,1.9624432173194806,1.171704008865244,-1.2964870002878934,-1.2759173822790373,-0.16023190785525665
2019-01-18,0.4697157252747818,-2.0457755140802076,2.077498302772392,0.756947571807411,-0.9242791993319069,-1.2913289153908891,-0.15953700482473648
2019-01-22,0.13715653246973913,-1.9953651122275486,2.113176191239407,0.41076342294514423,-0.2222766196618985,-1.1714812913653279,-0.12133781276674743
2019-01-23,0.409851872740585,-1.9476199653989652,2.148963747675376,0.7371862368705632,-1.0546952696301601,-1.4115640277155983,-0.18631290090969996
2019-01-24,0.2901306254049189,-1.9022954687315812,3.007070342471721,0.14741592127492778,-0.18191243251752662,-1.7689644837336627,-0.0680925826385338
2019-01-25,0.5289949802756096,-1.8591772865538583,2.076944962984747,0.6714984591946355,-1.444151543688237,-1.6076204009134778,-0.2722518047834302
2019-01-28,0.4219187432783185,-1.8180766855727968,2.0619902372174366,0.5545426798649299,-0.931781718286961,-1.4352971200928943,-0.1911173105986612
2019-01-29,0.7566551277932562,-1.8180766855727968,2.107781651643241,0.6443118157227122,-0.7782968389593703,-1.295804510555462,-0.06390490665473665
2019-01-30,1.7319984415624528,-1.7788408180431965,2.2169971345390023,0.7395689958218817,-1.0262758068091165,-1.2278586924137547,0.10926487577621151
2019-01-31,1.8948695846468857,-1.7413062833484947,1.8171794160156958,0.9529079853851092,-1.4022111762877902,-1.1668156067163313,0.05910398661584574
2019-02-01,2.3131333841581263,-1.7053409340903496,1.9329146626716984,0.4929967641548598,-0.9063820830184335,-1.3887951918396837,0.12308776700603626
2019-02-04,1.5778472141851876,-1.6708264718540935,1.5774112380967151,0.6990698502981842,-0.522545094983435,-1.088759604395356,0.09536618855786709
2019-02-05,1.877163300707022,-1.6376566258768113,1.2721478376824176,0.5451783600260349,0.19031834619892177,-1.1059084980684148,0.19020712011152843
2019-02-06,1.8143566081527274,-1.6057356162820284,1.0695969254694224,0.4987174467492185,0.3232702137743546,-1.0309934496402842,0.1782020213705684
2019-02-07,1.692046784913613,-1.5749768507454447,0.3564135367698711,0.27150020859575774,1.0806850951905915,-0.8324303444968584,0.16553973837125502
2019-02-08,1.6718286547975985,-1.5453018137769368,0.32710561915422304,0.5681817597728265,0.8824240711549468,-0.8709377727322085,0.17221675306174156
2019-02-11,1.1996836628298033,-1.5166391158252703,0.4414268414313299,0.23893074903477773,1.1528489720289161,-0.6625512007338726,0.14228331812761402
2019-02-12,1.2592998460661449,-1.4889236756916882,0.7470336608185576,0.2330992258427833,0.899939859508314,-0.8529781767088612,0.13291178997254174
2019-02-13,1.1845101650315955,-1.4620960146889646,0.5929767059465153,0.3803253006251239,0.9474036113471149,-0.7511024931351539,0.14866954585437184
2019-02-14,0.7598887676136459,-1.4361016449104995,0.63937134368338,0.13383857963338353,0.724051991553089,-0.7136764459381603,0.017895431939139766
2019-02-15,0.9370339566619559,-1.4108905371100293,0.8708685646767328,0.44471975032238403,0.6655032849459788,-0.7788909724152586,0.12139067451362724
2019-02-19,1.2628932886071256,-10.84131540384223,0.6423576264635,1.6271688555157018,0.011419868006563564,-0.7428037029068228,-1.340046578026027
2019-02-20,2.2025071852286864,-7.736200976500568,0.9820876693399213,1.696903323956166,-0.006411175311432316,-1.1925792750881283,-0.6756155413958925
2019-02-21,1.846260537758848,-6.319154074488539,0.9688287485217537,0.8991512578312699,0.34367299730660084,-0.9934296108448043,-0.5424450239858117
2019-02-22,2.526648022183293,-5.462491209280428,0.9177275320593964,1.2711085364155104,-0.23642632292788032,-1.0540898290507592,-0.3395872117668112
2019-02-25,1.7455961014624395,-4.872307657313231,0.5269983663584566,0.3854886912051264,0.485574135931576,-0.6623953974334049,-0.3985076266315062
2019-02-26,2.1405738829959575,-4.4333653209804895,0.8154965717263054,0.13411048021298272,0.11501434610884376,-0.7924275847244912,-0.33676627077681526
2019-02-27,1.7990276524138247,-4.0899962393051705,0.8138613868956909,-0.4155633304237544,0.19752150937851373,-0.8867902014455058,-0.43032320374773353
2019-02-28,1.3095728064500463,-3.8117739173734804,0.6954245621393818,-0.6935962297969507,0.696444939604637,-0.6941434873933231,-0.4163452210616149
2019-03-01,1.0033304178396711,-3.5800120554617285,0.5386903806483387,-1.7514487288365266,0.818853639423335,-0.7397286622207389,-0.6183858347679415
2019-03-04,0.9221711671962957,-3.382889260296908,0.424259638556564,-2.084129920871995,0.9588500444775433,-0.4941214464596557,-0.6093099628996925
2019-03-05,0.9424899390613762,-3.2123166671584387,0.5313107866973995,-2.0679943869447546,0.8419126132066004,-0.40433390376872635,-0.5614886031510905
2019-03-06,0.5845981016423061,-3.0627873166297177,0.6239989463724135,-1.9294775897264267,0.6009176664868258,-0.19566391379461012,-0.5630690176082015
2019-03-07,0.3502093783785987,-2.9302063813095507,0.6324250435037223,-1.7802875634214042,1.064752746184894,-0.004217484495669377,-0.4445540435265682
2019-03-08,0.2491434780229749,-2.8115160606872767,0.7642351294185924,-1.257518228532113,0.6666320183856885,-0.27270200142467743,-0.4436209441361352
2019-03-11,0.45566736830542504,-2.704380364533479,0.8609069607223131,-1.7386610181775104,0.3820670662646061,-0.4564588289987726,-0.533476469402903
2019-03-12,0.8562529793221564,-2.6069796506763616,0.9209023697183527,-1.1903948003329763,-0.31253780240337353,-0.5849062041463198,-0.48627718475308707
2019-03-13,1.0552623483093748,-2.517872428233561,1.0132098378544019,-0.8447999857597106,-0.3636466621688263,-0.5603889140881289,-0.3697059673477417
2019-03-14,0.6405646670019467,-2.435899854132365,0.9237046061551512,-1.452231891720423,-0.5546328695941477,-0.5775780301513077,-0.5760122287401909
2019-03-15,0.7469853655846627,-2.3601181592612828,0.8205164649121836,-1.069801380123818,-0.6185745059041599,-0.7635958198719419,-0.5407646724440595
2019-03-18,0.49874881717546676,-2.2897498352355874,0.7132471494748599,-1.4259479061554843,-0.6687763735443358,-0.5283585576677284,-0.6168061176588014
2019-03-19,-0.08039131284229745,0.35683327549394567,0.624140487499081,-2.023803368961695,-0.4163182631622021,-0.43734577494255766,-0.329480826152621
2019-03-20,-0.5368230709289431,0.3580252271742509,0.6126973562291297,-2.242354597500593,-1.0240957572235991,-0.20919594738518496,-0.5069577982724899
2019-03-21,-0.42942171042222216,0.3592186878541877,0.6285908791246891,-1.302575218448199,-0.4109366346247799,-0.34578329210223685,-0.25015121476976016
2019-03-22,-1.451167773269028,0.3604136647117749,0.44508547400844106,-1.290518060144408,-0.145994366793119,0.4221931995889783,-0.2766646436495601
2019-03-25,-1.2290225623515787,0.3616101649603209,0.690051564396646,-0.786861488862074,-0.13778067168843677,0.08335444830342818,-0.16977475754028237
2019-03-26,-1.1538613423586894,0.3628081958486822,0.8536773960184179,-1.0258736547419856,0.4981474418561482,-0.2861968178660978,-0.12521646354058744
2019-03-27,-1.1932973868126397,0.36400776466152335,0.5447633596564255,-0.9179095146814881,0.3500704432692505,-0.11058372078020837,-0.16049150911452278
2019-03-28,-1.0161059209486274,0.365208878719579,0.4864895392356145,-1.467947399547601,0.8142781108149167,-0.261343028634542,-0.17990330339344332
2019-03-29,-0.30573558330202677,0.366411545379919,0.8331865192143556,-0.7566314185904032,0.4701582215872757,-0.16582551133167497,0.07359396215957421
2019-04-01,-0.2426047535327926,0.3686287733584256,0.9168477958261784,-0.507112437548635,0.26256618424266653,-0.42726106192376173,0.06184408340368019
2019-04-02,-0.584092285949169,0.3695997766849634,1.061213278123827,-0.34509732778734475,0.1930456595824157,-0.4542226796772288,0.04007440349624392
2019-04-03,-0.06944972789322518,0.37057178428464144,1.0950331090822338,-0.4677805861232624,-0.1367306400933088,-0.545983637905586,0.040943383558582146
2019-04-04,-0.32070883258824684,0.3715448000165622,0.9671760562097393,-0.45812451497772677,-0.7859267146747718,-0.6947995090622814,-0.1534731191794542
2019-04-05,-0.29442092993899605,0.37251882775522116,1.2077644415701059,-0.9010794874430216,-0.34225767985790595,-0.7488363160715564,-0.11771852399769218
2019-04-08,-0.012529805069392063,0.37349387139059714,1.2767702867184274,-0.3403511151729588,-0.5594682680167582,-0.4103069508089646,0.05460133650682514
2019-04-09,-0.2283304981818572,0.37446993482824453,1.1976939766999741,-0.3833814966375049,-0.2867741990450791,-0.08443867000775722,0.09820650794267004
2019-04-10,-0.3498895607185878,0.3754470219893854,1.0631405379700176,-0.6003599344548834,0.09036422499190007,-0.20790523445399134,0.06179950922064009
2019-04-11,-0.26270896260435844,0.37642513681100254,0.8617612641874991,-0.8448981288177307,0.08011946512800235,-0.2788469498704083,-0.011358029194332264
2019-04-12,0.14938284297203763,0.3774042832459329,0.9140068210253,-1.0891936165531424,0.061511748535947264,-0.35502790899363035,0.009680695038740833
2019-04-15,0.04922600128088069,0.37838446526296204,0.7542897508651749,-1.1596422861584559,0.11940224000971852,-0.31766989116824723,-0.029334953317994492
2019-04-16,-0.11711930859270835,0.37936568684691874,0.8492808067726483,-1.8259401890632962,0.38961304029592564,-0.4279415141694739,-0.12545691298499764
2019-04-17,0.3397321342462182,0.38034795199877114,0.6871858405498896,-1.643903144581842,1.0601317533938337,-0.3935742902366711,0.07165337422836658
2019-04-18,0.045245423560892915,0.3813312647357225,0.6948345042569652,-1.81429058642254,0.7257404883404741,-0.43968269446526365,-0.06780359999895817
2019-04-22,0.4561403501702228,0.382315629091308,1.0586839450556904,-1.9042261996452194,0.34483461452527925,-0.8263908517383874,-0.08144041875685108
2019-04-23,0.24852667825706953,0.3833010491154928,1.159976775390636,-2.3317356576804857,0.7838992119790574,-0.8201857874820881,-0.09603628840338635
2019-04-24,0.40822457376436205,0.3842875288747698,0.92120872602738,-1.821748313232333,1.1980436621985424,-0.36935345567969613,0.12011045365883749
2019-04-25,-0.04407373894817882,0.3852750724522587,0.8962217227105872,-1.6316857330217334,1.287653448755701,-0.4205786706693335,0.07880201687988353
2019-04-26,0.7118763919166378,0.38626368394780597,0.6417806829153979,-0.629908155965643,0.5856209335511449,-0.3834789671523579,0.21869242820216428
2019-04-29,-0.6171117960133253,0.3872533674780846,0.5398401488949359,-0.9423612976453317,0.34128394072813956,-0.12532033849323493,-0.06940266250845532
2019-04-30,-0.41618065851992236,0.3872533674780846,0.38579684048006907,-0.6276101826903091,-0.06048314727692451,-0.02429846984884987,-0.059253708396308696
2019-05-01,-1.1685321603517147,0.3872533674780846,0.20685509792390272,-0.7190519103382685,0.06769957357392228,0.4719582044828536,-0.1256363045385367
2019-05-02,-1.688241849601135,0.3872533674780846,-0.016175424047760543,-1.1053822221375007,0.5725030105831417,0.30755503016682084,-0.2570813479263916
2019-05-03,-0.995314721880169,0.38848022851566616,0.04003708879233824,-0.7336837152796142,-0.05960988166860047,-0.06450859172255001,-0.2374332655404882
2019-05-06,-0.756750966212222,0.3897087750750013,-0.0551385304822873,-0.6872841462937196,-0.1587053772739595,1.0796819463189324,-0.03141471647804243
2019-05-07,-1.4688756143845214,0.3909390151974511,-0.33711944637314084,-0.8409649979339646,0.40988266668709994,2.206769966322526,0.060105264919241654
2019-05-08,-1.534916299849813,0.39217095696611715,-0.20191168430384207,-1.1802368781823838,0.4513845914662658,1.7338398666247385,-0.05661157454648624
2019-05-09,-1.4532007642231546,0.3934046085061538,-0.34302915683497615,-1.2092436883336832,0.21809302481201567,2.045200606228488,-0.05812922830752609
2019-05-10,-1.1178473741888955,0.3946399779850855,-0.23037276462403836,-0.42493570059806807,-0.11242359373262902,1.1682921526522454,-0.05377455041771665
2019-05-13,-2.0767902190597556,0.39587707361312463,-0.36110136171198814,0.015122786774774888,0.13771606974586262,3.0858915095285404,0.19945264314842648
2019-05-14,-1.9015999774393317,0.39711590364349375,-0.20934602108444786,-0.042380575354055476,0.4516889417577258,2.019572843087629,0.11917518576850232
2019-05-15,-1.6929394319835038,0.39835647637275007,-0.27176875911416637,0.5115396232466723,0.39283466849603915,1.5129344007947565,0.14182616296875797
2019-05-16,-1.980193028122859,0.3995988001411129,-0.13136848182488006,0.11444188123557704,0.818708018056718,0.9451729388586982,0.027726688057394477
2019-05-17,-1.6702178423875838,0.40084288333279383,-0.1952030844754533,-0.2610700618151685,0.4527474067109498,1.3646410006189058,0.015290050330740676
2019-05-20,-1.583552906284744,0.40208873437633047,-0.38723188655706975,-0.26751548482992055,0.6269849233640105,1.3292818257857903,0.020009200975732815
2019-05-21,-1.5964555234533695,0.4033363617449224,-0.4926052734751293,-0.2691889182038197,0.415074733566298,0.9330336885894315,-0.10113415520527776
2019-05-22,-2.0072363840671903,0.4045857739567704,-0.6675338322926296,-0.43687981683918864,-0.2322351710441434,0.5448522422392069,-0.3990745313411958
2019-05-23,-1.6632577441058574,0.40583697957541937,-1.0779956343016834,-0.044899795804121935,-0.7142606170245551,1.150278127369622,-0.324049780715196
2019-05-24,-2.1340130308806775,0.40708998721010303,-0.7482976575612342,-0.44340325744858106,-0.7703574654574925,1.0143466629595994,-0.44577246019638045
2019-05-28,-1.5786746689475226,0.4083448055160931,-0.716970610189273,-0.4509667827296115,-0.08794070212894221,1.3475671584450637,-0.1797734666723654
2019-05-29,-1.8316537602951695,0.4096014431950507,-0.8509349255784567,-0.45658429517040594,0.6728965176239706,1.4380324887270788,-0.10310708858298867
2019-05-30,-1.177332593909106,0.41085990899538133,-1.1688727460887651,-0.1770312157924506,0.38838982250639337,0.6600538046121092,-0.177322169946073
2019-05-31,-1.1359823161161897,0.41212021171259255,-1.4302753496695984,0.9216421743285501,-0.326153317145198,1.1463824478691012,-0.06871102483679037
2019-06-03,-1.3473570089612341,0.41212021171259255,-1.5190618714719266,1.161980170875509,-0.73520111244397,1.7660893140364635,-0.04357171604209431
2019-06-04,-1.2727614545929045,0.4131349887020409,-1.547156355777168,1.0805691370154065,-0.8292969554366706,0.33779331635819876,-0.30295288728851616
2019-06-05,-1.2985893346753903,0.4141509448988786,-1.7371447549829342,1.1703800799200792,-0.5575600973426323,-0.6920308982425447,-0.45013234340409064
2019-06-06,-1.0073123157683501,0.4151680848744728,-1.6901331060207867,1.6237879720709134,-0.9955783070006572,-0.736320126743634,-0.39839796643134023
2019-06-07,-1.1633224601397512,0.4161864132199069,-1.4098309499068657,1.5707296043364358,-1.2107627312949827,-0.6046879477373525,-0.4002813452537682
2019-06-10,-0.8987825893015068,0.4172059345461023,-1.5351644047132416,0.903397798017388,-0.9375698469388772,-0.05934346270521596,-0.35170942851589193
2019-06-11,-0.37590138130352996,0.41822665348394067,-1.4489538816216876,0.44894075375806697,-1.0041403960083661,-0.8806472030339234,-0.4737459091209166
2019-06-12,-0.5431794277971633,0.4192485746843872,-1.904849177711461,0.8238873669590548,-0.8535545908406861,-0.46817910608973073,-0.42110439346593326
2019-06-13,-0.6633610458045326,0.4202717028186155,-1.744697859649046,1.0163350905781854,-0.8808665764389352,-0.14046139640483768,-0.33213001415009175
2019-06-14,-0.8978680139699687,0.42129604257813175,-1.8175453272259814,1.4461199201424537,-0.49117263436448855,0.007113212483653102,-0.2220094667260334
2019-06-17,-0.6756819048992369,0.42232159867490154,-1.8644562261861597,1.7617668362178207,-0.7166961735148607,-0.13873952014987223,-0.20191423164290123
2019-06-18,-0.1300870618623972,0.4233483758414765,-1.5813973086328397,1.9389815734713298,-0.5056519938267336,-0.26553720405112213,-0.020057269843381038
2019-06-19,-0.2088340847614091,0.4243763788311221,-1.5808841110471121,1.9815499921988173,-1.358609497955866,-0.14078687935810538,-0.14719803368209222
2019-06-20,0.3363525610388897,0.4254056124179473,-0.913262474762076,3.3689017271254698,-2.027625943291016,0.036390486883339936,0.2043603282354258
2019-06-21,0.2483311183668441,0.426436081397033,-0.2294245267633883,2.955817732954926,-2.172370802117559,-0.31258943034945985,0.15270002891473264
2019-06-24,0.0765882372193266,0.4274677905845644,-0.2852571972974399,3.3974702730415607,-2.1310218736364535,-0.09224729113256039,0.23216665646316634
2019-06-25,0.3367294092013202,0.4285007448179615,-0.402585005402462,3.4290383969413925,-2.2720580265126715,-0.2096971120702226,0.21832140116255302
2019-06-26,0.38506464950921193,0.4295349489560125,-0.08422021796174264,3.075858886636704,-2.3623005700708664,-0.2954233665646138,0.19141905508411758
2019-06-27,0.4917667268701208,-7.540662419988274,0.334378564247327,2.70700693927295,-2.316240920636874,-0.24165185783165946,-1.0942338280110682
2019-06-28,0.5495300316086947,-6.211291757960641,0.7776373932301343,2.178041886264503,-1.9026641558598174,-0.7064183382914154,-0.8858608235014236
2019-07-01,0.2445269492803555,-5.671765024840759,0.9433516655211599,1.1087442106355037,-0.33708352171820755,-0.9713566920348503,-0.7805970688594664
2019-07-02,-0.09686466494315649,-5.168602387856921,0.3065088289580942,1.5562963159357963,-0.3883676835922299,-0.8835719986493795,-0.7791002650246327
2019-07-03,0.4699292969834289,-4.513091768816177,0.9207580172394172,1.737477414264024,-0.6958986623600969,-0.7813317813063508,-0.4770262473326259
2019-07-05,0.04687855134537519,-4.038321720523484,0.7336309252523168,0.976082929875116,0.2760843436088112,-0.5268604934716132,-0.4220842439855798
2019-07-08,0.22050400544425428,-3.7253524105192684,0.4408466483017364,0.8873765899210386,0.9262164888592793,-0.4105896018670603,-0.2768330466433367
2019-07-09,-0.3409579532234933,-3.278166420713712,0.6269864399768723,1.317632152937013,0.8626505474358444,-0.2735625266179187,-0.18090296003423242
2019-07-10,0.13818122125472865,-2.9267064109499246,1.1475999245489201,1.5620207521540383,0.4666561036321097,-0.6025199405283976,-0.035794724981420896
2019-07-11,0.18537839919058485,-2.7793806234586196,1.591399532291971,1.2672781243950741,0.010526953419157443,-0.6096440034432346,-0.055740269600844494
2019-07-12,0.2361487761060793,-2.715715865239964,1.2918257855391293,1.2066279740664547,-0.32239359928669553,-0.7454208823075298,-0.17482130185375433
2019-07-15,0.5979934625263946,-2.6173473097248303,1.0903992559904343,1.209715644037103,-0.8913058969952957,-0.5211278104412271,-0.18861210910123685
2019-07-16,0.320408430133921,-2.5274115782256175,0.8057609277930633,1.1840239701633872,-0.29860964206507945,-0.47941384081586763,-0.16587362216936552
2019-07-17,-0.03114582998804351,-2.4447232731394135,0.19417268295480009,1.264724012127827,-0.6542655881240711,-0.07845962326644615,-0.2916162699058912
2019-07-18,0.10608981083945644,-2.34602036499838,-0.07277844238011569,1.4127934240579425,-0.550312927459658,0.02080135101156395,-0.2382378581548652
2019-07-19,0.18523396559286773,-2.15198440000921,-0.5675728193134634,0.22925959560679623,0.5687927390644437,0.18153335201526005,-0.25912292784055097
2019-07-22,0.011367767122922841,-2.0950040912017376,-0.5893097861312743,0.1578518558148721,1.2530854913769272,-0.314510814570317,-0.2627532629314345
2019-07-23,-0.15995687275080067,-2.0413275620561713,-0.5607825520782244,-0.3695270266371182,2.130601148733262,-0.5729095462626371,-0.2623170685086149
2019-07-24,-0.3249259947814633,-1.9906257623380155,-0.7039104564405123,-0.3180667726202525,1.874460231165047,-0.993791250860007,-0.40947666764586726
2019-07-25,-0.18925648107659265,-1.9426137289913255,-0.9484105660667311,-0.44106588730446145,1.8822818146631775,-0.7982210684044578,-0.40621431953006515
2019-07-26,-0.3595801074352557,1.0779682601546583,-0.9093203124437018,-0.26195036007875255,2.1127478161474,-0.9012407331719677,0.12643742719539677
2019-07-29,-0.017107297347120964,1.0700995550931682,-0.5917322532311146,-0.26342092860598876,2.1728854150512356,-0.5032393522115065,0.3112475231247789
2019-07-30,-0.1248898444797054,1.259471689713605,-0.4679839920236467,0.518105076769506,1.250912017107108,0.19680322700705113,0.43873636234898633
2019-07-31,-0.03284237099372225,1.2575823397347128,0.23119826003336552,-0.001517174231577288,1.9410079353774308,1.4723750658059593,0.8113006759543615
2019-08-01,-0.19546083706458947,0.9433422523900494,-0.9343955702486268,-0.4070546400755348,1.7029207128942614,2.2975384724900354,0.5678150650642658
2019-08-02,-0.8384583193819897,0.7432751211528699,-0.6040290481285208,0.6235841681448514,0.7211759018750168,1.7877765369013587,0.4055540600939311
2019-08-05,-1.0509284417755476,0.6196777572785056,-0.8217449704881082,1.035799454954436,-0.19708061884922276,3.718266509961313,0.5506649485135627
2019-08-06,-0.6387980340042964,0.3666384245626459,-1.0585846110716217,1.1848299515625225,-0.16968807119998747,2.102456907681707,0.2978090945884949
2019-08-07,-1.0923446581247933,0.10082134965411715,-1.9933635506736154,1.6345577815403176,0.20855735511012413,2.333687829968005,0.19865268457902582
2019-08-08,-0.6568285213927051,0.3823255410135706,-1.6390107630350237,1.5324433345657982,0.38201272704160993,1.4433039862006976,0.24070771739899124
2019-08-09,-0.8852714421716306,0.3727450821234609,-1.2421329473124294,1.3592503586566753,0.529470366717671,2.041926336175916,0.3626646256982773
2019-08-12,-1.0442756255572003,0.2962005402694673,-1.0332931827477947,1.4866610285257593,0.24791878294526307,2.8751406279031717,0.4713920285564444
2019-08-13,-0.5051383600897547,0.42055134710349157,-0.22685116912427705,1.4461484385079937,0.20254393820021258,1.535071914184684,0.47872101813039175
2019-08-14,-0.9829639206407831,0.3541082633289287,-0.43319571093284426,1.439579806606606,0.6723507603582604,2.406679632996057,0.5760931386193707
2019-08-15,-0.888731763113512,0.38340593743452617,-0.2855035734107106,1.3871633369981176,1.4160071333727333,2.26843236296069,0.7134622390403074
2019-08-16,-1.2146755663661797,0.3422587183261299,-0.2627817024382391,1.2454043547558373,0.9452327558147401,1.0588521467102727,0.35238178446709356
2019-08-19,-0.8787328853371889,0.31907700062836775,-0.10210261283959092,0.9899972903979322,1.0578136150449473,0.9175772074353974,0.38393826922164415
2019-08-20,-0.9023703844949167,0.20830783845457668,-0.18033866316603794,1.1826055796761572,0.2742535228433003,1.4742534867727661,0.34278523001430755
2019-08-21,-0.9118564900278804,0.15277273885672202,-0.12612775621928676,1.1131027917468308,0.387424551548349,1.130363695814757,0.29094658861991524
2019-08-22,-1.106388338533766,0.02445475683776746,-0.21643784803634392,1.1472523336600429,0.10377225207772756,1.11418276627597,0.17780598704689965
2019-08-23,-1.19357763126044,0.04561861149988039,-0.493178251817406,1.6145129684258146,-0.7964760038605088,2.3860105979935473,0.2604850484968146
2019-08-26,-1.3698697823158332,0.04359145536878222,-0.7240537476988176,1.5561980939651834,-0.27645392815543035,1.8245449046525715,0.17565949930274263
2019-08-27,-0.9460268028448631,0.027784038847722452,-0.6772004556738793,1.6003777279117424,-0.38594292111148926,1.5975764690621426,0.2027613426985626
2019-08-28,-0.7259200938098046,0.05591994327078442,-0.5978385288549257,1.5823233788367501,-0.7006363145589322,0.5593491964311516,0.028866263552503952
2019-08-29,-0.6416991363501642,-0.2008053703364932,0.5613892082956506,1.4454897292151534,-0.15249412171042714,-0.24919258807593742,0.12711462017296368
2019-08-30,0.1267532136433647,-0.13162072474045575,-0.15317951467977514,0.7836136529701273,0.7387860276561179,0.05648856714882839,0.23680687033303457
2019-09-03,0.22998797078551375,-0.11174000183510022,-0.1914117745124495,0.898760716748467,1.5364641461303197,-1.0579730505662517,0.21734800112508315
2019-09-04,0.8758838687514203,0.07239190963541857,0.544591595641807,0.812766443416853,0.7347109370122118,-0.811191696477984,0.37152550966328785
2019-09-05,1.2560958771197506,0.27211833585890827,1.1557509911954473,-0.5242376682979194,0.8064802920315851,-0.8983885896788467,0.34463653970482083
2019-09-06,0.7061307967150369,-0.006223086960372053,0.8477753888514568,-0.5204383576768283,0.6797895930703559,-0.685516969920217,0.1702528940132387
2019-09-09,0.8747720589946556,0.13566224339613048,0.6832898447452683,-0.5826481535697493,0.7036960260863768,-0.8312518384807628,0.1639200301953199
2019-09-10,0.9462122449538842,0.3735662543611491,0.4955422825261209,-0.9697005770180388,0.8959301553604614,-1.334618372358631,0.06782199797082429
2019-09-11,0.2676335851950757,0.3036015386796147,-0.298495537653392,-0.8332719392961755,0.7403461144484098,-0.8837824281630341,-0.11732811113158355
2019-09-12,1.0851043691685596,0.13588317515191947,-0.0418006809848083,-1.0081007622113953,0.07508766898773404,-1.618206872127395,-0.22867218366923095
2019-09-13,1.788172411996492,0.15542419318728246,0.07728999787195229,-1.2148001837577793,-0.183875456709495,-1.583449257859627,-0.16020638254519579
2019-09-16,1.032345753278706,-0.0809704357864288,1.7053644055870552,-0.8605472921757419,0.3019428395599378,-1.010001344993547,0.18135565424499692
2019-09-17,0.7977994272443922,-0.1622001288563574,0.6403149614721827,-0.6072688191347759,-0.4607937861736792,-0.7688688680287074,-0.09350286891282415
2019-09-18,0.9102192518991766,-0.0160547699391011,0.3575485115836381,-0.6548390714000314,0.16391584242157542,-0.9862003133227442,-0.03756842479291441
2019-09-19,0.7527663387004743,0.17549855204935416,0.5065140347226414,-0.8319937683808288,-0.3993613401578249,-0.6267523548732827,-0.07055475632324443
2019-09-20,1.088483441369094,0.32087288258996827,0.5690210034102683,-0.5281803355106802,0.0717521570774357,-0.5045680015863775,0.1695635245582848
2019-09-23,1.4863212991056167,0.2122692881456167,0.9531180688514467,-0.7760128724963935,0.8606973935673436,-1.1399090282826887,0.26608069148182356
2019-09-24,1.2153149297477954,0.01731602013272194,0.7852767820506824,-0.6156597689738086,-0.033323062304772375,-0.6266870334855899,0.12370631119450481
2019-09-25,1.22012497729905,0.002114955241994948,0.3214882179399008,-1.3977924158977568,0.9578245723536231,-0.9879308170461266,0.019304914981780868
2019-09-26,0.6659361724879402,0.01639434961040862,0.12300339759450518,-1.283755847038487,0.9052443569873972,-0.8100638248091456,-0.06387356586123023
2019-09-27,0.846595472807529,0.4195902274047666,-0.16748008428512812,-1.2254575659797042,0.39549370721923727,-0.3007263139899272,-0.005330759470537775
2019-09-30,0.94824045169417,0.2851170154379337,-0.21242730466577833,-1.6926321596954093,0.21648516718358232,-0.709493729566003,-0.19411842660191744
2019-10-01,1.043557117528622,0.3883303001332703,-0.051121359166678225,-1.8339414712480373,-0.13465552003445613,-0.3727103827836798,-0.1600902192618265
2019-10-02,0.32118941831177295,-0.04678523714444583,-0.7343888590172614,-1.5458386849710146,0.3842412533063187,0.5452785111486996,-0.1793839330609884
2019-10-03,-0.42682392136890207,-0.1290996844073191,-0.7696932951405636,-0.8114184570682421,0.19875309874076416,0.4925186771796827,-0.24096059701076333
2019-10-04,-0.18918309459443278,-0.08474052312589328,-0.7241107588569584,-0.6611709140564294,0.15671097587431682,0.3330706643552377,-0.19490394173402656
2019-10-07,0.08323828853731982,0.008050122130242844,-0.9831142206840032,-0.7412961859778933,0.5190573560116861,0.4548719616988594,-0.10986544638063138
2019-10-08,-0.01774463302914821,-0.06123242970689058,-0.9078611065037987,-0.5296332982137658,0.6380201891527386,1.0742998281150211,0.03264142496902608
2019-10-09,0.12626615345797196,-0.17253458597027166,-0.5709834702448079,-0.44274618831717083,0.2016843468332391,0.8398298305801156,-0.003080652276820639
2019-10-10,0.3438676941359413,0.1428036928855511,-0.2052101639782638,-0.7325129349131283,0.11439990175592762,0.6768745005916786,0.056703781746284425
2019-10-11,-0.1777793582435459,-0.23766716274033323,0.11900518011740459,-0.8140849368550555,-0.3413326402648458,0.2829967146398371,-0.1948103672244231
2019-10-14,0.6213550239947151,-0.12444006972593766,-1.669094953343776,-0.8730622563604187,-0.6392196937974439,-0.2560838564550281,-0.49009096761464815
2019-10-15,0.5228348168843493,0.08171833884067581,-1.1776318883309285,-1.1735403340107293,-0.3408534613904686,-0.4696553912413765,-0.42618798654141293
2019-10-16,0.3987831610006979,0.07564035785010048,-0.8116171284597427,-1.02931569686373,-1.1110896020252685,-0.3079670964230687,-0.46426100082016863
2019-10-17,0.555672955270966,-0.018876234050080525,-0.681142043842661,-0.7912328646955945,-1.1834055504069312,-0.3080200679219087,-0.4045006342743684
2019-10-18,1.0616505042293138,0.1029963925412743,-0.6930565020722581,-1.0409323569026678,-1.8615371335534756,-0.5124757372225442,-0.4905591388300596
2019-10-21,1.1323593270188688,0.17197697801678466,-0.8915232870040678,-1.4572452560867817,-1.8676359735444068,-0.48663322146298904,-0.5664502388437653
2019-10-22,1.0371162864171761,0.22733473636676105,-0.41700058048063865,-1.618476891395372,-1.280757627177064,-0.8358379028524738,-0.48127032985360185
2019-10-23,1.4728610272811318,0.4380090632431845,0.18043075162710492,-0.972540350118264,-2.161932859997562,-0.7211164765361744,-0.2940481407500965
2019-10-24,1.8893214320577545,0.4572434535010894,0.26730138847988194,-0.8563524615094569,-2.1135381152610244,-0.8150392411091538,-0.19517725730681823
2019-10-25,1.6485796330994196,0.5301830182467315,0.4903320750133781,-0.6909129371337286,-1.7174974297578376,-1.258792563287815,-0.16635136730330866
2019-10-28,1.9283349194935169,0.7772048433770298,0.7372621640990655,-0.23210086290482324,-2.063154821129738,-0.971245834047339,0.029383401481285393
2019-10-29,2.15883117356258,0.6725567176198375,0.7817554903067977,-0.6120974967385495,-1.8166411352136123,-1.3176642952733681,-0.02220992428938573
2019-10-30,1.965304376119344,1.0983364444379833,0.906142813458856,-0.8614323366670539,-1.7233495801006893,-1.7074321545854008,-0.05373840622282681
2019-10-31,1.555456206154984,1.0754422601125528,0.7314995620472177,-0.6344349187565205,-1.8231943526414156,-1.3462756268846368,-0.07358447832796973
2019-11-01,1.6175139612074292,1.2776148755525814,1.1245256523924088,-0.6848186575770524,-1.8506220859627505,-1.2128757251274123,0.04522300341420068
2019-11-04,1.5737470034176038,1.2147177641306839,1.204970045357577,-0.5271145984236242,-1.710602138275345,-1.20836888251215,0.09122486561579086
2019-11-05,1.9668500916249045,1.1288513285330328,1.3828965953620087,-1.0449418531943138,-1.3330743593391707,-1.4528848967214485,0.10794948437750214
2019-11-06,1.5543050583659068,1.1603504792612682,1.1616065691970523,-1.038064591858345,-1.321861720647696,-1.3174899438891725,0.03314097507150234
2019-11-07,1.7288539920633132,1.134477401672153,1.092191758397813,-1.3150691738011422,-0.6652003257012913,-1.1224628592153412,0.142131798902584
2019-11-08,1.0315647814782851,1.4647807553325656,0.8177163691738562,-1.131352547794941,0.01284485897814958,-0.929898943725744,0.2109425455736953
2019-11-11,0.7541645849170724,1.261266907605308,0.9895063073667891,-1.3972812645649004,-0.3079347382121779,-0.5519284839666995,0.12463221885756536
2019-11-12,0.7619316881390985,1.0339265226450376,1.1556962407639635,-1.1826974131788723,-0.008142083205722008,-0.2895614680041964,0.2451922478598848
2019-11-13,0.9790615409108417,0.9082830010257091,1.078467530567384,-1.182358466568719,0.37105228897509407,-0.22863504746662805,0.320978474573947
2019-11-14,0.6601024890979122,0.6874658455739522,0.8469162587294987,-1.0645181772689385,0.5828513175980932,-0.233781601279492,0.24650602207517092
2019-11-15,0.3873404725926573,0.5851570731845602,1.0870582985733421,-1.0662937292263486,0.7728134313808397,-0.6143367769198647,0.19195646159753102
2019-11-18,0.04561267483177882,0.5889583528832394,1.0331496838886944,-0.8863283409623091,0.4841381634340056,-0.43142060785494646,0.13901832103674375
2019-11-19,0.6280451848651449,0.6800273883436,0.39896104197804283,-0.8263279856288616,0.33611595517193316,-0.42679735971600335,0.131670704168976
2019-11-20,0.028378541543491825,0.6614332171615447,0.40027089153971374,-0.9725412299938204,0.47317260708202497,-0.32725827375419053,0.04390929226312737
2019-11-21,-0.2717304818736073,0.6824858771922594,0.6552802674232818,-1.31639790442193,0.3552368344153171,-0.13963700957853994,-0.005793736140536507
2019-11-22,-0.04531060123828993,0.6624553416428465,0.37134328694557567,-1.3155877120770287,0.439430033375253,-0.058415510842495036,0.008985806300976902
2019-11-25,-0.14501838007131926,0.5505097869250771,0.6071985522968523,-1.2541354932448001,0.5734840791565273,-0.3258446898350867,0.0010323092045417537
2019-11-26,0.06793610664890465,0.7607605106710321,0.7469913446860158,-1.1311204441161908,0.5726767252368216,-0.44230514074647315,0.09582318373001834
2019-11-27,0.08196415970009921,0.7252718504788119,0.7806906177566362,-1.338460743378108,0.7847424085965049,-0.11533324063289133,0.15314584208684215
2019-11-29,0.2727411352830761,0.6964491840598045,0.30009819155437734,-1.4128254924372103,0.9502715414387523,-0.09367974747858782,0.11884246873670197
2019-12-02,-0.1262119816391009,0.6123215044641023,-0.0012062904783504982,-1.3889428141143068,0.6106199418172057,0.9594916145461002,0.11101199576594167
2019-12-03,-0.714304602251555,0.2743244018788448,-0.0629695319091508,-1.090334816815971,0.1751236759988673,1.0729380627446667,-0.05753713505904967
2019-12-04,-0.6073872398387864,0.16658692759039936,0.3007100753892652,-0.6752576715975602,-0.44280404281675434,0.5962087569054071,-0.11032386572800486
2019-12-05,-0.07870240608613278,0.13292224248193735,0.501041818084929,-0.7787498204921843,-0.6764975942206475,0.6711211235953555,-0.03814410610612381
2019-12-06,-0.09453832516987294,0.12280836645715125,0.47465987571055224,-0.6258521541256489,-0.5672058154088159,0.33889019931629083,-0.058539642203390564
2019-12-09,1.0825808644565644,0.15391637852402734,0.39713281556754637,-0.5643222104565935,-0.8610090667190002,1.3133761242470319,0.2536124842699294
2019-12-10,1.4611583847019791,0.3343494773147795,0.5341649049136652,-0.3931884483462173,-0.9460108029136746,0.9799741095296125,0.32840793753335734
2019-12-11,2.0850515006343744,0.4750071736097107,0.41747706557496167,-0.20195957248939678,-1.3268778672833779,0.7544267793155912,0.3671875132269773
2019-12-12,2.2219657795247922,0.6616217619063431,0.4271398410501084,-0.41960853494183636,-1.1192504099835228,0.30728967869294693,0.34652635270813864
2019-12-13,2.3056661455746195,0.7512986444201103,0.7455843938024846,-0.43270033358957244,-1.1339244761501317,-0.11565894207146155,0.35337757199767483
2019-12-16,2.5367861414241286,0.7850982028545517,0.5064325413502762,-0.3522728994243399,-1.06098874932148,0.04226118040571108,0.40955273621480787
2019-12-17,2.6816261906875165,0.7081227266530603,0.8867475868259723,-0.41523181162738776,-0.6899254851073733,-0.04408101447090673,0.5212096988268136
2019-12-18,2.0751489287852336,0.8875925002416121,1.4244890347973835,-0.4830607059914129,-0.5631230979738069,-0.07628263336687371,0.5441273377486894
2019-12-19,2.298463763232612,0.9295828544226861,0.9110786920246793,-0.36655931649840384,-0.645999345192652,-0.07905361076585497,0.5079188395371778
2019-12-20,2.315905645226018,0.9724046485160766,0.2710355297703375,-0.22369071503347027,-0.4089317163965413,-0.18121374507465854,0.4575849411679604
2019-12-23,1.9855012969397356,1.0206949358757134,0.5126952554963606,-0.0530043188130311,-0.800066703977945,0.09565898335710649,0.46024657481299003
2019-12-24,2.1961785651109262,1.0714807038642171,0.5985344379941714,0.4383712660806385,-0.8957099038073753,0.27487912015921523,0.6139556982336323
2019-12-26,2.1102604305452686,0.9018532095524907,0.6376578247645689,0.6071494709916379,-0.9146695401164463,0.38562468974553915,0.6213126809138432
2019-12-27,1.7469438511794668,0.8970772809189642,0.7411119678520449,0.8613561718459614,-1.8980247973757371,0.565026391943535,0.4855818110607058
2019-12-30,2.0026908840967805,0.8802213912074693,1.6215221768017976,0.6131353050745254,-1.9095608734866723,0.680106857587317,0.6480192902135363
2019-12-31,1.6920363484329608,0.5853937755968627,1.187036407929249,0.802150370685122,-1.8137419542438518,-0.34334877184612167,0.3515876960923703
2020-01-02,2.3859291784110668,0.6962066409261518,1.1839786441166302,0.5734792018707038,-1.1379693209602226,-0.9264049017631427,0.4625365737668645
2020-01-03,1.5229031553306982,0.9744440470317418,1.0066604408620963,1.1909429750113532,-1.0325060999976854,-0.25328535711606187,0.568193193520357
2020-01-06,1.467758988434496,1.1681166091754362,1.0624352802532728,1.4754098275784293,-0.9391126159005789,-0.22994447872737203,0.6674439351356138
2020-01-07,0.7755331462118928,0.8954928457951725,0.6936423079571878,1.9770618856854743,-0.8994213096947894,0.005867526076261184,0.5746960670051999
2020-01-08,0.5374410505912655,0.6272053358727052,-0.06940470764357165,1.6625401117841963,-0.45591224718989504,-0.6695932747296057,0.2720460447808492
2020-01-09,0.3453597279125279,0.6617034945818946,-0.12479652003760688,1.462354990102471,-0.01874404868657491,-0.8669521412412454,0.24315425043857766
2020-01-10,0.1385900774468603,0.7130504720813114,-0.11858097638063711,1.427509690392169,0.16264703970919359,-0.7133941105661115,0.2683036987804643
2020-01-13,0.5175617300516191,0.4099552237664917,-0.500597485154482,1.2947329784043067,-0.1319125644464425,-0.5273081198454822,0.1770719604626684
2020-01-14,0.7626105379698739,0.6608566161687952,-0.6950536618810863,0.9769663608923884,0.15436672380314148,-0.1326690351248752,0.2878462569713729
2020-01-15,0.2659641281222304,0.44009356757585183,-0.8417950770667104,1.1951065007436676,0.10300802460548167,0.0373111299226907,0.19994804565053528
2020-01-16,0.08827106252316069,0.7305862036837383,-0.8279089881655524,1.1451840044606811,0.04072429625226992,-0.04959913408309113,0.18787624077853446
2020-01-17,0.08837011247048007,0.4920017227869037,-0.8150813576646002,1.376911032215043,0.1478539346529048,-0.21634697339765746,0.17895141184384566
2020-01-21,-0.5877538474433797,0.47297591099737096,-0.9439889295612226,1.1890546942778373,0.05242502158469034,0.05151708591977018,0.039038322629177745
2020-01-22,-0.7012349778270708,0.23453210064846566,-1.1766864287850298,1.223444635272771,-0.2712887230549187,0.06133420445208939,-0.10498319821561553
2020-01-23,-1.178489908714998,-0.3664962103810743,-1.5060608612582178,1.2263160316064652,-0.00882606313339076,0.04120461152357413,-0.2987254000596069
2020-01-24,-1.7747154085387316,-0.6861361475618355,-2.0147751997506176,0.9894492163706753,0.21146048226260342,0.5290110808883178,-0.457617662721598
2020-01-27,-2.8081167292284914,-1.0095666035337882,-2.381343137909115,0.8782117126765272,0.4410405533739586,1.7114504182949708,-0.5280539643876565
2020-01-28,-2.6291224651874936,-1.3494274563815734,-2.2417698056959443,0.6259416575766752,1.3852394827342012,0.7519949317138189,-0.5761906092067193
2020-01-29,-2.697729085010009,-1.741160696412231,-2.2130806389676168,0.6219495456054653,1.5769600690709713,0.3082912191594937,-0.690794931092321
2020-01-30,-2.601297114351857,-1.3529074127268146,-2.311174569654059,0.7818779724037301,1.8910299213030755,0.3884481438606199,-0.5340038431942177
2020-01-31,-2.8345602273627017,-1.2993135000677731,-2.4221768663711885,0.6584865646831389,0.7039678635501209,1.979335982849116,-0.5357100304532145
2020-02-03,-2.552176863225482,-2.3177842827666977,-3.017702928698076,0.05739236974890974,1.2456358441115998,1.0371663398935334,-0.9245782534893691
2020-02-04,-2.2276918281721523,-2.36346695470459,-3.042128926810161,-0.7731246025931711,1.645625790461697,0.5695913092067301,-1.031865868768608
2020-02-05,-1.9510237009321538,-1.6327892228552605,-2.6076436103118596,-0.725084019459265,1.6116867971691147,0.32651455390979256,-0.8297232004132721
2020-02-06,-1.8811004335179784,-0.6762904960864081,-1.9873464085433452,-0.2961831117271243,1.4738584851592291,0.40561586504186703,-0.49357434994562666
2020-02-07,-2.0992300357330165,-1.0828740262699987,-2.1081591739200087,-0.10304916631793459,1.4918206010709432,0.9465819961993798,-0.49248496749510595
2020-02-10,-2.129226333427306,-1.46445413123081,-2.146799362229642,-0.08682734190354753,1.765697240118031,0.805057102190809,-0.5427588044137442
2020-02-11,-2.1532092842410546,-0.6961983490311793,-1.8471235163110857,-0.071973679674168,1.6183484703304205,1.0063287576606128,-0.35730460021107585
2020-02-12,-2.073336427707866,-0.9133876795224701,-1.5651326531048366,0.10113722201723298,1.9539925717445112,0.4508537226968246,-0.340978873979434
2020-02-13,-1.9011418769041613,-0.6254307573246123,-1.4029923277309972,0.07097355415773456,2.1066326637538664,0.6258735212636451,-0.1876808704640874
2020-02-14,-1.8553077941407394,-1.1197619697536374,-1.3826396520091502,0.3076965200380393,2.03794485128767,0.5191610435330473,-0.24881783350746164
2020-02-18,-1.7867305430434772,-1.471543499989971,-1.3661769154148466,0.47246044319804303,2.0562768057095395,1.0926652385111664,-0.16717474517159084
2020-02-19,-1.401672738312906,-1.7622649506335297,-1.036364142824315,0.690500977877932,2.26799314302805,0.5731085351200069,-0.11144986262412693
2020-02-20,-1.303073103136719,-1.6763584635983708,-0.5851372093556776,0.918044730298974,2.4955937853088446,1.0195900911822648,0.14477663844988595
2020-02-21,-0.8281867715835926,-1.3759629491110037,-0.4204483484837289,1.3104395796688328,1.6135231636003615,1.574269327042028,0.31227233352214956
2020-02-24,-0.7277177449478109,-1.4490389901153715,-0.5603196064135036,1.7472890549434938,1.4467681991191685,3.440520248805494,0.6495835268985783
2020-02-25,-0.002439151500087315,-1.0651243514632291,-0.6865394270898889,1.1085465118794817,0.9634880934457742,2.5508850171258795,0.47813611539965506
2020-02-26,-0.03792816083784872,-1.2094270517942216,-1.0396674170359517,1.1540683869176789,0.9191452663051637,3.2807193393902248,0.5111517271575076
2020-02-27,0.12982377354010666,-0.8242543319068767,-1.3869646863053722,1.1675288681141347,0.3430465859427129,5.740500901202151,0.8616135184311428
2020-02-28,0.16220420384070103,-0.9777997382903426,-1.6735989894148402,-0.7899322939922931,0.133622123762793,5.643082534317081,0.4162629733705165
2020-03-02,0.6538958224147466,-0.3355158736643849,-1.046448798246977,-0.1330449649852231,-0.17876651138699132,2.605513807383518,0.2609389135857814
2020-03-03,0.523676415467297,0.5193567223877156,-0.601128153795756,1.140006495765957,-0.8362349716631283,3.3766164749863528,0.6870488305247396
2020-03-04,0.3325433072551665,0.48339902552194075,-0.5780330828036776,1.76279300709934,-0.7895604698756219,3.0458199481890196,0.7094936225643612
2020-03-05,-0.023268588637209434,-0.07617513931111813,-1.046357580095465,2.1428184923771827,-1.6518149601976337,4.571141750640427,0.6527239957960306
2020-03-06,-0.25971651480196983,-1.2793133576263165,-2.176790057559967,2.0138445770174935,-2.7197202297628285,4.628188201938323,0.034415436534122414
2020-03-09,-0.3400656621986374,-1.1830583576999778,-4.200050231832811,1.9646819105568532,-3.7346960604377224,5.614556989792148,-0.3131052353033579
2020-03-10,-0.2394536668769473,-0.4526511907603269,-3.1778339994043012,1.4574683554200532,-2.3248137305616003,4.336646422567863,-0.06677296826920982
2020-03-11,-0.6723958195059861,-1.014640103136167,-3.3528965833531084,1.2584360032940793,-2.0717766271543256,4.690155122495396,-0.1938530012266854
2020-03-12,-1.0595857335320191,-1.4685424538815395,-3.59525045305526,0.07721432728916516,-1.443145161400876,6.709669625777896,-0.12993997480043884
2020-03-13,-1.2041363039548805,-1.3184842767945617,-3.383034547222042,-1.667947419068415,-0.2547684336056667,4.167825453940902,-0.6100909211174438
2020-03-16,-1.6808003286774853,-0.8494577382131764,-3.7479485706536604,-2.403788647073376,-0.9096963263087489,5.898148481216432,-0.615590521618336
2020-03-17,-2.316971687220564,-0.9395551993635257,-3.8061151419032244,-1.8948884469512797,0.16926222359901186,4.348642416657201,-0.7399376391970636
2020-03-18,-3.3711377440564445,-1.3473243677827564,-4.512775367641467,-2.8882793506139057,1.4860066005050026,4.201509234301596,-1.0720001658813296
2020-03-19,-2.838058669228661,-1.2833482587464897,-3.597310756053709,-2.901735382795139,2.6162396759294513,3.295394870135354,-0.7848030867931989
2020-03-20,-2.9191395618541027,-1.862990444365309,-3.7071447777672586,-3.1262545984683365,3.0850351186326295,2.4482821572232614,-1.0137020177665192
2020-03-23,-3.116125895941172,-2.1713145486796788,-3.2881531491202285,-2.05650871201568,2.673077844704369,1.0536562129240115,-1.1508947080213965
2020-03-24,-2.517012419143388,-2.1813725284818553,-2.9734152970631667,-0.00558543571666214,2.264515163373545,0.8008250679350684,-0.7686742415160763
2020-03-25,-2.1007962694819597,-2.1284513358172803,-2.7271855425786202,-0.3723794926465853,1.6379528537402857,0.8912054671726273,-0.7999423866019221
2020-03-26,-2.181480084927462,-2.355743411758714,-2.758616855879458,-0.06604162870080052,0.7664792850879927,0.14267901778528613,-1.075453946398859
2020-03-27,-2.0559038456263092,-2.1606589601382575,-2.6530368861736204,0.8497035379647215,0.16249813154835074,0.21110014631098886,-0.941049646019021
2020-03-30,-2.4897034326153342,-2.5984028766760656,-2.835694293416758,0.2747141165018402,1.4643460756691138,0.2776646844526151,-0.984512621014098
2020-03-31,-1.8516063622492056,-2.9088870460222704,-2.703439399597937,-1.3039863483526584,1.5110820391412976,0.025089114247564045,-1.2052913338055349
2020-04-01,-2.154560929275459,-3.1745518549872584,-2.605748622453816,-1.3809607216931883,1.8224948023160907,0.3410532564141211,-1.1920456782799185
2020-04-02,-1.8147266488045934,-2.842097802210311,-1.9179214425402311,-0.9805588982241229,2.583469199218002,-0.14770370434959468,-0.8532565494851417
2020-04-03,-1.8628858146339609,-2.5299819932319165,-1.1744386776195639,-0.909737979243019,3.424371149538311,-0.31265774433084637,-0.5608885099201658
2020-04-06,-1.438668052949332,-2.562203423754511,-0.3601193623454353,-0.2221567507844474,4.031526453144872,-0.5886998488019581,-0.19005349758180187
2020-04-07,-1.1589287756792832,-2.5708054539742906,-1.1478127053239735,-0.1673040680242569,2.329277363404845,-0.4339943329663467,-0.5249279954272177
2020-04-08,-1.0892918514947074,-2.7062295050322454,-0.7505413121022506,0.15526864386316827,2.2904590365863053,-0.6078270154125522,-0.45136033393204694
2020-04-09,-0.9133350552384057,-2.228171650561199,-0.9411270050916418,2.3419825824719216,1.2056780575051342,-0.8458034100980493,-0.23012941350204005
2020-04-13,-0.611111953218092,-2.308983490768754,-1.0124806391778947,3.745023606422705,0.23346423003262515,-0.6851243096536869,-0.10653542606051625
2020-04-14,-0.01312646139394479,-2.1754549046721174,-1.0262271931925704,4.204592933652341,0.3643306868482706,-0.9248666106157507,0.07154140843770475
2020-04-15,0.28463108668951476,-1.8502000698153165,-0.8268548938923915,2.8522844038885093,-0.2435588787063348,-0.8407643891212807,-0.10407712349288323
2020-04-16,1.270487495205676,-1.261685441213959,0.41874954436809275,3.4178212210498025,-0.8816853291729275,-0.8487259572134275,0.35249358883720944
2020-04-17,1.2986899907070546,-1.1365400736286586,-0.8864451163283669,2.7955826922481255,-1.9931432406845169,-0.8384422180841219,-0.12671632762841403
2020-04-20,1.2250545711053802,-0.8239316888240905,-8.547147237613878,2.774290456769822,-1.882069149398296,-0.7063419087016758,-1.3266908261104564
2020-04-21,1.2672253458508715,-0.5422314529517693,-1.4645927887128671,1.1285645763947811,-1.488078872118544,-0.633664193167135,-0.2887962307841105
2020-04-22,1.043553621385015,-0.19155536568042664,-0.9690894367840258,0.48162058006881914,-0.9567404448399033,-0.6852290191916017,-0.21290667750702055
2020-04-23,0.8333363497489789,-0.15439279534376205,-0.6307780201644285,0.910157255568376,-0.5119940587082915,-0.7152763395076244,-0.044824601401125264
2020-04-24,1.155543900648548,0.0478219406286762,-0.3739392631879451,0.5265989668687722,0.46543427723717534,-0.7676075722351067,0.17564204166001995
2020-04-27,1.4385542318344784,-0.09123696565275716,-0.8750758752881634,0.7248779246674284,0.9107993144410081,-0.8410282095486908,0.21114840340888388
2020-04-28,1.6450882924260857,-0.039313856741066126,-0.79714253753789,0.7226326896215816,0.2709939946006193,-0.7627714739491783,0.17324785140335872
2020-04-29,1.074584597725375,0.35720857563054537,-0.3908623421052592,1.162426966261745,0.15319774212874826,-0.7648117384320069,0.2652906335348579
2020-04-30,1.2628079144114863,0.5267746105986153,0.24584049465925892,0.9642309522829798,-0.6009295529266194,-0.7490365507163654,0.27494797805155924
2020-05-01,0.766361476212967,0.45609347226497976,-0.2306297102227338,0.426957134756413,-1.0637451041923565,-0.6247361168685535,-0.044949808008213986
2020-05-04,0.9489343784130226,0.5205250215220336,-0.42664532849436676,0.47277389982727447,-0.8869165618374067,-0.5892430906483795,0.0065713864636962604
2020-05-05,0.8889429845851478,0.8786838607178801,0.31187995557699166,-0.13684598780478513,-0.8156944786388137,-0.6139293465063751,0.0855061646550076
2020-05-06,0.6187567266030702,0.5926062698262646,0.5573860109879938,-0.237690688751261,-0.12989956298292865,-0.6257913327893035,0.12922790381563923
2020-05-07,0.8880632813513244,0.9350531992872464,0.3079936725464209,0.22921816143427684,-0.35484938473617567,-0.6317590465351033,0.22895331389133167
2020-05-08,1.0283262207820518,0.8181126920511804,0.8002692009222803,-0.8175420873052616,-0.07725393389178126,-0.6830078110717632,0.1781507135811177
2020-05-11,0.5988699536545844,0.8777820313731269,0.7673155571003881,-1.0972480725882912,0.36000709794745506,-0.6841245192669249,0.1371003413700564
2020-05-12,0.31118477226374264,0.4789120856511779,1.4315981873839225,-1.1217395805214745,0.45578924566988555,-0.4892826136806618,0.1777436827944321
2020-05-13,0.4511583675673505,0.45475940585594654,1.3876692250316833,-0.6562482087631498,0.2768861798841657,-0.4998434314470472,0.23573025635482484
2020-05-14,0.511803048947441,0.10448452634006629,1.7366301058189402,-0.2778395960863745,0.0510814540876061,-0.5471586994958847,0.2631668066019657
2020-05-15,0.11464777224195209,0.06938272618973525,2.3968592107514617,0.30653795528030037,0.1676516268022215,-0.5242464178624966,0.421805478900529
2020-05-18,0.6532542913545183,0.4536036256761167,-4.835605748484666,-0.13374754909942582,-0.41969824554344126,-0.6809175580228367,-0.8271851973532892
2020-05-19,1.179333444223674,0.5199201659202359,5.839297725930607,0.3219917379412435,-0.7973418425462576,-0.6754355268974799,1.0646276174286706
2020-05-20,1.1091655572900978,0.4374420182972966,3.6139772240616104,-0.2566031457306582,-1.0284077875277104,-0.6783902500959772,0.53286393604911
2020-05-21,0.9678936240558927,0.6925882267034303,2.6505803010710025,-0.6891664791704626,-0.8833217246140351,-0.6320467055943981,0.35108787374190503
2020-05-22,0.5625422207843219,0.46450441222488714,2.370070461911689,-0.39442037719476214,-0.5322184964199606,-0.5642173474412964,0.31771014564414646
2020-05-26,0.526678507647004,0.6990593285998551,3.7123631667174473,-0.6285835417020761,-0.9141466959438979,-0.5084212046295855,0.48115826011479107
2020-05-27,0.33430095899069945,0.9355453245791386,3.448023142932656,-0.54717626689673,-0.7025571224206174,-0.5246762818032398,0.49057662589698453
2020-05-28,0.41833610203533766,1.0380105414204244,2.5322622017612773,-0.4245503025765152,-0.9357060279740407,-0.43685464745082314,0.3652496445359434
2020-05-29,0.6141633536619551,1.231384179498535,1.8139862702452123,0.12376421649442386,-0.6049260464866624,-0.5404155037163808,0.4396594116161805
2020-06-01,1.1018665786404502,1.3047879651117544,1.6115664331364132,-0.011138203864067622,-0.7820014961703303,-0.5826091481632041,0.44041202144850256
2020-06-02,1.1710266877284203,1.775678572742125,1.6084691173190822,-0.3471511856148458,-1.2917188569370388,-0.592797161559688,0.38725119561300914
2020-06-03,1.063993147890761,1.9204387237527245,1.0628639103800057,-0.6783205586357449,-1.6478779840810918,-0.5723582019607948,0.19145650622430996
2020-06-04,0.9610883666566131,1.9018699714120595,1.1247541429955552,-0.1411113428855589,-2.191157480838969,-0.5745987684703157,0.18014081481156397
2020-06-05,1.1097868039437204,2.221330657950184,1.3265074460354476,-1.185659500894054,-1.874595166313766,-0.5492735442753856,0.1746827827410243
2020-06-08,1.0328586406961897,2.4407393343696735,1.0663470416610497,-0.7474118587970342,-1.9335415746995652,-0.4128845704539107,0.24101783546273378
2020-06-09,1.3421338593707886,2.2568763676831898,1.1777463640645702,-0.34435724148079966,-2.336074722741465,-0.3391874071311269,0.2928562032941929
2020-06-10,1.7596558576844292,2.6332713291362615,1.0268838050659517,-0.48466541371840505,-2.308192039570823,-0.49118665746127715,0.3559611468560228
2020-06-11,1.4222819634501038,2.213138138648378,0.8403475218138994,-0.36662565581704865,-1.9969102708098152,-0.1875852057854274,0.3207744152500149
2020-06-12,1.478211438037671,2.1576728308808093,0.6176526725619099,-0.7114806074103353,-1.7636486126447188,-0.23357232066537437,0.2574725667933269
2020-06-15,1.3914342019014956,1.712891331012155,0.5164064271992854,-1.0125377704189382,-2.035643127947906,-0.25999387772051696,0.05209286400426244
2020-06-16,0.9562791755693478,1.7705150861653036,0.41527468910596305,-0.6201289991781311,-1.4784058328068457,-0.19510143607067237,0.1414054471308276
2020-06-17,0.9924562689595607,1.8848124018952515,0.3450362103247007,-0.7793848175189885,-1.1989931889249648,-0.24559114333378795,0.16638928856696195
2020-06-18,0.7439313149803027,1.6569171830530087,0.3288631206381316,-0.9105388789660674,-0.9169588592599901,-0.17119324392125346,0.12183677275402201
2020-06-19,0.9546698876314494,1.273381367250376,0.3494887913587273,-0.2603003063931839,-0.9330685796547753,-0.1611049852898413,0.2038443624837921
2020-06-22,1.4074578152605692,1.5929463503194343,0.4275918522546201,-0.30700131230909083,-1.48012709054224,-0.21991074136640637,0.23682614560281448
2020-06-23,1.2554845013620606,1.3056893962900502,0.35106083471303495,0.28063598205178003,-1.1577118884179791,-0.22902135400570398,0.3010229119988738
2020-06-24,1.4036050872483368,0.9534392174997884,0.3194214058695258,0.12137080477129106,-0.9815484997932455,-0.1312920300744138,0.2808326642535471
2020-06-25,1.3972850783867765,0.6940632504369951,0.30036089979598246,0.03342351125451859,-0.4732241515956519,-0.22447905498329837,0.2879049222158871
2020-06-26,1.3611308480258637,0.9709734054408312,0.1855152967050665,-0.1415068525120005,-0.4136685290967503,-0.09785736813701594,0.3107644667376657
2020-06-29,1.1245547222101733,1.033505321373094,0.24833876128111915,-0.12033270000508647,-0.12551604818297693,-0.2267858053495055,0.3222940418878029
2020-06-30,1.1829858090447205,1.0001960889885395,0.15381212522836601,0.27847032902574337,-0.1259978721340675,-0.2189126815990396,0.37842563309237714
2020-07-01,1.1836985535722537,0.8404327724257314,0.1559668157560439,0.39087826292055394,-0.02391192699721306,-0.2378290668492613,0.38487256847135143
2020-07-02,1.2834104917382132,0.8525752460672252,0.18952131926461327,0.2445805771296452,0.36405266048078555,-0.2807909841537792,0.44222488508778396
2020-07-06,1.0938097941961673,0.5441581403354356,0.0843861648096772,0.8862458038345765,-0.07186678866075051,-0.21896623892076117,0.3862944792657242
2020-07-07,1.1243947916048012,0.22456900065676605,0.14952149679174107,0.7829484111188901,0.1487572844390985,-0.2197249909885739,0.3684109989371205
2020-07-08,1.0863194944501247,0.6428402795334556,0.12590702854496416,0.7092501567810778,0.06298322165584123,-0.33498500261286074,0.3820525297254338
2020-07-09,0.8574829438542937,0.3454928353642653,0.037062056923611676,0.5213287752058556,0.40700536717434294,-0.29627691086618246,0.31201584460936443
2020-07-10,1.478436178110247,0.8803530144692155,0.2414159930172838,0.2607092850542739,-0.04578369648747771,-0.6663062762707828,0.35813741631546
2020-07-13,1.6303860827950718,0.8693414114666581,0.2221793107896114,0.46480777567414033,-0.4660392373559151,-0.45587659046585677,0.37746645881728497
2020-07-14,1.6556805061949378,1.0521574357417518,0.1840836657533206,0.5827375470802312,-0.2260680114759952,-0.4876267634090472,0.4601607299808665
2020-07-15,1.4364061769619962,0.6170886205010854,0.16131315611107058,0.4662183300224,-0.4719232896630848,-0.5180393888821975,0.28184393417521164
2020-07-16,1.3548077190614816,0.6109760472587097,0.15973277903406422,0.31002772260134337,-0.42826042132537984,-0.5048994320590378,0.25039740242853026
2020-07-17,1.3472325899610489,0.5747626221262017,0.10777729768132066,0.4942412891078908,-0.7824716578175309,-0.556658701749062,0.1974805732183115
2020-07-20,1.2592028750357673,0.8653899770795266,0.07402990377841866,0.31206066433048707,-0.9367553320296356,-0.6325487373209017,0.15689655847894374
2020-07-21,1.230125752712108,0.959422744028194,0.09140573138547049,0.5076638273755831,-1.0002745404668418,-0.5496743584247784,0.20644485943495586
2020-07-22,1.0515496466007186,1.0271758932404162,0.09147518315936512,0.578486214605554,-0.8861444588354008,-0.5535177814025996,0.2181707828946756
2020-07-23,1.1490106168765335,1.336494680808224,0.16519159422449192,0.9753228392758824,-1.261050728670997,-0.55542530556469,0.30159061615824084
2020-07-24,0.8938348984217807,1.3515288808535293,0.1374438480331702,1.1199377830451134,-1.5122687807866337,-0.5228750558363013,0.24460026228844303
2020-07-27,0.8613332874296904,1.1299542121999555,0.16009576186478294,1.384920556107009,-1.9086848482109782,-0.6008658340201759,0.17112552256171396
2020-07-28,0.8852971531774985,1.2251466010054983,0.07378821573458656,1.5005178047814383,-1.8393605329381277,-0.5145049215578663,0.2218140533671713
2020-07-29,0.7177383487804554,0.9806973803689871,0.10182167623313154,1.3453788869330983,-1.9732013131285377,-0.519704030020308,0.10878849152780441
2020-07-30,0.6850644912050037,0.9601219390054487,0.013291248478784233,1.451576125994183,-1.9552044458136142,-0.4489306092769198,0.11765312493214759
2020-07-31,0.40437001936070366,0.9994979648645925,-0.009982276518001132,1.5314826559933123,-1.7393279187894004,-0.4266293077988275,0.12656852285206321
2020-08-03,0.4566848646363758,1.3894089449396663,0.02038658999834915,1.4837276207757928,-1.4536670846966522,-0.43695958812254454,0.2432635579218312
2020-08-04,0.27209278991281066,1.7374882518060666,0.04777397418083654,1.660412582055722,-1.5267422259258088,-0.4916060159503182,0.28323655934655145
2020-08-05,0.23713099645179983,1.2677667848517227,0.05350098972247574,1.8203986453048535,-1.5539364318364668,-0.4785331140129973,0.2243879784135646
2020-08-06,0.143517294235363,1.3906736762664478,0.09940531666445715,2.202904308042605,-1.6659735608707913,-0.5172420768921756,0.27554749290765096
2020-08-07,-0.5947523748517475,1.1102338746649907,0.0213152708467908,1.7094902640006198,-1.3052714827289655,-0.47661640580581616,0.07739985768764532
2020-08-10,-0.5431906039344578,1.2144109430742693,0.07096171056775076,1.6743952978946353,-1.1304106503407847,-0.5898528658103436,0.11605230524184486
2020-08-11,-0.39236015659733314,1.3771876793281486,0.045021633039305946,0.657392730661783,-0.9964597372195064,-0.4685535966416763,0.03703809209512027
2020-08-12,-0.1486175995438636,1.484860984112208,0.04802525906572027,0.6642604695045963,-0.9879071997796903,-0.4765599426026409,0.0973436617927216
2020-08-13,-0.5778036717533417,1.0861646754310912,0.04752748876096939,1.0405814671101974,-1.1448948475838465,-0.48495119953196025,-0.005562681261148422
2020-08-14,-0.37099826395339525,0.7701889986041301,0.0426341335984743,0.7007096367642297,-1.0519452711648207,-0.4194406672781852,-0.054808572238261154
2020-08-17,-0.24721394239613945,0.8893795778760104,0.06898606547984387,1.1196688854751424,-1.1042472651861026,-0.4033993952930643,0.05386232099261506
2020-08-18,-0.1254590023472194,0.9457152604574163,0.015819191108250332,0.952067654848779,-1.0353597875635705,-0.40772380272751507,0.05750991896269011
2020-08-19,0.21523519129198165,1.1893161159010472,0.01906309719599567,0.2730226233675594,-0.645726591691639,-0.34908854509673043,0.11697031516136909
2020-08-20,-0.07402079608760007,1.0337533253497466,0.03981625763096447,-0.2547446214094635,-0.5478594333328166,-0.3971265134309269,-0.03336363021334934
2020-08-21,-0.13750646644194758,0.8084798818630121,0.01840895238724148,-0.32663641834308627,-0.18501712134785706,-0.38985856158619814,-0.035354955578139245
2020-08-24,-0.12584376861460958,0.664501864233987,0.015561328619417183,-0.7379599568331697,0.23263817298355868,-0.355610062053951,-0.051118736944127906
2020-08-25,-0.16493958841869388,0.49496776657371244,0.07045793886135535,-1.0224563792917112,0.05143318127173312,-0.38492680207846697,-0.15924398051367852
2020-08-26,-0.043739939374054335,0.4842618608077109,0.059257641752491215,-0.8099536658125633,0.3041335098330341,-0.2833775689665866,-0.048236360293328014
2020-08-27,-0.016437436718875972,0.4724707870617116,0.10420160841564685,-0.8904016561373337,0.4287743659684327,-0.2519127975045645,-0.025550854819163832
2020-08-28,0.3215645964830465,0.7310771062024838,0.08200150641616619,-0.6636895210124614,-0.1363468007175937,-0.2922674776384234,0.0070565682888696635
2020-08-31,0.29624190164796926,0.338754425719518,0.030320122755980297,-0.6583480753850881,-0.2564266934648779,-0.14603192544675733,-0.06591504069554265
2020-09-01,0.24041079720514316,0.2264588035858731,0.004751651158083241,-0.9803671140498618,-0.09105183822843982,-0.1287565877068571,-0.12142571467267653
2020-09-02,0.1091922977184161,0.08345502164733513,-0.07092876988702237,-1.553448017827267,0.44781683217550317,-0.06535621243705023,-0.17487814143501415
2020-09-03,-0.06323223681052575,-0.0601067146493958,-0.06936211569847119,-1.7606131212118266,0.4027769559892902,0.2566910829757033,-0.21564102490087098
2020-09-04,0.8601665791046882,0.04960992881287123,-0.1128747033773025,-1.4020288346236278,0.0470728945165048,0.1820491649203237,-0.06266749510775708
2020-09-08,0.3738832249369405,0.05150329698995201,-0.2747711874383931,-1.4194191030572547,0.36028261811533685,0.23481680053368717,-0.11228405831995524
2020-09-09,0.42410734204679895,-0.10697092548257217,-0.21036208712839835,-0.4478578448873886,0.2135940114190916,0.03417775373237551,-0.015551958383348856
2020-09-10,0.11334913150028585,0.013199363590563108,-0.28733185699617114,-0.3774933723872684,0.34796363153877335,0.2210558939380734,0.00512379853070936
2020-09-11,0.704637176546706,0.17589470148673694,-0.27432855263701095,-0.7532636862120573,0.3934385622000512,0.12036761846851042,0.06112430330882271
2020-09-14,0.5864497599027457,0.6550442762383039,-0.27417370921290823,-0.4298927850917049,0.3788956108076425,0.1355267226012023,0.1753083125408802
2020-09-15,0.35834274504336155,0.34597797358990756,-0.27032767632113625,-0.8738782098185073,0.4987331659163838,0.24217773336584514,0.05017095529597576
2020-09-16,-0.022971569211389178,0.0837208463139348,-0.1995777536311749,-0.9967011024144744,0.8929615868620434,0.3819067771539683,0.023223130845484673
2020-09-17,-0.22780040787858927,-0.29428554298305604,-0.174416672582995,-0.8279030320759643,0.45550757515970774,0.4593929133263644,-0.10158419450575544
2020-09-18,0.2022720529378392,-0.1443310987865086,-0.16275249476285883,-0.4804706996507049,0.5102128711600248,0.534649714848669,0.07659672429107678
2020-09-21,0.05940473435682317,-0.06463860078090646,-0.23941824860982,-1.0436566483443896,0.61177591677598,0.9246254294591147,0.04134876380946698
2020-09-22,0.14186973451056475,-0.0013277488711756014,-0.245800537942714,-0.9923493360784967,0.8484408149865094,0.9091005165826197,0.10998890719788457
2020-09-23,-0.26951430319611797,-0.22119435850340505,-0.2681144315084776,-1.2315249907213173,1.2334461922825275,1.401926670628135,0.10750412983022413
2020-09-24,-0.58840524571967,-0.3486767799059064,-0.2611607911732968,-1.4222548028959558,1.2125374114851573,1.1563450383465625,-0.041935861643851546
2020-09-25,-0.6346314255233346,-0.26821363048459884,-0.257556093749108,-1.3191381278862708,1.3267781339298472,0.6168960084759074,-0.08931085587292627
2020-09-28,-0.7690459189976331,-0.34767091816406726,-0.24841114110099333,-1.5651866802636603,1.5084396022398816,0.9218909081664941,-0.08333069135332964
2020-09-29,-1.1199766240809672,-0.18976799522565574,-0.30083150536572517,-1.3752741022032402,1.4337952933846785,0.33294911465741406,-0.20318430313891592
2020-09-30,-0.7240948027591142,-0.46862573499326965,-0.27468463780506336,-1.4488160076488856,1.3292974366899464,0.4477826701585055,-0.18985684605964684
2020-10-01,-1.8065003688045582,-0.643534586399774,-0.29671111588477483,-0.9021682986316907,0.9681734902628528,0.4414663273283334,-0.3732124253549352
2020-10-02,-0.8195523368926279,-0.15944030158323852,-0.37256910949264116,-0.920077412903218,1.1567518730051498,-0.3838339800503922,-0.24978687798616137
2020-10-05,-1.594745502070776,-0.2376314057259375,-0.19948962141562354,-0.7523763885261993,1.0579709090679508,0.012079642367534841,-0.2856987277171751
2020-10-06,-1.4126064804294745,-0.47391768152643426,0.027185651633645582,-0.9584290273213056,0.8210655972774111,0.14151361894789133,-0.30919805356971103
2020-10-07,-1.161610377651885,-0.04805719183572222,-0.0871031946538339,-1.2415174519280623,0.8755776618215458,0.30490352088941347,-0.22630117222642399
2020-10-08,-0.7373080771375347,0.14096993100453373,0.01284904192976156,-1.2637083661612045,0.8290332602788837,-0.10678843112340328,-0.18749210686816056
2020-10-09,-0.8566677966554266,0.8955830641950047,-0.025683408627821702,-0.7765019899815891,0.47882162081253465,0.08585427355344223,-0.03309903945064265
2020-10-12,-1.282598307262858,0.6427312821019788,-0.08886178431311187,-0.9037311294139355,0.6639590500126342,0.25513776049020503,-0.11889385473084786
2020-10-13,-1.4011929099645994,0.7216990229498118,-0.10979803055691309,-1.2921946098695207,0.9782141784165658,0.47496373362723754,-0.10471810256623632
2020-10-14,-1.298580112686395,0.5837531030499215,-0.16603117575011223,-1.1971899795332768,0.763810180555151,0.4387118579040118,-0.14592102107678326
2020-10-15,-1.0649442962481082,0.877304766173153,-0.21430289398592284,-0.9483626838681672,1.2220402016057683,0.45273518385273687,0.054078379588243304
2020-10-16,-1.5496662994278203,0.8123640345857228,-0.3062207385731886,-1.11175126875429,1.111578204014137,0.6474857477769743,-0.06603505339641079
2020-10-19,-0.7458438134675787,0.8079764276453307,-0.21926744262030284,-0.4302304959397769,0.5321511087386839,0.5830218678800188,0.08796794203939583
2020-10-20,-0.4819866465118788,0.4418386407667253,-0.21023551068768842,-0.3430731408884456,-0.0008744362051798561,0.7804194469507739,0.031014725570717754
2020-10-21,0.4724110086652935,0.9348746172352281,-0.31981302151015595,0.3268993847345892,-0.5537125526088744,0.3178450002510084,0.1964174061278481
2020-10-22,0.32289423938822703,1.040829594674119,-0.31234074310665133,-0.06989067310568979,-0.29559046644940706,0.2217059054424256,0.15126797614050394
2020-10-23,0.09484391829506876,0.8164086391340373,-0.36377105321384157,0.0827620827923383,-0.5498850028927951,0.507474138730858,0.09797212047427763
2020-10-26,-0.3369418612719665,0.047131492527892456,-0.4663675661877363,-0.09472201971342517,-0.14619059665706355,1.5025143863934385,0.08423730584852324
2020-10-27,-0.26901046275376944,-0.42156242139355793,-0.3381713543166656,-0.2788382918324321,0.03265279077072647,1.638355858531178,0.060571019834246544
2020-10-28,-0.8993362033960653,-0.5282856965613718,-0.5203156991337317,-0.5894598564826627,0.34806566136874834,2.8940445880327528,0.1174521323046116
2020-10-29,0.47557509042144225,-0.038395265783530794,-0.5136014465748735,-0.9645310559683395,0.8289741193934715,2.219047852523605,0.3345115490019625
2020-10-30,-0.5938917889452929,-0.2418314515588842,-0.4447255452592978,-0.7069968333047506,0.7866837420454512,2.008404777012199,0.13460714999823745
2020-11-02,-0.23105536009329866,0.5197716001415554,-0.5094840574405687,-0.6899676366823813,1.0037690245332285,1.7326496748535902,0.3042805408853542
2020-11-03,-0.12679331249615133,1.1364235416856194,-0.5370981889042769,-0.3240237609599773,0.4582708100947413,1.108161647390947,0.28582345613515037
2020-11-04,-0.5866624692433161,0.8224510684008115,-0.41056535959676527,-0.27294009734229396,0.4980538109966382,0.3399218966783393,0.06504314164890228
2020-11-05,-0.6121740134915111,0.05771227937879735,-0.49771219784466164,0.28956884220512125,-0.07093025671404471,0.2901004519513481,-0.0905724824191585
2020-11-06,-0.5618954059562905,-0.596523885312239,-0.5576458876814799,-0.04932554043004397,0.10302632004115352,0.014681255132536956,-0.27461385736772714
2020-11-09,-0.39732246575605246,-0.7926015600885102,-0.3005112717267003,-1.2834137673755825,0.44564399670204535,0.17609706478449202,-0.3586846672433847
2020-11-10,-0.2566833080055368,-0.5402179275401878,-0.27935091451807226,-0.5932838915364403,0.1567009592539884,-0.2161662560005455,-0.2881668897244657
2020-11-11,-0.472623341989072,-0.3478086362533944,-0.31704519416839283,-0.9261581366743444,0.4625374905035982,-0.5437322312140391,-0.3574716749659408
2020-11-12,-0.6600848133450999,-0.27424736433410407,-0.3214746245240469,-0.7900393367349191,0.08962701792522851,-0.2829909283838121,-0.3732016748994589
2020-11-13,-0.2525955841035935,-0.37386905662670483,-0.45040631662505315,-0.5924265293518843,0.07830849777704145,-0.7979582678882939,-0.3981578761364147
2020-11-16,-0.024629103410133135,0.3375780048856281,-0.3711480502940044,-0.6317672869872036,0.11820420271262042,-1.1904677280092781,-0.29370499351706175
2020-11-17,-0.7116227613546657,1.1013298519096746,-0.40160787315121255,-0.7087978294427678,0.25848851069842105,-1.1795678147937245,-0.2736296526890458
2020-11-18,-1.084654665690115,1.1915166720553052,-0.23943038912962006,-1.0078085281509035,0.5026226093806861,-0.8826338164722349,-0.25339801966781367
2020-11-19,-0.6923742123049491,1.0473976667300529,-0.2823233477339924,-0.8710425050007268,0.2479803440294518,-0.9387017406701296,-0.2481772991583822
2020-11-20,0.20311698425108943,1.0409540430236044,-0.15219466998168704,-0.7374996567694002,0.4375720493248198,-0.7377286546340841,0.009036682535723706
2020-11-23,0.2345579127242007,0.8455654849500512,0.15158957382880506,-1.1609322284985484,0.3263631558655569,-1.5826075915066784,-0.19757728210610215
2020-11-24,0.534845899111257,1.2123660501116356,0.31801475468058077,-1.6065117587099675,0.20594105546663397,-1.8080240498307627,-0.19056134152843715
2020-11-25,0.9027008461497451,1.2573810440916826,0.8820993901351692,-1.1988187190679438,-0.27653787763601656,-2.3814664166207464,-0.13577362215801833
2020-11-27,1.6254641799140255,2.017770623942186,1.19796841400088,-1.343192021030518,-0.7758806679298743,-2.204653405887658,0.08624618716817352
2020-11-30,1.8367825766429393,2.3457448895002364,1.3884651168956004,-1.5282701505725447,-0.7709412816981475,-2.2317105642163684,0.17334509775861937
2020-12-01,1.90582344330909,1.8492972854204726,1.0589007738665983,-1.2047762371778177,-1.1540570140341335,-2.1049503717510634,0.05837297993885763
2020-12-02,1.8065513168282747,1.3698000194598519,1.0730295517295383,-1.2531779393025337,-0.9610470784530757,-1.9034875481823519,0.02194472034661732
2020-12-03,1.6908178341835773,0.6115630818529192,0.9119677122671178,-0.965472508333042,-1.1500862571093744,-1.2952754668499757,-0.03274760066479624
2020-12-04,1.8843659943206044,1.2432625718917438,1.222878390788271,-1.5155105645301616,-0.5721757647600133,-1.1182624650567556,0.19075969377561483
2020-12-07,1.4679645958741834,0.590959966185301,1.7390217133197858,-1.2581761444082085,-0.3191757259904723,-0.6157841801419618,0.26746837080643787
2020-12-08,1.3528437226507264,0.22968883676378293,0.9062358214261551,-0.05758737941931736,-0.5579885096325823,-0.8719707115629695,0.1668702967042992
2020-12-09,1.4557192821537153,1.023811085756537,0.6569957291064267,-0.7346154183166124,-0.4999881771965662,-0.40710937275355774,0.24913552145832374
2020-12-10,2.0563749367250432,1.2671127034538314,1.0150806622516457,-0.5754188859020131,-0.9293973244157855,-0.1014232605604671,0.4553881385920424
2020-12-11,1.597022774425301,0.42955789961913265,1.0949159547098595,-0.6401797079808854,-0.7517484026222284,-0.29227885246226426,0.23954827761481914
2020-12-14,1.3099430561214669,0.9285337455923223,1.5532311746131036,-0.9099418268287127,-0.8112205663467421,0.43811457976836626,0.4181100271533007
2020-12-15,1.0700582891241286,-0.006873949683093108,1.3351993185206494,-0.6533146967825659,-0.8507760401948767,0.1970451019880856,0.18188967049538804
2020-12-16,1.339504890826438,-0.061607432529765326,1.36391965368246,-0.5776766065195064,-0.753968622002935,0.0648496776833228,0.22917026019000233
2020-12-17,1.5978849485427147,-0.06999507206125496,1.3935347429919889,-0.08966302631031864,-1.1369273759977914,-0.2700432093105065,0.23746516797580533
2020-12-18,1.7516023419500908,0.39664628070796726,1.6432455788841962,0.038670990706770714,-0.9724376829970807,-0.19718569494867347,0.44342363571721183
2020-12-21,0.7191126816646075,-0.3026342338993706,1.136645927745945,-0.16614194782252156,-1.026361608253486,0.43228188802622264,0.1321504512435662
2020-12-22,0.6050618186648322,-0.3538541163552418,0.6637968433255638,0.10133456939548292,-0.663728386290506,0.4784225424044342,0.1385055451907609
2020-12-23,0.5479411614104923,-0.31193950446027713,0.42861430710650167,0.601572823816934,-0.6319781714611603,0.5198108598016712,0.19233691270236028
2020-12-24,0.5220432750124199,-0.08639392046931017,0.23468495756398688,0.6484550936761114,-0.5119301413293221,0.21614985372062587,0.17050151969575197
2020-12-28,-0.013635403144579868,-0.6571367277764408,0.13100962062914615,0.909401054273623,-0.35294901269343615,0.3596329074152637,0.062720406450596
2020-12-29,-0.25617651243292655,-1.9835143994515707,0.28653045941599387,1.0135829501253668,-0.6447104372463506,0.7620954159019883,-0.1370320872812498
2020-12-30,-0.6215796319709084,-1.948994692684921,0.6205305343221297,0.6644071354915987,-0.5105583624830836,0.6351377856504711,-0.19350953861245226
2020-12-31,-0.8369369455550582,-2.575658500692496,0.442321017861209,0.546302032650164,-0.13146633025087787,0.527190467336518,-0.33804137644175675
2021-01-04,-0.6051833867550636,-1.38588330332959,0.09937778878715393,1.021245826789625,0.13185225213652624,1.4730692889899075,0.1224130777697598
2021-01-05,-0.2723314317994883,-1.2703115575938189,0.5331798743986671,1.126359905025324,-0.1835090161370886,1.2258301479482876,0.19320298697364713
2021-01-06,-0.1695513045401944,-1.021347812751282,0.8534594066243419,0.2804490096574132,-0.17488955435058853,1.0091703497236522,0.12954834906055704
2021-01-07,0.2159440145868235,-0.5391048158219591,0.939689150769038,0.241550672210687,-0.0718459659528516,0.5399577180938286,0.22103179564759443
2021-01-08,-0.00454761103123288,-1.6451450681872883,1.3286038746704183,-0.24144417848582586,0.048822008596834866,-0.030030194941308028,-0.09062352822973364
2021-01-11,-1.087587385650834,-2.2360880437155877,0.9582816131237776,-0.038538498832579204,0.6071950534568853,0.4642921698269387,-0.22207418196523324
2021-01-12,-0.5150490747971553,-1.3451771497580012,1.254045396133309,-0.1843386288589059,0.09347794255241655,0.11979366790434903,-0.09620797447066469
2021-01-13,-0.41129556113964194,-1.978485247226497,1.0472187714558483,0.08359361338810807,0.500819985545413,-0.39189229195074415,-0.19167345498791896
2021-01-14,-0.17235185408098555,-1.7059773826105418,1.0264029661510146,-0.23294684350773393,0.6184538687641726,0.1842584732956894,-0.04702679533139747
2021-01-15,-0.6978058235730439,-2.3590596201328853,0.6651678883391223,-0.5173609312122872,1.0319672568061686,0.502718673459963,-0.22906209271882702
2021-01-19,-0.7546475147540019,-2.8207072886039053,0.6645972065974709,-0.7449420441529556,1.2805590728626333,0.38112497956514124,-0.33233593141426954
2021-01-20,-0.8746411527283692,-3.172030333413988,0.5272181335507945,-0.4094371005063966,1.0873310964821614,0.07439889111239205,-0.4611934109172344
2021-01-21,-0.435569359456709,-1.5760014981618575,0.8546514486471837,-0.3314623014772578,0.8028549862262783,-0.703983579359807,-0.23158505059702827
2021-01-22,-0.17520572654759983,-1.245636601986997,0.8354677173652322,-0.2856698308433441,0.4167734102459452,-0.42291595036550494,-0.14619783035537812
2021-01-25,-0.3718403133077657,-1.1251710298149329,0.6555407387798301,-0.3793385513169442,0.6981919576825898,0.03036426887576838,-0.08204215485024241
2021-01-26,-0.5033324467750782,-1.0387368481236803,0.5861531035195601,-0.47920917642552213,0.5797137522527058,0.3985252861820587,-0.07614772156165932
2021-01-27,-0.9456456559147014,-1.369931185545197,0.799665460744079,-0.5052721238214363,0.931228596938102,3.508312533823676,0.4030596043707537
2021-01-28,-0.7369988010467164,-1.220685222748767,0.5685791049432238,-0.6105044544415827,1.033489872157235,1.4917378569828372,0.087603059307705
2021-01-29,-0.7213135955349548,-1.5539415989884549,0.4227324575990641,-0.619782888028104,1.4281234259382491,2.136377271179797,0.18203251202759943
2021-02-01,-0.5904004251962606,-1.3137163217803962,0.705362183167601,-0.46204667062779553,1.5177900677730687,1.5127744695403058,0.22829388381275392
2021-02-02,-1.007102947009146,-1.7021567962445543,1.2251289267263907,-1.4762040940568435,1.6918197812424056,-0.30594934816419433,-0.2624107462509903
2021-02-03,-1.3071174951006606,-1.9402632762808443,0.8139627238226151,-1.5486187739110653,1.9665728556372695,-0.5188760003374454,-0.42238999436168845
2021-02-04,-1.4291844783114052,-1.4558138469412685,0.7500658841578898,-1.560973375490729,2.1953865314243073,-0.6925805864929686,-0.36551664527569566
2021-02-05,-1.2280444039422194,-1.1064743657978175,0.8326918946083347,-1.3577868572691065,1.5290286131859134,-0.39139371356851776,-0.28699647213056884
2021-02-08,-0.8405728492224507,-0.6159653379460717,0.7222983932494084,0.10340185428682273,1.1950878930469806,-0.14742658174513654,0.06947056194492546
2021-02-09,0.2573681957807206,0.11048604495332529,0.7971062351948306,-0.05993916444522417,0.3967318469197536,-0.5799963444476884,0.15362613565928626
2021-02-10,0.30774908970044096,0.15180512056637027,0.6277527049747719,0.15786040901090675,0.7433615815076867,-0.37049982475844345,0.2696715135002889
2021-02-11,0.22846423281731856,0.33519592040152774,0.5974152227472533,-0.2709849116205214,0.5409272789007191,-0.3083073598267106,0.18711839723659782
2021-02-12,-0.0448979058551854,0.6064992357338894,0.6968583822275468,-0.2552405808916401,0.6512710328088814,-0.7930512653201728,0.14357314978388655
2021-02-16,0.7228303650815979,0.8574087297660236,1.100483492381217,-0.30781512013883133,0.1879873714905935,-0.6825068353100506,0.3130646672117583
2021-02-17,0.3896572818230831,1.6626504579805794,1.1659635380706077,-0.9858253459735012,0.8203624898955502,-0.47126922129728394,0.4302565334165059
2021-02-18,0.8446520350184473,2.3802117141490657,0.9574118941132752,-1.44583696135731,0.5085112198905547,0.09880641671717469,0.5572927197552012
2021-02-19,1.9252998414972586,1.1136169699270677,0.7035392622494644,-1.376336849959124,0.5987673965719112,0.05548396180717938,0.5033950970156262
2021-02-22,2.419175773080782,1.7085786973357595,1.3705572803572488,-0.553059080596146,0.15920974540766172,0.22634046271999012,0.8884671463842161
2021-02-23,2.5241809814099465,1.2055842888772281,1.2638963849055003,-0.5725288537689425,0.16239453923792396,-0.14414036064850244,0.7398978300021922
2021-02-24,3.186699780273092,1.5839284666945836,1.5982837594262724,-0.6438967647969769,0.37531398872956634,-0.4904822481917153,0.9349744970224703
2021-02-25,3.2200404896961703,2.7463024111345082,1.574104394478017,-0.9707178416392978,-0.12189221510925181,-1.2306562099611935,0.8695301714331588
2021-02-26,2.048339537278863,1.903923374848373,1.2611778301528846,-1.747417694225819,0.7978867982045227,-0.4923632046328157,0.6285911069376681
2021-03-01,2.198152086340339,1.4276657432079214,1.1049248157126044,-1.9900478450084136,0.7829260357249779,-1.552072200359354,0.3285914392696793
2021-03-02,2.8148541566181864,2.7668457565191815,0.6066970645268441,-1.9792610822750545,0.1347528543037877,-1.0947066577492233,0.5415303486572869
2021-03-03,2.441307133766974,2.492335639294802,0.6342155723576205,-1.7353463017034971,0.1090402558470807,0.10938000327208429,0.6751553838058441
2021-03-04,1.2735292803965588,1.8988124165485358,0.9117019166473999,-2.012214823378328,0.8041584578828294,1.092711158784441,0.6614497344802395
2021-03-05,1.8352193727761694,1.6846571442618117,1.2034429672737037,-1.2620842711723947,0.7420502629272481,0.5384478647236189,0.7902888901316928
2021-03-08,1.4515256531563565,1.2766579672744292,0.8585041072975852,-2.0447829953978696,1.4835315788600134,0.991251804225867,0.6694480192360636
2021-03-09,0.7775947903023047,0.9750097764586381,0.42199158773307044,-1.6560219868316577,1.2436812179348586,0.5676490370660906,0.38831740377721746
2021-03-10,0.5819473767554473,0.6336762030881763,0.4090199453443934,-1.6090060856077057,1.5191305589153197,0.14292794500158715,0.27961599058286973
2021-03-11,0.8008351116651253,0.5082155545782727,0.6237448423159414,-1.653069330025113,1.2281267581974935,-0.08644848414923668,0.23690074209708056
2021-03-12,0.791686474865217,0.36246243107108,0.6283748142932978,-1.405169062198162,1.3975653992320691,-0.18986772229488902,0.2641753891614355
2021-03-15,0.7151532117823228,0.7976771192543644,0.31366586870025964,-1.1544822997806021,1.4559006214085894,-0.029848432169301338,0.3496776815326054
2021-03-16,0.1342466538422197,0.644600547201568,0.06562017753559078,-0.6750504621901086,1.442623877765643,-0.43946211672911745,0.19542977957096588
2021-03-17,0.43796391614925284,0.6683185913959326,-0.21315473994134962,-0.26418971953666415,0.6327942212598534,-0.572682760705785,0.11484158477020666
2021-03-18,-0.04057563999620111,0.16065239064999032,-0.9913725286583482,-0.20290004114492782,1.343879517323863,-0.22411010692826833,0.007595598541017943
2021-03-19,-0.859105256244767,0.5373908904541985,-0.46526033243879017,-0.06956879128549191,1.5855779382321722,-0.26491263218881633,0.07735363608808422
2021-03-22,-1.019597372514076,0.4167861638496772,-0.8992121714693865,-0.6931865433206424,1.7597505023725262,-1.0099165722600438,-0.24089599889032423
2021-03-23,-1.4333952720591316,0.04202642974804565,-1.672869525597794,-0.8877391438563844,2.0396392380003756,-0.6141980669795088,-0.4210893901240662
2021-03-24,-1.9454566338159798,-0.2587100554376937,-1.310809728033097,-0.5833262359500498,2.145506782718403,-0.0003524922847572408,-0.32552472713386243
2021-03-25,-2.1273965840634106,-0.9890845979477693,-1.8651811482385865,-0.3315418409646935,2.4292449954484243,-1.6014970266942938,-0.7475760337433882
2021-03-26,-0.9963379771822585,0.3528957455609422,-1.0406849689197473,0.6795099064702537,1.654687514846922,-1.6288767809080809,-0.16313442668866143
2021-03-29,-1.2560363395340262,0.5754206433473363,-0.7665730734678262,0.38855424513450054,1.693039443396792,-0.49761389158115527,0.022798504549270193
2021-03-30,-1.9529743107699644,-0.8891687180323045,-0.8017122005520539,-0.3723496616907481,2.1699499614773847,-0.8759127709709634,-0.45369461675644157
2021-03-31,-1.5399113452753848,-1.0208224805566994,-1.4101584053963598,0.5504272980165918,1.9660365551177843,-1.309579109330296,-0.46066791457072737
2021-04-01,-0.8378398368979116,-0.4076887080135766,-1.4509825133823475,1.0869881897876084,1.1803313416039072,-1.8962669514064363,-0.3875764130514594
2021-04-05,-0.6382155266217984,-0.5198024402620972,-2.366071673743884,1.1274947660912735,0.641134896554943,-1.2605351399469003,-0.5026658529880773
2021-04-06,-0.810543136200295,-0.023418340888540567,-2.0695828069275057,1.794912643507765,0.18166392994337308,-1.3257138489893858,-0.37544692659243156
2021-04-07,-0.7214894366878712,-0.05011005788548305,-1.7809414802107275,0.9779036405088407,0.557640711962445,-1.2958385407560462,-0.38547252717814046
2021-04-08,-0.6534269173389834,0.19487276366663278,-1.8476103436664195,1.1870112976745781,0.3756126069521579,-1.094844084914895,-0.30639744627115484
2021-04-09,-1.3301800141579785,-0.18632534504885773,-2.1158926109431526,0.9000401116718152,0.7491641145400013,-1.0294526984184422,-0.5021077403927691
2021-04-12,-1.4144978430453077,-0.05113710232782104,-1.9321630649642116,0.7121089866963587,0.522826296388933,-0.746931649705536,-0.4849657294929309
2021-04-13,-1.3486903485907884,-0.19658797330103,-1.7712484617618736,0.8101048466032752,0.1705326944875188,-0.6720192159502073,-0.5013180764188508
2021-04-14,-0.6361931466387927,0.4327051353244653,-1.1268485596305888,0.5584041291708522,0.012717756725294044,-0.5307606680177884,-0.21499589217775972
2021-04-15,-0.46475163718092327,0.10150455512071856,-1.025983957198306,1.1886087840778385,0.37297880624445795,-0.5083803227680089,-0.05600396195070387
2021-04-16,-0.6406718236434753,0.07968314113409884,-0.2237574515608834,1.3178907630405057,-0.07066175015669122,-1.0358343491890385,-0.09555857839591402
2021-04-19,-0.36719643990259704,-0.04624622073848029,-0.4614751664155985,0.9513317121915884,-0.5058103825632673,-0.6680992644246365,-0.18291596030883187
2021-04-20,-0.6029493802210847,-0.5830207972659307,-0.6661833521017775,1.1480171099517822,-0.2676843005448452,0.14892360137476654,-0.1371495198011816
2021-04-21,-0.053034262476251204,0.5685446050179,-0.11582688306064037,1.6507765080854901,-0.7493164217691666,-0.4758572650252734,0.13754771346200975
2021-04-22,-0.005888713207871064,0.3595632195085955,-0.7833392978947115,1.2787006879672325,-0.7604613725610316,-0.36637408650272846,-0.046299927115085786
2021-04-23,0.6918814798449398,0.4268835790417546,-0.12914935760984517,1.355860617983415,-1.3977652371905782,-0.39962306422218663,0.09134800297458322
2021-04-26,0.7001300412304376,0.23673166475888133,-0.6602917961053449,1.252788087781307,-1.3432960465596662,-0.09700824981070343,0.014842283549151887
2021-04-27,2.141815020103566,0.3571024183166123,-0.5834059521721525,1.5998273974349733,-1.3908284587353712,-0.5294934890152858,0.26583615598872373
2021-04-28,1.5064291617066021,0.823240351849217,-0.21983969187632102,2.0201936782960286,-1.86592849162239,-0.346613602439905,0.319580234318872
2021-04-29,1.1929295390523882,1.3280097001731235,0.29064263386335965,1.3443541690853253,-1.7821887551483244,-0.20138728073540182,0.3620600010484118
2021-04-30,1.110982824875347,1.0033416349432205,-0.47881553028203633,1.0838014675117125,-1.0379653863068672,0.6797826536573921,0.39352127739979476
2021-05-03,0.6880772161630747,0.9902065669956676,0.27958654724277227,1.4759691196554177,-1.0272367923861905,0.4363335635673743,0.473822703539686
2021-05-04,0.7515048091289309,0.7655030929290471,0.3600454627367851,0.9295904858243881,-0.5663317870543171,0.7464880876636069,0.49780002520474015
2021-05-05,1.0448945537825933,1.072931271134898,0.23673165280312822,1.0850755472586633,-0.6310996707378501,0.9937658194952339,0.6337165289561112
2021-05-06,1.1792699409076233,1.298650726240666,0.07182370469637162,1.3150729175718774,-0.5984705175235357,0.8322593171996954,0.6831010148487829
2021-05-07,2.011833007087162,2.088733612161714,0.16487201609723903,1.7910560400677997,-1.2038872548186137,0.36085631015545216,0.8689106217917923
2021-05-10,1.9292175958444178,1.9355684409071046,0.06857293318114478,2.0853474425701823,-1.193541461772265,1.2584461098942181,1.0139351767708005
2021-05-11,2.001905242281487,1.4389481591144184,0.01786393782516194,1.7649307914889711,-1.0228102581684133,2.039403415907771,1.0400402147415662
2021-05-12,1.41254479772447,0.7685989755807624,-0.4787444476817064,1.7050696322938788,-0.47048036012197925,3.532293416903629,1.078213669116509
2021-05-13,0.813102565478028,0.24491219379841372,-0.9990815293319448,1.187756710107341,-0.42436249155298683,2.2807293648770943,0.5171761355626575
2021-05-14,0.8578817230984405,0.46475740552017014,-0.6196344842369128,1.170342748258392,-0.6598797470693599,1.054081059927565,0.3779247842497158
2021-05-17,0.7661272080528264,0.8205540463667167,-0.49517556476291835,1.76611291336212,-0.36994887077309313,0.956466766723538,0.5740227498281983
2021-05-18,0.9194111401834016,0.7698142350647798,-0.4629431802073832,1.609130639543824,-0.8466990293052863,0.9514803267694301,0.4900323553414611
2021-05-19,0.09049618024628847,-0.49266334591997873,-0.675412455685275,1.5458720525677856,-0.4545227181546738,1.550688268860591,0.26074299698578957
2021-05-20,0.07960929454610634,-0.4921515580600223,-0.9730801249860143,1.6982109875330298,-0.8594256785106106,0.7253602631317094,0.029753863942366416
2021-05-21,-0.5049475136634572,-0.8862150722291026,-0.7990126245803216,1.6538080549641119,-0.34883329433821786,0.9999462678954075,0.019124303008070036
2021-05-24,-0.7400013085926287,-1.0282487659757988,-0.23437170763155243,1.7019644564708032,-0.4524955075571599,0.3943714504203512,-0.0597968971443309
2021-05-25,-1.817548435270423,-1.05866670167144,-0.4571402326738377,1.878701875197332,-0.6635547678185348,0.5349359091405335,-0.26387872551606173
2021-05-26,-1.0616400994946897,-0.732468843566798,-0.6170789848469507,1.9538538589221586,-0.1384363094050719,0.18279975827479733,-0.06882843668609234
2021-05-27,-0.41770001328358586,-0.1934837267226761,-0.7165968320416312,1.910939322516922,-0.19156032662918732,-0.10239830533701168,0.04820001975047163
2021-05-28,-0.302435864919884,0.052351621148174494,-0.5115434588201835,1.9738732844149685,-0.6459652594152386,-0.3795556014650631,0.031120786823795626
2021-06-01,-0.6033540780227861,-0.19730931995295053,-0.40620433544941403,1.5823821374958467,-0.5605198296081991,0.0030097055223434477,-0.030332620002526626
2021-06-02,-0.7861968198348331,-0.6899993014905917,-0.4242591553087083,1.845435209175885,-0.7684637765300869,-0.4463975387245899,-0.21164689711882081
2021-06-03,-1.236168037546736,-1.2442655891032672,-0.40262852070995037,1.1907393974078733,-0.3446082591116817,-0.22574323686015232,-0.3771123743206524
2021-06-04,-1.2600911874645526,-1.1951305923323687,-0.004241794502488145,0.9775869263020466,-0.3598008850609161,-0.5194549306999828,-0.3935220772930436
2021-06-07,-1.7227094887586194,-1.8624907026137205,-0.12388319516329255,0.8378342350094191,0.035462686011800255,-0.020075674472845702,-0.4759770233312098
2021-06-08,-1.496311577610009,-1.6070904161771782,0.06548516040321993,0.6723051329791916,0.14457682062597896,-0.6844823834366947,-0.484252877202582
2021-06-09,-1.6948458020492347,-1.4813465992903618,-0.022501520102514345,0.6962072461541869,0.22401005396435283,-0.9615316741699701,-0.5400013825822568
2021-06-10,-1.730585817325186,-0.9675146387865223,-0.13272396734578332,0.8919229390709519,-0.2684209003530585,-2.2559231680866785,-0.7438742588043796
2021-06-11,-1.385972659324509,-0.7009435948702327,0.567225683196148,0.6318725450423393,0.07396770039459703,-1.7060269381444844,-0.41997954395102366
2021-06-14,-1.2639111070581646,-0.427268083775443,0.17628053040412073,0.24273589307941293,0.37530800688277455,-0.6220519165090945,-0.25315111282939895
2021-06-15,-2.0352497978997963,-1.2331976562110982,0.24134554774494815,-0.29440917397675126,0.46160972617969276,-0.6644415418112697,-0.5873904826623791
2021-06-16,-1.8631545637970712,-0.9021479546056812,0.45280439713699316,-0.2366040823642477,1.314878739851637,-0.7234041018944954,-0.3262712609454776
2021-06-17,-2.0513414040211186,-0.9243002087550724,0.7519100586084048,-1.5525261974491213,1.5463941972531183,-0.9874051493813912,-0.5362114506241967
2021-06-18,-2.0490811890400824,-0.9886168300635907,1.2537011446017028,-1.613034727589026,2.095747902799154,0.11840687437970124,-0.19714613748535684
2021-06-21,-1.6753907998325206,-0.4576108847964905,1.3130262224052487,-1.3435960955525557,1.5979922012913013,-0.5046087988008822,-0.17836469254764978
2021-06-22,-1.6303559080601906,-0.44585091742004845,0.5376068388751091,-1.4872235765682114,1.6254410706511448,-0.4065402937094398,-0.3011537977052726
2021-06-23,-1.2365037231816736,-0.2399050290349547,0.5416097899146481,-1.5463908564298727,1.8127715453679085,-0.6128930691155188,-0.21355189041324382
2021-06-24,-1.3110467386100537,-0.4733739102570653,0.5543100377525223,-1.6372373580484378,1.4707640582287558,-0.3118587871068298,-0.28474044967351814
2021-06-25,-1.7096945428498833,-0.7394030522952694,0.5586668980741806,-1.529141555747026,1.4963109402685906,-0.23350793207849585,-0.35946154077131726
2021-06-28,-1.7798690112389821,-0.8096974632783871,0.4264908730632599,-1.5421314073482024,1.4784573519627515,-0.19052711303765515,-0.40287946164620253
2021-06-29,-1.6925459509169396,-0.039184298351401366,0.0933794561459324,-1.7225616140968507,1.7483039295813811,-0.43347218891835154,-0.34101344442603826
2021-06-30,-1.4336814725114149,0.029968110567668446,-0.06353363309034737,-1.6467664407793834,1.9655217201018005,-0.36635350406053657,-0.2524742032953689
2021-07-01,-1.2140803209896676,0.25557007654557845,0.328842478586512,-1.140585631230485,1.5731655573112755,-0.6179112457191263,-0.13583318091598548
2021-07-02,-1.2680944157131229,0.22750206488361605,0.1194020868065912,-1.2556147232202137,1.5428920187568602,-0.2823824846744841,-0.1527159088601255
2021-07-06,-1.315811046797555,0.19016664246625786,-0.183004562819378,-1.1848624292044023,1.9080501542447572,0.19162925828910302,-0.06563866397020286
2021-07-07,-1.165699422850041,-0.2947552311429837,-0.618561003700171,-1.0168948053019526,1.833937203009488,-0.08816905809442553,-0.22502371968001436
2021-07-08,-1.2443647261987623,-0.8743555810299616,-0.4304185427215762,-1.0361676261272854,1.5545961354626792,0.5548118364690889,-0.24598308402430283
2021-07-09,-0.8565590678545709,-0.5961289757062057,-0.14862022521918697,-0.9046065298240294,1.3836576928596986,0.2362839109963285,-0.14766219912466097
2021-07-12,-1.077530640188687,-0.5856685130490663,-0.377782125752911,-0.7509432282143796,1.0652984362444444,0.3929521719423599,-0.22227898316970662
2021-07-13,-1.0669616282638836,-0.42463982804855344,-0.11661690144512966,-0.5319274672296747,1.4700923906838541,0.4582795516060285,-0.03529564711622649
2021-07-14,-0.6138878992016076,-0.2194767402182871,-0.832560329117519,-0.22316601592256433,1.175394878037185,-0.021087752924440914,-0.12246397655787233
2021-07-15,-0.595769514924299,-0.38601870943219957,-1.135349917278825,-0.22801132398823445,0.8654666868282868,-0.14887385069587145,-0.2714261049151905
2021-07-16,0.05737210289096137,0.008723361358112186,-0.8495224876751722,0.6982449159813828,0.33276570944466677,0.42857652293234366,0.11269335415538244
2021-07-19,-0.2605961178311977,-0.4782604323222318,-2.0761072144033967,0.6931268311536495,0.22397109199674817,0.6970745632319981,-0.20013187969573845
2021-07-20,-0.14143377221286618,-0.23564907868047863,-2.1912693287573424,0.5272920042213204,0.5604710589283987,0.7840309005572529,-0.11609303599061921
2021-07-21,-0.2649959352765917,-0.5340715070687003,-1.4707006218529501,0.4903539987899116,0.49030125431530897,0.622651915137893,-0.11107681599252149
2021-07-22,-0.36175094309668215,-0.3107176307180088,-1.1332281608883268,0.4339548291508939,0.48382467878996627,0.6623566310562616,-0.037593432617649324
2021-07-23,-0.11882064513617877,-0.15734112709240633,-1.126239949204882,0.47166415324035177,0.5272602288258109,0.6149124199353401,0.03523918009467264
2021-07-26,0.48252294327048134,-0.5603421506333003,-1.2811823321184768,0.4183294985923764,0.3350418663225598,0.8794989751810294,0.04564480010244498
2021-07-27,0.41350975306354365,-0.934231449070771,-1.0959746492909943,0.38391733457798516,0.11347111267940335,1.4404554614395806,0.053524593899791216
2021-07-28,0.20481797166651206,-1.096889688083776,-0.9483750377691167,0.6008840186929026,-0.09622009265735738,1.0609855177824634,-0.04579955172806197
2021-07-29,0.26247370058705816,-0.25686860257223065,-0.7910456074033881,0.8976333141314646,-0.7217807474297868,0.9343140007931682,0.054121009684380904
2021-07-30,0.3135079343155923,-0.08617376114314407,-1.0500176067235998,0.5769518926130338,-0.6011473461190827,1.3518068847515512,0.08415466628239181
2021-08-02,0.028616228296631036,-0.40098566038725636,-1.5205284641426888,0.5522278679518502,-0.40913515427620434,2.0684653522054144,0.053110028274624334
2021-08-03,-0.05064546818112015,-0.507714303065647,-1.306624333130787,0.2943027501368147,-0.6133126113153671,0.8413814182850264,-0.22376875787851333
2021-08-04,-0.4418278256246717,-0.3778079312911539,-1.5306114597765443,0.18388175678798654,-0.528096970234541,0.9033837781511392,-0.29851310866463093
2021-08-05,-0.2180927525580985,0.48376518196883694,-1.4568906538345157,0.1271429479714898,-0.33164724677284046,-0.34565598152813615,-0.29022975079221064
2021-08-06,-0.473524694891793,-0.254521503805932,-1.8567086630609178,-0.6072881377757168,0.2662946517414668,0.20496448995925143,-0.4534639763056069
2021-08-09,-0.562258971735384,-0.4758180401176241,-2.06174170886285,-1.019403758211703,0.3042320888124104,0.42628756358853304,-0.5647838044211028
2021-08-10,-0.33153661221551534,-0.72112826545438,-1.8769095480586477,-0.9866755719017994,-0.008227080300866737,0.08964014718346641,-0.6391394884579571
2021-08-11,-0.17079921336182308,-0.41516544216142287,-1.3192181172122615,-0.881258545121549,0.13442955327450648,0.1464782686704636,-0.4175889159853477
2021-08-12,-0.3675820700103857,-0.48012097927893854,-1.0682673516119268,-0.9416359076967987,0.07169274181070893,-0.3116384967495373,-0.5162586772561464
2021-08-13,-0.26759852226416986,0.11129728104618067,-1.1991965202578752,-0.4297010971576576,-0.3680792215123831,-0.8039503680990376,-0.4928714080408237
2021-08-16,-0.07715731752364197,0.8685906297040145,-0.3815115164684263,-0.20553439734486867,-0.4351913943131969,-1.5372629153274602,-0.2946778185455966
2021-08-17,-0.6538350009642997,0.3119169824865324,-0.7127379182888074,-0.26315311260987156,-0.11954388844390935,-0.35286481338492415,-0.29836962520087995
2021-08-18,-0.9298899428687858,-0.048637253987940984,-1.4588852004474027,-0.21269733311461075,0.05134644760422406,1.4620808692427425,-0.18944706892862895
2021-08-19,-1.3387746133825702,-0.5060830947704269,-2.027473187471926,-0.26573463964198685,0.31728325912811,1.564825598595154,-0.37599277959060773
2021-08-20,-1.1952712368259775,-0.7072188577986807,-2.261217406441803,-0.2115222299636317,0.19240490604560537,0.677045949800123,-0.5842964791973941
2021-08-23,-1.383127767740315,-0.22516058659997515,-1.5963802131962754,0.11135584440201766,-0.019453606339328904,0.04878345296949993,-0.5106638127507295
2021-08-24,-1.1944601146709208,0.4052817757930187,-1.1876938873880087,0.12649959365178,0.09122787270739603,-0.4723595900916448,-0.37191739166639654
2021-08-25,-0.9652552517587234,-0.05435137841580857,-1.1565611093381805,-0.11016265423415979,0.12328448701820298,-0.31351740037783016,-0.4127605511844165
2021-08-26,-1.1277297564095055,-0.7029193961300401,-1.5343887334477886,-0.4794983475716599,0.6428511651342816,0.5792341139675139,-0.4370751590761997
2021-08-27,-0.7810834244427897,-0.4545528666104901,-1.3267914146346598,0.07329547418337748,0.12659701148379943,-0.44587355770565074,-0.4680681296210689
2021-08-30,-0.4788580241365389,-0.7928582816739259,-0.728567610179998,-0.1155123451914753,0.18264909575110577,-0.8592714320417518,-0.46540309957876397
2021-08-31,-0.3094190913873977,0.5842743492871452,-0.72186257814053,0.06178411891480174,0.14002462381662847,-0.34984305910543084,-0.09917360610246385
2021-09-01,-0.4481297963534468,0.49507656737729067,-0.20293732108269547,0.015991319789291452,-0.13797007877274736,-0.4426692210237867,-0.12010642167768237
2021-09-02,-0.39521705886633535,0.3117833953361446,-0.09189760030691478,0.0196234039635892,-0.2784595444424574,-0.10232305413251568,-0.08941507640808156
2021-09-03,-0.25949133918763395,0.8371777577590194,-0.05165791641081832,0.9763485488081155,-0.827988785768016,0.3274771635936491,0.16697757146571926
2021-09-07,-0.21293315820295514,1.6935266414880714,0.15653637239704885,1.0078836748316609,-0.5712721231703689,0.7670933512836896,0.47347245977119107
2021-09-08,-0.5882987327143502,1.704715027838976,-0.032606003983608314,0.8336449205650982,-0.5459923397705909,0.6685293457104599,0.33999870294099743
2021-09-09,-0.4385356262352937,2.089972525914999,-0.4846543896533444,0.5887605766928771,-0.5525426239428385,1.2417655437045094,0.40746100108015143
2021-09-10,0.18354757667897875,3.183576879978182,-0.08900120482478141,0.4810049673922194,-0.5646309019287441,2.312938462727253,0.9179059633371845
2021-09-13,-0.21818652468245656,2.5572748562794914,0.23269616478653257,0.1041308184087041,-0.13747425940161223,1.724795405502587,0.7105394101488743
2021-09-14,-0.14154138361151034,1.814945381868498,0.5129686662782929,0.10802911183372789,-0.19020722332281023,1.4166280749532603,0.5868037713332431
2021-09-15,0.6394091208244718,2.490630711507904,1.1768904232177226,-0.054984169514009806,-0.6790076843807232,0.2503159227849889,0.6372090540733925
2021-09-16,0.49995689802585896,2.7912033878162608,1.4422237796803632,-0.5786676139641164,-0.3999707602704894,-0.6424766873851893,0.5187115006504479
2021-09-17,0.6789964409239849,2.822389456666784,1.7294161460315352,-0.6373417749885192,-0.4561302489216856,-0.07664288512595116,0.6767811890976915
2021-09-20,-0.19389528146522783,2.45130384067273,1.6634940728162169,-0.4691576182763731,-0.3629832841387542,2.411934277171272,0.9167826677966439
2021-09-21,-0.5228717363150386,1.6601490586505325,0.8551416409022805,-0.5961447944156285,0.028380448376780127,2.53024765562834,0.6591503788045444
2021-09-22,-0.14346513746816178,2.2246289962025263,0.7599924636362448,-0.6279145665545505,0.296721896597514,1.3083355935232848,0.636383207656143
2021-09-23,-0.2687750298143559,2.263463925379901,0.7893881623541849,-0.8122715022606746,0.08091600922505085,0.7093645333105114,0.4603476830324363
2021-09-24,0.011277783254042216,1.860823716530219,1.1505208050509723,-0.8335703982846986,0.09117161039631604,-0.27553366205070196,0.33411497581602484
2021-09-27,-0.23036316498350734,1.2578926983610679,1.139408493345696,-1.1757754297692766,0.4384459240166964,0.8979199570724137,0.3879214130071817
2021-09-28,-0.5743516979319216,1.7759631823485795,0.9803340722269702,-1.2731228949768572,0.8041593861722176,2.519055212087473,0.705339543321077
2021-09-29,-0.7352382829538511,0.9327335597119614,1.0319581482860134,-1.5477392509785892,1.2972825260920615,2.088161999146247,0.5111931165506406
2021-09-30,-0.7896752172392725,0.6340953350838815,1.0374422716757685,-1.0049676998412922,1.365670530373556,2.4249431941893294,0.6112514023736618
2021-10-01,-0.49678872343842456,0.5610882370518603,0.8812545143748947,-0.9042014351896229,1.3602785682596998,1.5487523828585181,0.4917305906528209
2021-10-04,-0.4262572168579622,0.7578068483186995,1.4069226290559806,-1.0676785006338685,1.3102498028896086,2.144333915562271,0.6875629130557881
2021-10-05,-0.4126201386474146,0.5063982855712318,1.8926335198735982,-0.6555342270522011,1.0422612401129612,0.866926201595465,0.5400108135756068
2021-10-06,-0.4093509435438232,-0.002263851887871672,1.3087461002815397,-0.5580569332503565,1.1542149498533154,0.825709947832668,0.3864998782142453
2021-10-07,-0.25068026922286757,0.006273561595203869,1.7658438846013969,-0.6858962281300565,1.2395784650706068,0.07204197400587789,0.3578602313200268
2021-10-08,-0.7171769977729517,-0.5619685780386133,1.578101803023087,-0.5900744256571753,1.0287691846555806,-0.7607144563476309,-0.0038439116896172854
2021-10-11,-0.09262253363501985,0.45132385345465625,1.6271217055315723,-0.6427013932643143,1.177271218308407,0.020016181362035677,0.4234015052928895
2021-10-12,-0.09063727375663762,1.0029187295351638,1.6185624200401234,-0.7633805274597268,1.2894600759463228,-0.06024440846189869,0.49944650264055784
2021-10-13,0.2904127544066202,-0.16362447913085443,1.0464365901834443,-0.05915853156704862,1.0598337405200695,-0.03726224791280358,0.35610630441657115
2021-10-14,1.1633742387207222,0.7048162118491041,1.2125730744172536,0.5582370042844282,0.6653025254554841,-0.7726629195549306,0.5886066891953435
2021-10-15,1.6491443310622063,1.0228243708970213,1.5370854209849523,0.1932420780069747,0.3752219605156185,-1.4688153292899946,0.5514504720294631
2021-10-18,2.1236710879777716,1.4788363073537287,1.9309089137304167,-0.027006784049712542,0.34430246263670894,-2.2808889931227014,0.5949704990877019
2021-10-19,1.975011844102864,1.0433462241361289,1.9310201577818578,-0.15795085204365758,0.24176462747776006,-2.1780568552145345,0.47585585770673644
2021-10-20,1.5967268623676345,-0.028689187622872446,1.6844670906911985,0.05264481588181818,-0.14901173928766295,-1.6042770391359835,0.25864346714902203
2021-10-21,1.0833924852559416,-1.5227784916520302,1.1607784131152825,0.45610542881186056,0.28509026046114005,-1.2393732313223353,0.03720247744497651
2021-10-22,0.6645127704458124,-1.486641405984291,1.2359661175017522,0.6437225010703308,-0.039926542908785737,-0.8772959266586909,0.023389585577687944
2021-10-25,0.7618362160748763,-1.1851805243531826,0.9109423858265323,0.80179078250844,0.06557315398372515,-1.192912184356817,0.0270083049472624
2021-10-26,0.7327149415846407,-1.8839029185127274,1.0981068743354285,0.8309357930099809,-0.1612591031406745,-1.8625714889121394,-0.20766265027258188
2021-10-27,0.5557247686181512,-2.8922895415454857,0.8203990337128492,1.1371949015970069,-0.7394865900003311,-1.4833832469003192,-0.4336401124196882
2021-10-28,1.2054436487388924,-1.7841694769083438,0.7974537176128128,0.6534580780891539,-1.109377969492917,-1.6599166405379975,-0.3161847737497332
2021-10-29,0.5556455027359836,-2.01025424376961,0.7642429316462142,0.34883941223873316,-0.28785999613492086,-1.3337010689930426,-0.32718124371277374
2021-11-01,0.45874495913778446,-2.2084967153142903,0.5085989160949415,0.39176695075545037,-0.3061439706207195,-1.6034888361951551,-0.45983644935699813
2021-11-02,0.5440274013398743,-2.360412169217636,0.23574352835775403,0.3987310754462626,-0.28232027165419954,-1.3769097863099944,-0.4735233703396566
2021-11-03,0.558165099539101,-2.429085211189408,-0.024017804889725214,0.007523536469930677,-0.7475230393246801,-1.5257966043814328,-0.6934556706293691
2021-11-04,0.205693570714859,-3.2893051302217233,-0.5466727330411401,0.5089023620468175,-0.29153068700881735,-1.1371035562125063,-0.7583360289537517
2021-11-05,0.1957901789682774,-3.387610598797787,-0.29073732297352506,0.908940951717631,-0.2031582527632044,-0.6665121714776994,-0.5738812025543846
2021-11-08,0.07435225893986978,-3.657192806120427,-0.3777828829202293,1.1131953267635244,-0.7006255765609857,-0.7428690282872765,-0.7151537846975874
2021-11-09,0.1881606622316452,-3.66958260719527,-0.01021550177045172,1.10172632874799,-0.9759504635178562,-0.5530534889541957,-0.6531525117430231
2021-11-10,-0.8311437829713925,-3.132085475426043,-0.46748357209389746,0.8043770772538774,0.2536219305214344,0.06738786902934564,-0.5508876589477792
2021-11-11,-0.9451859983659401,-3.044212442643382,-0.5725337580322414,0.994497684840943,0.6663119081134539,0.31317058535784,-0.43132533678822105
2021-11-12,-1.127022528174586,-3.023743336130601,-0.866723684964066,1.5429872283183983,0.6258833607965284,0.04826647938928033,-0.4667254134608411
2021-11-15,-1.309794191137408,-3.1814446246406267,-0.8679778896444222,1.549820140403368,0.8726486772426685,0.12048163557890516,-0.4693777086995858
2021-11-16,-1.4295143134777015,-3.100863304611499,-0.9643046438462323,1.27687738285968,1.5017053987354059,0.3133100182066425,-0.40046491035561754
2021-11-17,-1.9194258756847975,-2.6138312271606847,-1.4907844177488772,1.2978146500489445,1.6249199446550913,0.6683129043659632,-0.4054990035873934
2021-11-18,-1.0726396846006063,-1.8426453756066075,-1.153605970949756,1.216910525752396,1.1142628899284188,1.053360547146481,-0.11405951138827893
2021-11-19,-0.37678437026686723,-1.4102778852838436,-1.7909074868433705,0.8488445623848687,1.764964968791917,0.9806157072130242,0.002742582665954766
2021-11-22,-0.5463691072656494,-1.4161593304781575,-1.6525034029725278,-0.00016444793256060065,1.95327732644254,1.5143284954314271,-0.02459841112915473
2021-11-23,-0.1375426758051042,-1.2597769023735017,-1.479018828051269,-0.12997864972053735,1.7672226289092399,1.2417246872324463,0.00043837669854562833
2021-11-24,0.47485595275866554,-0.4613069691545508,-1.1838265777966006,-0.18818234194712186,2.1442999600730936,0.5674815396836528,0.2255535939361898
2021-11-26,-0.5487537909059714,-1.2343519268321612,-2.737184838607185,-0.21289610385100957,1.8989306751018153,3.8619573045208404,0.1712835532377215
2021-11-29,-0.01020554758978479,-0.9806549084916735,-2.471824677804916,0.061422317897851506,1.3617864634870096,2.1184975959575327,0.013170207242669893
2021-11-30,-0.3959309710478748,-1.0732938852660394,-2.9583860571003044,-0.2751198908829363,1.2496600413245704,3.2172484167708038,-0.039303724366963465
2021-12-01,-0.40865904765989286,-0.7832715395968779,-2.9014484326072156,-0.014057553212370262,1.0832271954871497,4.2461292643802855,0.20365331446517976
2021-12-02,0.04882310774912833,-0.7923945104987367,-2.348343442929677,0.06990786361319981,1.3746599287028813,3.5971884833233263,0.32497357166002044
2021-12-03,-0.1092050235592685,-0.2612882532835469,-2.082512808065944,-0.06174218966871517,0.856281967297134,3.8909579098310223,0.37208193375844695
2021-12-06,0.10883928878240362,-0.3118471365668509,-1.877426455278971,-0.536307040190609,1.0378689424174916,2.4342128817398025,0.14255674681721117
2021-12-07,-0.15046701242204502,-0.17787424160019594,-1.5761733920708454,-0.6233633539231466,1.3662926996194662,0.9114791338229752,-0.04168436109563195
2021-12-08,0.2022855294845513,-0.07924878788760997,-1.7521857618783125,-0.6448427211398637,0.9689640444079938,0.2923590139777088,-0.16877811383925542
2021-12-09,0.15479289507664418,-0.09668176559668361,-1.5883360821380432,-1.0767927126714882,0.4380886834632944,0.41365917697599114,-0.2925449674817142
2021-12-10,-0.4200275587640888,-0.5894893527347732,-1.4923973642012693,-1.1732250737839773,-0.11436817409755755,0.025182319050816204,-0.627387534088475
2021-12-13,-0.6736360267971048,-0.38262138412444474,-1.4236255703002834,-1.176117460712329,0.1960193995920886,0.7824808702653807,-0.4462500286794488
2021-12-14,-0.586921280567597,-0.3597406990409363,-1.4803846983733457,-1.3957715986186343,0.16547416850034385,1.0943954168421786,-0.42715811520966507
2021-12-15,-0.7336273204378293,-0.16016807013918852,-1.4234468814353765,-1.3323907563578046,-0.3919650034951765,0.4761179277142956,-0.5942466840251799
2021-12-16,0.24943344481309748,-0.09204407302289937,-0.9220610847632946,-1.0278284248901683,-0.7531723226324695,0.5665558032448995,-0.3298527762084724
2021-12-17,0.008321740985727856,0.10661008041705065,-1.1901667828546687,-0.7694750016063857,0.07188201492371811,0.6540710722882795,-0.186459479307713
2021-12-20,-0.4921954555676674,-0.46703847056117775,-1.1738580408539947,-0.7932164397822573,-0.4702629467669101,0.8481949932736544,-0.4247293933763922
2021-12-21,-0.19074815262551315,0.1486782468576408,-0.8398197792086415,-0.12514803087969645,-0.9446142665178549,0.1021242608021093,-0.30825462026199263
2021-12-22,-0.08162411052828793,0.6410506635642635,-0.8237322970765716,0.525602957232298,-1.3210056970280544,-0.45100649926655617,-0.2517858305171514
2021-12-23,-0.27383108943224815,0.5669691623717116,-0.6573231272350837,0.6819254166082029,-1.6915263827715985,-0.4304917412962568,-0.3007129602925454
2021-12-27,1.0003084955405013,1.0156495020134584,1.1385171812330281,0.5883335845974322,-0.8706974365486078,-1.8273624528928485,0.17412481232382726
2021-12-28,0.46363376034723414,0.923378587924512,0.8942038021911658,0.6773099442146318,-0.9945004271129039,-1.2262285849765673,0.12296618043134548
2021-12-29,0.6715080248031131,0.8045948585626682,1.6288102606811317,0.7418594101261733,-0.9027689135140978,-1.7644468666910649,0.1965927956613206
2021-12-30,0.73242843773563,0.6039208282953024,1.7890177205039122,0.7186477682693384,-0.908694710109275,-1.9930939162038104,0.15703768808184962
2021-12-31,0.8100665881012625,0.683033278425129,1.3243862243640265,1.4428127453141653,-1.274197533356053,-1.7316381514729857,0.2090771918959242
2022-01-03,0.7608297792954412,0.6198113676037895,1.4860298069109834,0.4035738747274299,-0.6740245592229908,-1.9772839188739941,0.10315605840677648
2022-01-04,0.6360717047794873,1.0347421362157454,1.0566781444441102,0.789196832715369,-0.7863597597918527,-1.640455038510281,0.18164566997542977
2022-01-05,0.29475717776426213,1.1966974787604776,0.7683664769611126,0.8897175335828561,-0.9604739033195059,-0.5762307809561081,0.2688056637988491
2022-01-06,-0.2892308463763798,1.3917077438373464,0.9450946741891297,0.10018820536257783,-0.379347889791046,-0.25712596350180694,0.25188098728663694
2022-01-07,0.3166106678217638,1.3240379374355649,1.0803264923492444,0.4565373306751297,-1.3035915326002003,-0.6904967120278968,0.19723736394226762
2022-01-10,0.24837854635915044,1.5352463979247846,0.8641910301189265,0.29536515148668535,-0.793509867945061,-0.05288739064290832,0.34946397788359623
2022-01-11,0.6703927839021688,1.4822722590376576,1.3336289264791399,0.6477241467869286,-1.4541468551589727,-0.5480040532002718,0.35531120130777505
2022-01-12,1.5741944006735706,1.7462981038798178,1.5988285207207786,1.1697079071993388,-2.310880416047574,-0.924899822699882,0.47554144895434153
2022-01-13,1.820246727298098,1.7318998641639747,1.4767596125790345,1.207476133619519,-2.3911168686162876,0.008504194132976617,0.6422949438628858
2022-01-14,0.4685272132813731,1.4018445815033376,1.4434317493327462,0.36083464246889724,-1.4990883498259133,-0.43840048746710786,0.2895248915488888
2022-01-18,0.3315937187609404,1.335056345945528,1.8725419594904744,0.11967983440553404,-1.437440908504597,0.028348207648659154,0.37496319295775654
2022-01-19,0.8012875735928792,1.7533530263088157,2.464602639244727,0.9922928388039152,-1.6066295957174987,-0.022295508170348293,0.7304351623437485
2022-01-20,1.1119104274996376,1.415749736324917,1.9139651393491177,1.0974332250248278,-1.2959805809920444,0.6320123177911428,0.8125150441662665
2022-01-21,0.4994951538328639,0.6512069577546763,1.4008034590336818,0.5696526161885039,-0.9754580607706065,1.8351074794271758,0.6634679342443826
2022-01-24,-0.04163187170219503,0.5798997252268051,1.0002688540144264,0.5708770732814904,-0.6292400090607564,2.206181952081854,0.6143926206402708
2022-01-25,-0.22671775698332497,0.8365636956105466,1.0200605891099395,0.8636877044439653,-0.6620623159482433,2.4853043891563544,0.719472717564873
2022-01-26,0.3323856078220245,0.8261863475674557,1.1599903819599535,0.34188379300483984,-0.23648115603723685,2.604540356344698,0.8380842217769557
2022-01-27,-0.04213783948364941,0.9940248182003414,0.9766762681143297,-0.31258861732649507,0.7831522369102278,2.4446566470314464,0.8072972522410335
2022-01-28,-0.5196754768499302,1.1372062187777594,0.9302555017380134,-0.6397847934565387,0.7402385932380857,1.7303403006514384,0.5630967240164714
2022-01-31,-0.7905372560665899,1.0530980005479047,1.315737166019475,-0.7222824469514241,0.30679163888172273,1.208625749477135,0.39523880865137057
2022-02-01,0.006777036946117758,1.0361934070327263,1.179769813013511,-0.017290302262635268,-0.4215451974734649,0.8059063926570663,0.43163519165222025
2022-02-02,0.059726567294911104,0.5891313802095464,1.0452389914783695,-0.13586744296314018,-0.9213536724144563,0.7443194253777949,0.23019920816383763
2022-02-03,0.2580806352723962,0.4722132046711446,1.1462513667790235,-0.4841186158366928,-1.3684169267385062,0.4978320248968184,0.08697361484069728
2022-02-04,0.6494560591531213,0.5457919921035798,1.147467935410537,0.34462545902222147,-1.3075615131664042,0.32765413357888107,0.2845723443503227
2022-02-07,0.22922770466595258,0.7794989033097387,1.0913935522734086,0.45276659167609395,-0.873943439750779,0.4362644037818629,0.3525346193260463
2022-02-08,0.5323362962110042,0.9963808732053008,0.9388885062381159,0.5400261030778162,-0.8751405926196141,0.05904238215496516,0.36525559471126473
2022-02-09,0.857988992984805,1.039711545905957,0.5793296067643251,0.26855068217965666,-0.6530529710490716,-0.012590397972539007,0.34665624313552224
2022-02-10,0.38544266022065,0.9511398364651743,0.42230101862658864,0.08647828929641342,0.019832818283672962,0.8747803301960667,0.4566624921814277
2022-02-11,-0.23450404990799026,0.9275034150353156,0.8297516287807388,0.31360256507638024,0.7451189710972602,0.8290038107312987,0.5684127234688339
2022-02-14,0.4195240267571455,0.8014426441324218,0.8653767439295361,1.0129404544330949,0.6399683916548804,1.2349649607772704,0.829036203614058
2022-02-15,0.7284855403833761,0.6363409128259132,0.30271742397306717,0.8016817952828412,-0.29396734291395393,0.08042564949682275,0.3759473298413445
2022-02-16,0.3008229584386757,0.6563124860321486,0.2871460596448811,0.4390240830904587,-0.3607078757221963,-0.27535519453358304,0.1745404194917308
2022-02-17,-0.3830615833294494,0.3765945089729816,0.08242902004773346,1.106004498504373,-0.4832520206517795,-0.007826867903210062,0.1151479259401082
2022-02-18,-0.0944153144480526,0.6356499364261652,0.19619739995823068,1.2814796422671957,-0.1465691107411364,-0.45569530226446725,0.2361078751996559
2022-02-22,0.43385475844807436,0.8129627940307929,0.5470419642430969,1.2037342516095977,-0.4307155211320119,-0.4497956431222048,0.35284710067955755
2022-02-23,0.04299680694347622,0.5662901427964812,0.23258869742053778,1.0120638454952022,-0.3011973287981794,-0.34758529185200543,0.20085947866758544
2022-02-24,-0.45244477771597286,0.9691376651480178,0.09776585471145412,1.8276653218634904,0.0965892174531006,-0.5034178559795026,0.3392159042467646
2022-02-25,0.13889450382273752,0.7190601212765378,0.04007303770861696,1.7873752107355518,-1.1385530610874153,-0.6430383702594558,0.15063524036609552
2022-02-28,0.6123913612028925,0.5995163360661395,0.45748126904029857,2.199119311831442,-1.0481589004450185,-0.036861469217871506,0.4639146514129804
2022-03-01,1.3203242416621415,1.1491491042396567,1.1144246091823329,2.771810378091108,0.32941477959174964,0.7835059392256634,1.244771508665442
2022-03-02,1.0314014501165767,1.493567208193175,1.8433340771541835,2.1512603823907877,0.4530175079350378,0.9603291574709526,1.3221516305434522
2022-03-03,1.2890538086901373,2.2060355184969835,1.4940723307217947,2.1702336912083786,1.2636428125590078,0.880564528769426,1.5506004484076215
2022-03-04,2.233057158824075,2.2867240099633634,2.0177619844325716,2.792364143700336,2.561866985344525,0.651412297680666,2.0905310966575894
2022-03-07,1.0042424215879173,1.6666241494512903,2.072467177467188,3.133953673296223,2.9463546217898053,1.4701168081813791,2.0489598086289673
2022-03-08,0.9989871902755069,0.5761626877875656,2.535034601483046,3.505382456001683,2.708026289160052,1.3406587957438756,1.9440420034086217
2022-03-09,0.2686595967689573,-0.33214216407730707,1.2948115434721896,2.383155853564729,1.484831845682173,1.246124402126335,1.0575735129228463
2022-03-10,-0.0751808578722256,-0.32226352519180695,0.9816236155070046,2.363564066601569,2.0498009521470473,1.2327907311091617,1.0383891637167917
2022-03-11,-0.5085185992695297,-0.06046710099135944,1.2575872587423464,2.0425459359276075,2.4512345138628358,0.5021036856613298,0.947414282322205
2022-03-14,-0.2556154208998586,-0.3346448585796458,0.2949944404533646,1.557687569457868,1.8852230425244088,0.10368605126537553,0.5418884707035855
2022-03-15,-0.32762239365387497,-0.6731427829804218,-0.5394851773563737,0.5987946660095668,1.609797897457886,-0.2399871125487203,0.071392516154677
2022-03-16,0.011344747533023536,-0.5525844529226851,-0.344014787793701,0.4830370368064572,1.3372068471402891,-0.2894488269378322,0.10759009397092527
2022-03-17,0.509396796244243,-0.4441162113741095,0.24155058586325584,0.759419742573919,1.255070185578371,-0.23365801957611648,0.3479438465515938
2022-03-18,0.8103216858412673,-0.28787676681864205,0.6016066122094125,0.04282240764262896,1.3302486913515932,-0.8977207449442862,0.2665669808803289
2022-03-21,0.6765596745992597,0.1239678492751822,1.3688989439146122,0.07626521403368584,1.3270877549367206,-0.8876030087661831,0.4475294046655462
2022-03-22,0.6511491394197618,-0.028912313425874095,1.1720385650279943,-0.1716664934710353,1.3050658298546893,-1.036987865028299,0.3151144770628729
2022-03-23,1.1892770951722746,0.3292833893008005,1.470721759802263,0.020751652537330845,1.2573158101359572,-1.136823759084854,0.521754324643962
2022-03-24,1.1479396330010834,0.026643042588758773,1.1365603364538872,0.1494146748095156,0.5995033308159619,-1.2627699805278934,0.2995485061902189
2022-03-25,0.805882631163473,0.1338441656979062,1.3965978429335266,0.6398038021215674,1.0288985466083056,-1.128009462304094,0.4795029210367809
2022-03-28,1.0944618892135796,0.1455541456921678,0.2479690182003957,0.1901775413744319,1.1637549944704682,-1.4299638980287597,0.2353256151537139
2022-03-29,0.3166386742635421,-0.6482348518109743,-0.5773818528114212,-0.944232854959782,0.04282080535717622,-1.6597250205130774,-0.5783525167457562
2022-03-30,0.06062582887087116,-0.563967650876194,-0.8454366130783015,-0.28142776492560106,-0.4192976708361512,-1.44151215118063,-0.5818360036710012
2022-03-31,-0.5263969959383878,-1.138681069253648,-1.1918610540373704,-0.2593870374380713,-0.31706933313621066,-1.278549289864492,-0.7853241299446966
2022-04-01,-1.575528655128986,-1.481892574985991,-1.7636653849640154,-1.2406601874371352,-0.7353235575070327,-1.4396869373355812,-1.3727928828931235
2022-04-04,-0.10288001950768891,-1.2045180116861949,-1.6726023475086167,-1.5282490663119739,-0.9402676959473422,-1.7238502694041047,-1.1953945683943201
2022-04-05,0.07599686990484665,-0.4921849114583123,-1.9552652248554918,-2.27166656056814,-0.3756203038720173,-1.4272409353767619,-1.0743301777043126
2022-04-06,0.4982195067656342,0.06736898848427526,-1.4400062789745522,-1.5302273898912586,0.5990339129183351,-1.1607713779811064,-0.49439710644644547
2022-04-07,-0.1356087365942078,-0.3445445144196567,-1.2558057287605715,-1.4669519960484,0.2877728304535985,-1.0527010193892754,-0.6613065274597522
2022-04-08,0.13088765766351798,-0.6424922862422487,-1.2894387523677482,-1.1130590729740768,-0.15402340839167278,-1.1172367729144896,-0.6975604392044531
2022-04-11,0.2039258408086113,-0.6653277014822366,-1.1403197603441377,-0.720568074867333,0.002239964454828507,-0.8731613225988053,-0.5322018423381788
2022-04-12,0.6651655413942726,-0.21363834628610015,-0.13163084863619315,0.20810275502028358,0.2847848670499587,-0.7295795809931322,0.01386739792484822
2022-04-13,0.20121377891777079,-0.39960697162173264,0.29170298607002265,0.684564666926559,0.5168785818773188,-0.7088588944937771,0.09764902461269359
2022-04-14,-0.2809726799397937,-0.49864867309990524,-0.16207514812357263,-0.04060398507867505,1.1581617825282315,-0.5127046304660675,-0.05614055569663042
2022-04-18,-0.06097229673257426,-0.6173862544917389,-0.19508415016622435,0.3751774875060768,1.324585769913954,-0.38540062858398855,0.07348665457425081
2022-04-19,-0.3287069660285923,-1.0558628157486933,-1.1130572665104939,-0.07230807514441957,1.2298399904684167,-0.4553429291141195,-0.29923967701298365
2022-04-20,-0.6176180920823608,-0.9364315890787819,-1.0594728198769516,-0.002665055745131798,0.781192634868242,-0.5305306837375438,-0.39425426760875465
2022-04-21,-0.7217957727604599,-1.155609897365735,-1.1684104011591245,-0.38122903677847064,0.8137060796276837,-0.3078482784635981,-0.48686455114995075
2022-04-22,-1.2401289170826841,-1.3755761494239023,-1.107698373964737,-0.9874559530293574,1.1603909838195456,0.700908510603237,-0.4749266498463163
2022-04-25,-1.7705021998500916,-1.7270831177854093,-1.4209887095923004,-1.4395509606148857,1.525873555347452,0.6802088942841739,-0.6920070897018435
2022-04-26,-1.9456186403705575,-1.769210083091457,-0.6768046914310474,-1.0749118208286574,1.6907678267459931,1.8662320285715404,-0.31825756340069766
2022-04-27,-1.834750030130322,-1.28393578399071,-0.5214847560606132,-0.8767692418391201,2.6309750682748705,1.7256713693818615,-0.02671556239400552
2022-04-28,-2.1513094831045,-1.7775373032883794,-0.5252714060028976,-1.1489885982245127,3.4158755270624486,1.3469277361257352,-0.14005058790535097
2022-04-29,-2.2398455208133186,-1.4758782472864491,-0.0038656985259549114,-1.051109850590443,2.4802951256387105,1.533429084032267,-0.12616251792419805
2022-05-02,-2.639664145682778,-1.3768702300744262,0.11871437069566546,-1.3163044929172394,2.6862211200203725,1.5703890331584487,-0.15958572413332617
2022-05-03,-2.909966414884497,-1.725957570299037,-0.40235933235613314,-1.3389054975843602,2.1862712262252866,1.3374584952764026,-0.4755765156037229
2022-05-04,-2.574928481169661,-1.514310814011732,0.10868265709822257,-1.2530731404342204,1.2533531173696406,0.26469588201671984,-0.6192634631885051
2022-05-05,-2.4491432672430773,-1.613488738869453,0.6276890923900504,-1.0663519399076145,1.8840783130383054,0.8425693781075841,-0.29577452708070084
2022-05-06,-2.3160518308985902,-1.666813744380365,0.7577966656875768,-1.1691998417924587,1.6887474095861905,0.7977476099517472,-0.31796228864098325
2022-05-09,-2.6856967216169076,-1.8881186234421097,0.029854756482031234,-1.6175681190602351,1.6161949431534635,1.4761592566760808,-0.5115290846346128
2022-05-10,-2.3877341193691635,-1.5591359291435878,0.09589172196414959,-1.8715402385806459,1.6684327096073752,0.6268114160393851,-0.5712124065804146
2022-05-11,-2.3604772578132893,-1.5411148080505686,0.03961296291981582,-2.0197052237243422,1.3661518757487712,0.5831692818652818,-0.6553938615090552
2022-05-12,-2.7964673126830824,-1.6011406960605687,-0.21426918098846492,-2.4697024186786223,2.200523588971993,0.9018503382532017,-0.6632009468642571
2022-05-13,-2.423232864435251,-1.586430476003074,-0.0995683509191064,-2.485231855482067,1.7029647051062853,0.3618243440509734,-0.7549457496137068
2022-05-16,-2.5988813204482213,-1.4893561482701363,0.06823773070631554,-2.476056972160526,1.1716927059961604,0.261376773024252,-0.8438312051920259
2022-05-17,-2.0570023774926955,-1.2490488476868224,0.3757999507101854,-2.025824283900826,0.5560456649339168,0.20515741601440116,-0.69914541290364
2022-05-18,-2.035170382931473,-1.4240828664666079,0.14257299049217584,-1.9676406904246246,1.169473051010629,1.0678269533738578,-0.507836824157674
2022-05-19,-1.8029427905842879,-1.344904637025915,0.24721146424230564,-1.5075557387353449,0.39917606827885177,0.39916768637197925,-0.6016413245754019
2022-05-20,-1.3144806417831452,-1.0428407933593142,0.45797251164161173,-1.3000718682665222,0.2656409794481795,-0.3230933985659371,-0.542812201814188
2022-05-23,-0.41508700500404916,-0.577348631728588,0.5241370369970749,-0.7117157573345296,-0.6791597410227257,-0.28936976899419803,-0.3580906445145026
2022-05-24,-0.47917952729518715,-0.7324222234006564,0.20286244704332737,-0.5800141642956606,-1.116748877436903,-0.7859580626759137,-0.5819100680101655
2022-05-25,-0.7679340350032401,-0.902215943994892,0.2105801043092115,-0.62669866069846,-1.354679173504797,-0.7219471187611187,-0.6938158046088826
2022-05-26,-0.6761748999338123,-0.7326803306082824,0.21380272249299023,-0.6440394501303096,-1.8321793380000284,-0.6615801219734541,-0.7221419030254829
2022-05-27,-0.3613068186796066,-0.8424330768613166,0.32969898541393894,-0.8576060026588354,-1.5214471111088095,-1.0690147075927678,-0.7203514552478995
2022-05-31,0.2629103901864372,-1.1257149812889995,0.2459652499334989,-0.3363406377091858,-1.8704372984503175,-0.9391483025007913,-0.6271275966382264
2022-06-01,0.3509286322812696,-0.8990483943321451,0.5192506416699874,-0.4232732182496718,-1.2492271643840347,-0.728650676830765,-0.40500336330756
2022-06-02,1.1339931672767558,-1.0795807562457698,0.16008869557184732,-0.07907329095267086,-1.1782329965931022,-0.4419622186752904,-0.24746123326970504
2022-06-03,0.9723427004232492,-0.8790402923274713,0.26419123998225524,-0.4625945367451674,-1.5815325288737208,-0.9613611550523481,-0.4413324287655338
2022-06-06,0.8950043688529228,-0.4610824260787146,0.09032867697976567,-0.6404054659860797,-1.3437885291941882,-0.8470267204106662,-0.3844950159728267
2022-06-07,1.2296366182113017,-0.15736985085042424,0.7667822593635796,-0.20252736218033232,-1.3797860515440552,-1.261839982486284,-0.1675173949143691
2022-06-08,1.497949892012811,-0.004821458417772534,1.329956985161129,0.0925584906225011,-1.380416672092471,-1.1344601715797467,0.06679451095107514
2022-06-09,0.8512703589316303,-0.3149845649884342,0.6555859860904998,-0.1338811491157505,-0.9605312687823149,-0.8907868415067761,-0.13222124656185763
2022-06-10,0.9589731047430494,-0.5005339407544935,0.5311849705990154,0.5844340067421596,-0.9814424067474325,-0.6593965867917406,-0.011130142034907031
2022-06-13,0.16049571098669774,-0.7864856377077908,0.12972769977871873,0.19117506733055128,-0.3287374482403266,0.28022052189070756,-0.058934014326907015
2022-06-14,-0.18881557791804934,-1.141784429054259,-0.37726060592191885,-0.17375390396682697,0.10621914108926321,0.3177658749083093,-0.2429382501439136
2022-06-15,-0.3680093000040356,-1.1816895461348353,-0.5415557400832883,-0.16951812205510042,0.3633314629062818,0.15224709488868593,-0.2908656917470487
2022-06-16,-0.36785310353338074,-1.380581277226957,-0.1105890467416597,0.29627732899486686,-0.7006368827782036,-0.0637180651569042,-0.3878501744070397
2022-06-17,-1.2809953940162109,-1.5571376274676365,-1.0521203542068467,-0.23232248028045063,0.46235040296051594,-0.0715219892483019,-0.6219579070431552
2022-06-21,-1.128389879334398,-1.5551312462648912,-1.0597838423775499,-0.26229072312114166,0.08440299426875429,-0.17470885146433607,-0.682650258048927
2022-06-22,-1.8121846876435914,-1.7233994032432727,-1.2153914447834395,-0.3601986168303785,0.5373610850341575,-0.1974829678921524,-0.7952160058931129
2022-06-23,-2.5240649463062543,-1.5284994876559757,-1.3483600815934398,-0.7306425382568075,0.7739775451168652,-0.2881816531019122,-0.9409618602995874
2022-06-24,-2.2605339759583787,-1.5081162080965702,-1.105255233680316,-0.44341828786912196,0.5213223705929004,-0.3707798410143721,-0.8611301960043098
2022-06-27,-2.040150806609602,-1.2797994336805234,-1.2590063820210178,-0.5357903938234949,0.5020982328744376,-0.3084414000822224,-0.8201816972237372
2022-06-28,-2.1485209902130893,-1.3699427829521853,-1.1343054008701032,-0.633756603943384,0.8920049049368541,0.06115821339130923,-0.7222271099417664
2022-06-29,-2.0799947344245426,-1.160805861290686,-1.2537137540350756,-0.5586585196728487,1.1573955390745072,-0.032633638409747846,-0.6547351614597323
2022-06-30,-2.399675045535846,-1.0028005336441075,-1.6129148092945094,-0.6980323114156791,0.47143432188026657,0.0889630000657559,-0.8588375629906867
2022-07-01,-3.3308954771242902,-1.0284664087826625,-1.4855917656584712,-1.0836206351577626,1.1359021102847893,-0.04356132327316737,-0.9727055832852609
2022-07-05,-3.6019310089572745,-1.1717334237775694,-2.2957125984074307,-1.3042259006384558,1.6355536862669438,0.04321970071571594,-1.1158049241330115
2022-07-06,-3.335404632937372,-1.2694191824435312,-2.2796093598356655,-1.578304991070773,1.7518946177992452,-0.11673218555982239,-1.1379292890079864
2022-07-07,-2.6663539436182218,-1.1297758206847714,-1.9619368370301833,-1.6147053948473435,1.7946630837226234,-0.06527963094708392,-0.9405647572341634
2022-07-08,-2.7708618621572305,-1.2452610109181164,-1.9356078216840125,-1.6027820901560013,1.5791074246560592,-0.25937646543953763,-1.03913030428314
2022-07-11,-2.7856966697556445,-1.1993631866940648,-1.9040233984581656,-1.6772612431473408,1.6989806133771175,-0.3440061405262606,-1.0352283375340596
2022-07-12,-2.8925808658794097,-0.9869844979297361,-2.382529888269361,-2.007990768774214,1.2087694019561763,-0.4130409674930912,-1.2457262643982727
2022-07-13,-2.503768028838086,-0.8251116682577009,-2.2939907249007674,-1.2855305798265444,0.6555022976899046,-1.0513334001535035,-1.2173720173811162
2022-07-14,-2.6324439949248966,-0.45537361710219837,-2.1564249880945767,-1.4277113897519154,0.7072959512758589,-0.9828809479764787,-1.1579231644290344
2022-07-15,-2.4934207809562765,-0.5009850272638079,-1.7744663230996467,-1.5027504942666876,0.6395266816347335,-0.9490044339724474,-1.0968500629873554
2022-07-18,-1.9706007471910314,0.12829289127228535,-1.5278836378782368,-1.7549679434519414,1.0834076970027477,-1.1023107485053176,-0.857343748125249
2022-07-19,-1.8633096737066528,-0.054999555567137974,-0.8653837274005263,-1.588644536407236,0.14089652801363625,-1.0321407966729064,-0.8772636269568038
2022-07-20,-1.7716700000833152,-0.0072165436576944976,-1.0716673517345199,-1.6805510824940881,0.47715853474346953,-1.0081256803418288,-0.8436786872613297
2022-07-21,-1.5923979990647459,0.1907220760008821,-1.1957298655804762,-1.4770857086508866,0.5053812778096392,-0.9743495730047268,-0.7572432987483858
2022-07-22,-0.9074511146628916,0.42083201603455483,-1.1707675795956047,-1.1659544323601791,0.2733715592006503,-0.97809543953225,-0.5880108318192867
2022-07-25,-0.8897239418458303,0.2982607253525908,-1.2310805284482673,-1.2598420123525742,0.2605477803022865,-0.7538211452444298,-0.5959431870393707
2022-07-26,-0.8309461267301804,0.14394914317764448,-1.4672785985985233,-1.1891824650315492,0.7694427604757036,-0.5512406931958623,-0.5208759966504611
2022-07-27,-0.6854494140263753,0.2018594216879036,-1.4133950191007338,-1.1117821460826773,0.0455995802033532,-0.8619378117485408,-0.6375175648445118
2022-07-28,-0.5162155253915472,0.4041104178286706,-1.324361102083274,-0.6537932074245075,-0.3417160740089579,-0.9448980132735002,-0.5628122507255194
2022-07-29,0.03575697280754575,0.531161203387677,-0.8675282998750788,-0.3673521772267185,-0.354130310453543,-1.1120419201041576,-0.35568908857737913
2022-08-01,0.23705101592343994,0.3596132728591296,-1.3868608427874138,-0.2219289912927652,-0.8350378136878078,-0.703833938498678,-0.42516621624734924
2022-08-02,0.8053425161234816,0.48799147318027286,-0.6996577334903642,0.28525474181291427,-1.1297031148391672,-0.6434309964775324,-0.1490338522817325
2022-08-03,0.6348630887785885,0.28288487712605764,-0.9197702468950698,0.4701914124568028,-1.2946494298294142,-0.8016433749643417,-0.27135394555456277
2022-08-04,0.1225693666938134,0.2536884852359209,-1.3708092241342895,0.8307381479803584,-1.7241115752760159,-0.7854146292502255,-0.4455565714584064
2022-08-05,0.5294831618793554,0.37807154397212434,-1.4461228228557064,0.5786596394241462,-1.183597182250514,-0.6442940926517438,-0.29796662541372304
2022-08-08,0.9829458102530854,0.7107861780245761,-1.2433702844833399,0.9037697655181083,-1.7858635606848594,-0.7940033912832122,-0.20428924710927357
2022-08-09,1.5210559072445078,1.0027801734028081,-0.6472011360001214,1.084252183694639,-1.8270200646353345,-0.8379049133935165,0.04932702505216378
2022-08-10,1.61387597565886,0.9793636266492995,-0.5527470658987399,0.9483772027926415,-2.3207886301967915,-1.04469684617949,-0.06276928952903675
2022-08-11,2.2358832143639753,0.9649801331774421,-0.29907164009640713,1.2689154718585636,-2.5835864449540336,-0.9283420197380416,0.10979645243524978
2022-08-12,1.9721378261137699,0.5437619662887465,-0.6255722963374591,1.3980120071620519,-2.0464899864055046,-0.769548753195083,0.07871679393775356
2022-08-15,1.3490013499666693,0.00014690113001311993,-1.192744398080108,1.0639995820633592,-1.255178612836417,-0.8185305404331541,-0.14221761969827293
2022-08-16,1.567185508053019,0.30983752121356034,-1.498895643600915,0.941718558018618,-0.9377132214683862,-0.7516762438320781,-0.061590586936030346
2022-08-17,1.2835141526161862,0.22761336241755573,-1.2257798136146323,0.9111978223135936,-1.0904881067711993,-0.6353216844749737,-0.08821071125224494
2022-08-18,1.530642863387746,0.2542873134147786,-0.5934930523910664,0.6628629327481379,-0.5723600509289191,-0.5824010853931627,0.11658982013958574
2022-08-19,1.4603436231263256,-0.07803253406281971,-0.43299528855192804,0.3742435560665338,-0.15726894909952874,-0.40282642749329595,0.12724399666421451
2022-08-22,1.3896733976009683,0.20835721980438288,-0.6276254975104925,0.30920663228485223,0.3851937436037792,0.04436242764100733,0.2848613205707496
2022-08-23,1.3733165996616983,0.3435606494113347,-0.1887227416505458,0.49963136757539506,-0.17890305703073536,-0.10879893250029796,0.2900139809111415
2022-08-24,1.0590634361813511,0.42845129365263585,-0.2734231977615544,0.497335929418276,0.20861926451588825,-0.08884606239759339,0.3052001106015006
2022-08-25,1.0521740780687983,0.3186217834211633,-0.3961718848643079,0.22401391000071383,0.15058632636463815,-0.11329792885693647,0.20598771402234486
2022-08-26,0.6994932258321646,0.5931804505848347,-0.5167509384339143,-0.2099098410627375,0.5268865372198076,0.6822455192990462,0.29585749223986685
2022-08-29,0.5423187477416304,0.8683534446936054,0.20827363575013638,-0.26935192521652884,0.7629929358890418,0.49725114451259356,0.43497299722841315
2022-08-30,0.38378030895463733,0.46282086408706485,-0.28552011553344053,-0.4600793251566705,0.3195428059374046,0.3176881804138557,0.12303878645047524
2022-08-31,0.47859012971271747,0.5199728815532326,-0.13105018312480723,-0.4160463043333972,0.14458665190968117,0.6299892077423666,0.2043403972432989
2022-09-01,0.11699600296950279,0.09513024782804771,-0.1965168996703394,-1.0183979015329736,1.0403711440621737,0.6888001248369987,0.12106378641556831
2022-09-02,-0.061571340605421,-0.002976140388371976,-0.19941527832815034,-0.6258183937920394,0.492235510734793,0.7385283194793318,0.05683044618335701
2022-09-06,-0.009991807907797433,-0.32201509293052166,-0.34513534286874603,-0.9391907283942031,0.9217693944877691,0.9806609727842156,0.0476828991951194
2022-09-07,-0.11266838143887348,-0.7127730536604012,-0.7984361694723877,-0.8281306527573996,0.7790275961231168,0.5075141132620765,-0.1942444246573114
2022-09-08,0.007291758350367687,-0.5952143997221863,-0.7569625215793064,-0.9548554336364526,1.3023180862991728,0.7703824709465509,-0.037840006556975704
2022-09-09,-0.013478167289060884,-0.5477371285486221,-0.6409859586366026,-0.7377490313610803,1.0017783590473759,0.5297924244075078,-0.06806325039674706
2022-09-12,0.22345797340463724,-0.08217039641572974,-0.31660955849486944,-0.6768647476559753,0.4003029562471755,0.8998637296934153,0.07466332612977561
2022-09-13,0.2305862016971804,0.3680222010175182,-0.08531720257347472,-0.7745535627781613,0.6691023786858791,1.4485749881491365,0.3094025006996797
2022-09-14,0.10084227284142282,0.08769078957557674,0.3540387051301905,-0.7724211175365807,0.6148318055446917,1.2831490716096259,0.27802192119415453
2022-09-15,0.15223973903966975,0.19216887948255773,-0.18341936233116046,-1.0734588758361512,0.6160937350587359,1.2342742552478865,0.15631639511025638
2022-09-16,0.12684937508249902,0.05457223034113147,-0.41617310716203765,-0.8727233960916709,0.17108575163720974,1.310380583860986,0.06233190627801962
2022-09-19,0.013241776535028149,0.01001039027415687,-0.365599726905116,-0.8275655677256056,-0.1749803181191563,0.9382559988936057,-0.06777290784118122
2022-09-20,0.029280298502374433,-0.057864447212052715,-0.43566968689641333,-0.7027856197016343,-0.3669738940072771,0.5147403144821012,-0.16987883913881696
2022-09-21,-0.17290379854869065,-0.5757674927554705,-0.9344506950634643,-0.8169698790943335,0.0478653722509398,0.579436650586073,-0.31213164043749103
2022-09-22,-0.07640231265807301,-0.4259428039731613,-0.9810622994400462,-0.7138126927239424,0.36097124104568706,0.7101703963614925,-0.18767974523134054
2022-09-23,-0.6009528293906231,-0.7598810985364052,-1.2735950418527848,-1.295552354324149,1.3329549202554183,1.3542960141641134,-0.20712173161407169
2022-09-26,-0.7694221813857867,-1.3039113848054262,-1.5593265363233744,-1.3091363292314833,1.5769655304578847,0.9156332484555588,-0.4081996088054379
2022-09-27,-0.4890651314942597,-1.450462260598682,-1.6933215261880488,-1.2382977898813805,1.5379436426579258,0.8324424237307768,-0.41679344029561144
2022-09-28,-0.049032232771629713,-0.7034613818024441,-0.7392765674767406,-0.415415118775988,0.8518427187525127,0.46735419558286995,-0.09799806441523662
2022-09-29,0.2277729444858916,0.04942222151675037,-0.6175554321475071,-0.26258619077353595,0.710385843343325,0.7611110891734182,0.1447584125997237
2022-09-30,0.5765813729536399,0.22647974380695704,-0.5007537282234151,0.09703292698754423,0.1688826762639764,0.772662458381251,0.2234809083616589
2022-10-03,0.6003242469349114,0.6235868569435383,-0.025821701513590645,0.4083081391348428,0.06467934115026505,0.5438859368998499,0.3691604699249695
2022-10-04,0.6398134975373629,1.7676832235956839,0.3235297889679646,1.068366083420168,-1.0398452130811595,0.1265999086830068,0.48102454818717105
2022-10-05,0.7924933943950335,2.0220970651081065,1.1253382449871279,0.6163009291235542,-0.4043907785451636,0.4301285376843729,0.7636612321255053
2022-10-06,0.28337440685924864,1.8378285729405353,0.9758113486984343,0.7420366218924447,0.21124494241015443,0.9625878027836259,0.8354806159307406
2022-10-07,-0.0554310196726352,1.1586365778572532,1.053405538979395,0.3909223901514791,0.7969132213214224,1.2850494868828128,0.7715826992532878
2022-10-10,-0.05361452990704331,0.9122619425834256,0.7229585887116259,-0.4000119985017978,1.264121491752744,1.1995474251440292,0.6075438199638307
2022-10-11,0.16824538127730412,0.6373933583402797,0.552444148162003,0.2046562649916776,0.5699175246575008,0.6664272040152309,0.4665139802406661
2022-10-12,0.1789626545186307,1.3781590498113954,0.15377463063869556,0.2148980798932657,0.6836551483442448,0.8597992498346314,0.5782081355068106
2022-10-13,0.3304621588862086,1.658268332745813,0.8265581321439105,0.7925873673731014,0.19653138635442502,0.5686653811423591,0.7288454597743029
2022-10-14,0.1571098274695769,1.4844287024126772,0.37701299258303256,0.15728938716541147,0.6232119055291339,0.5653224792749186,0.560729215739125
2022-10-17,0.18899699892256858,1.1375593972867524,0.28138388198754727,0.559488599420148,0.04650911719547308,0.5571805099869596,0.46185308413324155
2022-10-18,0.061595140028991587,0.7942355449506681,0.09781582653723603,0.5377988168424479,-0.1350110911703546,0.15474953286044812,0.25186396167490616
2022-10-19,0.026622932184703664,0.9982849250771444,0.6479807586494227,0.04550420727741485,0.05857045434057865,0.04739560325082711,0.3040598134633486
2022-10-20,0.37403819875822597,1.0740358199646047,0.619262712192828,-0.00010629120270751542,-0.31567392479493606,0.031217478980216602,0.29712899898303863
2022-10-21,1.049844998850778,1.3764829527691704,1.1558201858135337,0.8701712768298545,-1.5162317893441153,-0.3954974315108704,0.4234316989013918
2022-10-24,1.095569828731755,1.3646492584248282,1.3796942150437794,1.2398790267562443,-1.87807028003151,-0.6660920365213753,0.42260500206728696
2022-10-25,0.9467738777666621,1.7959937755893918,1.1893429453817421,1.2358878921172856,-2.26715947263312,-0.880847041583048,0.33666532943981897
2022-10-26,1.32930154876833,2.483472757256273,0.9943437391197344,0.7924407405114621,-2.120922089486884,-0.7392715312463014,0.4565608608204356
2022-10-27,1.0914048355438242,1.5609664486283115,1.2643339228924004,0.758064507912911,-1.5735429351259391,-0.9225916353576791,0.3631058574156382
2022-10-28,0.5453246345703429,1.13635888302248,1.3506444599857066,0.2839165471652088,-1.459953141745231,-1.123774669451752,0.12208611892445924
2022-10-31,0.3111213538956259,0.8619720778039288,0.5891490277743162,-0.34152996500633426,-0.9149451563667255,-0.9103662504241116,-0.0674331520538834
2022-11-01,0.42227652246961966,0.18778474426022065,0.44315841058804967,-0.6683014094163787,-0.18119538968754048,-0.7693607101172617,-0.09427297198388183
2022-11-02,0.35455698112535705,0.14820696927983798,0.49132402322271646,-0.4830121381038407,-0.6771084623942683,-0.6715091472531243,-0.13959029568722028
2022-11-03,0.3734980260947268,0.26347405170262755,0.1949901195995509,-0.8161996029290532,-0.4958848914638266,-1.0296186808297505,-0.2516234963042875
2022-11-04,1.4278807548417591,1.2765528608347547,0.24137663859414446,0.2067780183170159,-1.604761257843104,-1.2387234125018993,0.05151726704044516
2022-11-07,0.982832078160791,1.3530574361293244,0.3291314150096545,0.879795153452595,-2.032107716383579,-1.4038049475646552,0.018150569800688448
2022-11-08,1.129605938858839,1.6687850711856225,0.20085735782050373,1.3058025116640792,-2.2210436098801645,-1.3392068079466122,0.12413341028371135
2022-11-09,1.3432528082940642,0.7702067997426126,0.07872093979898148,1.404074774930316,-1.8275554352341077,-1.2319390581722638,0.08946013822660044
2022-11-10,1.415009160123008,0.4032021316209647,-0.06295753072687212,2.114011966804022,-2.362539784839605,-1.4265840122069298,0.013356988462431238
2022-11-11,1.9376877312212828,1.5408578668586472,0.7007962496208214,2.8720425033329127,-3.36267339305498,-1.571207939434295,0.3529171697573981
2022-11-14,1.5788158727310326,1.9748247658657871,0.3245081549763222,2.639778432726589,-2.636593354066263,-1.2767581312883858,0.43409595682418045
2022-11-15,1.6719693221109606,2.1746751238715523,0.8306421756525616,2.7079295710371762,-2.6692182407683243,-1.0130704562426356,0.6171545826102153
2022-11-16,1.6398004784151392,2.0891029644154973,0.2886149486829131,2.989202205376095,-2.8971103408129513,-1.1173591043464335,0.4987085252883768
2022-11-17,0.9892945668212313,1.6148980575405487,-0.27373960918807005,2.620124478023879,-2.6136708385142877,-1.0266321622539543,0.21837908207155776
2022-11-18,0.564354284674476,1.8460846031115823,-0.3518164953003083,2.0498395467493427,-2.1687868712715526,-1.1136564954102752,0.1376697620922108
2022-11-21,0.510497725529419,1.7088018278540802,-0.32693433072688427,1.8085124188363957,-1.8034984491729444,-1.2500855952189738,0.10788226618351544
2022-11-22,0.7322969629730737,1.7406183796708345,-0.24587458766637443,1.7166746295333535,-1.6434788282983863,-1.243765136534411,0.17607856994634832
2022-11-23,0.1766050378608697,0.6601114900871777,-0.9523902392008912,1.6021016875507874,-1.5982379501417356,-1.2417223545834244,-0.22558872140453604
2022-11-25,0.212408178457488,0.7841629026395167,-1.2844838269881862,1.7532907801263484,-1.91037870359319,-1.2151867343978566,-0.27669790062597993
2022-11-28,0.6560440307623361,1.3794772715096406,-1.0087199891998628,1.8547060363295742,-1.6676838456490735,-0.6312918397260959,0.09708861067108644
2022-11-29,0.8847344441946083,1.2526260792011463,-0.7033460840526747,1.998522404506379,-1.8745310234770594,-0.720262203314473,0.13962393617632105
2022-11-30,0.8703118222846563,1.6227496630974172,-0.5997046197475336,1.7732863294550032,-2.102412625398984,-0.9661510939893425,0.09967991261686948
2022-12-01,1.1371384075232613,1.6168928113404568,-0.6954476719472428,2.5165180378153797,-2.3945147874692254,-1.1084229472070308,0.17869397500926645
2022-12-02,1.3946336297548152,1.858145659730637,-0.6270829853928911,2.6405444473565858,-2.8198496079268995,-1.1759813805879586,0.21173496048904802
2022-12-05,0.40134821395463977,1.0464024760597888,-1.5300398552419567,1.4999310066341358,-1.9540174684176321,-0.7042801717975805,-0.2067759664681008
2022-12-06,0.7231771974409881,1.162340211446613,-1.7814655262470618,1.4436804641694443,-1.6166718702772007,-0.38054038702210863,-0.0749133184148876
2022-12-07,0.6238246952359406,0.8181759456942663,-1.7873828239220968,1.1400419559316628,-1.5955713429122294,-0.5069230541797274,-0.2179724373586973
2022-12-08,0.5886311574734702,1.2556792550334275,-1.4934148627917523,1.196061765861048,-1.9275853230798536,-0.686267168135085,-0.17781586260645757
2022-12-09,0.4188045741598398,0.9226157823702886,-1.6286355820528067,0.7650211172593905,-1.2211744582913024,-0.08380486308093996,-0.13786223827258837
2022-12-12,-0.2188307225769922,-0.11496690030796368,-1.5932008612637765,0.3247340286182494,-0.5385648282735418,0.6536508481561479,-0.2478630726079795
2022-12-13,0.15263558033371916,0.2282728953611601,-0.8494185309337801,0.6541541454851013,-0.9941223208449707,-0.1769097538027923,-0.16423133073359372
2022-12-14,0.29296024106559215,0.19813694246702235,-0.6899718721528596,0.563846057693739,-0.9666684067764861,-0.6348021137895716,-0.20608319191542732
2022-12-15,0.12174873684203298,0.049692410445659654,-0.675847705754545,0.18368682534720399,-0.6819254599937665,-0.1785773300020298,-0.19687042051924078
2022-12-16,0.3955837042291509,0.18178281596905083,-0.391213185867812,0.5071457904992183,-0.7518510293480127,-0.1825806375068113,-0.04018875700420269
2022-12-19,0.6239348735105135,-0.1831216577763376,0.001017169853107493,0.5905359778560603,-0.8072300196567902,-0.05084228846733125,0.029049009219870348
2022-12-20,0.8436933696705797,0.16642898329435124,0.20868911694172354,1.1438032211246156,-1.2818325074509613,-0.09653707994081297,0.16404085060658266
2022-12-21,0.7204148051783554,0.0022752225738896124,0.3783440587089849,1.11449561803223,-1.0273466529208626,-0.18962992060551342,0.16642552182784734
2022-12-22,0.537274106526582,0.34060926180108103,0.738693261994604,0.6401978431586978,-0.597733000268073,0.5290015453592033,0.3646738364286825
2022-12-23,0.6513389395354353,0.4387119125818327,1.3731176989256526,0.6361819994603986,-0.5889474475437986,0.2020947202906845,0.4520829705417009
2022-12-27,0.7803970449277736,0.44650243598110734,1.1835173902192047,1.043892450065407,-0.8300738623701075,-0.02114614607145669,0.4338482187919881
2022-12-28,0.7012389561081294,0.30917282747518743,0.911455621338318,0.83175159059152,-0.7737665167741444,0.17557389199039672,0.35923772845490115
2022-12-29,0.34922028126581667,-0.13469511559448813,0.4252391806496889,0.9989455058319825,-0.6924282295374404,0.34020784556457073,0.21441491136335503
2022-12-30,0.03694190123366247,-0.3325373093191755,0.6141395287039912,0.2771526344932636,-0.4115893053974744,0.6072177916475205,0.13188754022696467
2023-01-03,-0.20228405790241072,-1.298874769062553,0.25652537906280215,0.5828407508296579,-0.034533308578604024,1.1785775875436524,0.08037526364875743
2023-01-04,-0.13203644830442787,-1.531359702997303,0.045406549004697074,1.105837343818243,-0.33698004444261265,0.43492875629159955,-0.06903392443830064
2023-01-05,0.027380856665549097,-1.5640442557662082,0.6404670838274196,0.8367010044435745,-0.16764946896998614,0.18635106109405816,-0.006798953117598826
2023-01-06,0.15636466716747272,-1.3222119966683046,1.0567735960824598,0.9818027419393388,-0.3725015380593769,-0.2405106734489448,0.04328613283544084
2023-01-09,0.4157965786352372,-0.33455661481397336,1.3030608536677304,1.03224448315096,-0.5380616861289083,0.04594742310697281,0.3207385062696698
2023-01-10,0.5847124308448333,0.022965387823653167,1.4669920565208334,0.8806833529422603,-0.46179257621502595,-0.3960137195532504,0.34959115539388397
2023-01-11,1.1794851776988686,0.7345295402896693,1.4548765440353302,1.1400081777582687,-0.5693808341860012,-0.7057136045665439,0.5389675001715987
2023-01-12,1.1408138456882515,0.6763631308841006,1.1939439834907088,0.9432262511149041,-0.4966736819105426,-0.752995579158555,0.4507796583514779
2023-01-13,1.087581171535498,1.250309500104735,1.0893895387232253,1.305343354039233,-0.4347723397390288,-0.5809624760125969,0.619481458108511
2023-01-17,1.6044693807717323,1.8040017161275863,1.3452226894651524,1.5599571029025456,-0.6164077467662461,-0.692824719928897,0.8340697370953123
2023-01-18,1.6725677186876722,1.8326858546523883,1.543887941150884,1.3259733486075644,-0.6607108204834663,-0.4261798119108802,0.8813707051173605
2023-01-19,1.5721159662776227,1.5969350671235607,1.4952195622993418,1.5716832738255957,-0.7537870499230327,-0.34686410162750597,0.8558837863292638
2023-01-20,1.60280126626928,1.6033780181022663,1.4709987561886104,1.2166301973963718,-0.5157257421918805,-0.3057213378136992,0.8453935263251582
2023-01-23,1.5703139635215815,1.6765001911328716,1.1014937070732531,1.2082663110826442,-0.5243085852416045,0.025023286281088894,0.8428814789749725
2023-01-24,1.7858515380582927,1.5970672712218479,0.9721356696417407,1.6832272603612413,-0.6746558816833004,-0.5877664720228819,0.7959765642628236
2023-01-25,1.4894100529839744,1.6655738684624508,0.6019269446729402,1.626339020331526,-0.7165820691264585,-0.3695509488762354,0.7161861447413663
2023-01-26,1.4433613129031846,1.5540803665752958,0.7403275380956558,1.180583038877843,-0.595872021685616,-0.6381577437240892,0.6140537485070457
2023-01-27,1.242757987880689,1.5215833887255914,0.5998799571345779,1.2512008761399809,-0.6475283112577814,-0.7989739815975365,0.5281533195042534
2023-01-30,1.1855422978361942,0.9856465143913671,0.38224052803501896,0.996408082550443,-0.3171595480332741,-0.2987733941781131,0.4889840801002727
2023-01-31,1.3538705026055078,1.3826914590208785,0.22214044780693082,1.063755666143605,-0.2665754281333187,-0.49109883785907965,0.544130634930754
2023-02-01,1.0028790321557661,1.7856544817827367,0.36214458157967044,0.7555598134494105,-0.8841599491124077,-1.1119169008103604,0.31836017650746923
2023-02-02,1.0427777378614838,2.1449117432896063,1.0118187216353747,0.42547956873870424,-0.6117040797703852,-0.7289821148754263,0.5473835961465595
2023-02-03,0.5061259594713283,1.775823279613571,0.37693485000363713,-0.025200256458917145,-0.476442714403924,-0.9187256329080019,0.20641924755294894
2023-02-06,-0.008340041564418674,1.3464623512134715,0.480825018128981,-0.3623605606719322,0.14223350160103107,-0.35762553660814345,0.20686578868316485
2023-02-07,-0.2999681120122014,0.26017296935992834,0.8714158646320743,-0.39444772637627684,0.3707050539831238,-0.7436969817079568,0.010696844646448564
2023-02-08,-0.6880818530548883,-0.1900338400614994,1.010169539393857,-0.30072251786008947,0.2774242133424491,-0.17957722128085138,-0.011803613253503742
2023-02-09,-0.7788679438308065,-0.31903651082738604,0.49879943997326687,-0.47455619378587993,0.2231389084823712,-0.035986020287182514,-0.14775138671260285
2023-02-10,-1.2188930374721203,-0.9331478086851909,0.6138692855841891,-0.7677253466899058,0.6745479860926091,0.5519421190132219,-0.17990113369286617
2023-02-13,-1.0439084911947805,-1.4383341086681645,0.4198462970269771,-1.165594054299291,0.5863615801461467,0.6413266401944627,-0.33338368946577496
2023-02-14,-0.9625124483678558,-1.6057659673441835,0.16524752566252834,-0.9883305577089337,0.47447984970278817,-0.10205356200560875,-0.5031558600102108
2023-02-15,-1.2410341947041201,-1.8029284085624204,0.18959430120514437,-1.1830604577954615,0.7151943497634193,-0.5593884914707148,-0.6469371502606922
2023-02-16,-0.7447369391426566,-1.456847586527423,0.0095667551942632,-1.2757998192079854,0.7908751824414816,-0.07866853651527025,-0.459268490626265
2023-02-17,-1.0344857318698393,-1.6365029253250885,-0.5416038679483497,-1.3239352869309728,0.8030719877581467,0.0588633476756803,-0.6124320794400705
2023-02-21,-0.5409781482064777,-1.4532177874336272,-0.6211334426591142,-1.3996858439207736,0.8641327748861067,0.8717198747217318,-0.37986042876869225
2023-02-22,-0.6282022060840011,-1.7701746149869206,-0.7666841842912399,-1.4653962827718874,1.0795580143993533,0.8990091076001977,-0.4419816943557497
2023-02-23,-1.136649125881764,-1.8765414014949706,-0.5056546260200527,-1.6799853007999335,1.1723105211041327,0.5939136318377884,-0.5721010502091334
2023-02-24,-1.7078873272745698,-2.005250175712095,-0.479892200250187,-1.6230839487101325,1.3016769536336463,0.8592562276814542,-0.6091967451053137
2023-02-27,-1.2893695162899739,-1.7173696432649315,-0.3681377032479343,-1.4968812935896283,1.0834004876360304,0.7098546786435181,-0.5130838316854867
2023-02-28,-0.8224724845377382,-1.5023359364139532,0.19104111236040827,-1.2829387208437928,1.0308896335538704,0.19322224426806367,-0.3654323586021903
2023-03-01,-0.6231966235823369,-1.3922258648861023,0.1387076566018864,-1.242711704605986,0.9665659461175565,0.32554907557081547,-0.30455191913069446
2023-03-02,-0.4841893697004265,-1.2924555065982792,0.6770760159964228,-1.263485452763339,1.4514183068783533,0.5251887920594573,-0.06440786902130187
2023-03-03,-0.4343242840622214,-1.2478088672711323,1.056181299946983,-0.970964188238983,1.0891869871636204,-0.08134786475940542,-0.09817948620352313
2023-03-06,-0.20662250415759845,-0.9790379614968306,1.6854869756463993,-0.37000301159784993,0.6423072509367159,0.08595752015258475,0.14301471158057014
2023-03-07,-0.624463501734706,-1.0181359641387349,0.9729509777933414,-0.8149267006847024,0.8333049469666285,0.05507007725178408,-0.09936669409106491
2023-03-08,-0.5827026339043416,-1.0380393116153972,0.22092330128973636,-0.8983926702889221,0.9195126998337287,0.15819926143520352,-0.20341655887499868
2023-03-09,-0.33784770139303294,-0.9095629323860458,-0.1930140517784836,-0.7726938380572372,0.815919700776662,0.8933720367041293,-0.08397113102233462
2023-03-10,-0.6517142282950067,-1.0888461147242472,0.044817152047764854,-0.2607740774485068,0.6486947877563889,1.1565878101142535,-0.025205778424892206
2023-03-13,-0.21031466458489828,-0.7517606867464746,-0.5841902757688604,0.36950458669471087,0.18546644551488797,1.6771999631812693,0.11431756138177247
2023-03-14,-0.733530745761375,-0.44178084528503303,-1.2562012651163215,0.42836747286672056,0.2898304187463346,0.9678399311269281,-0.12424583890379108
2023-03-15,-1.4880078117295554,-0.8188945879455932,-1.7157691377071078,0.6394020145721827,0.7037905832126194,2.199328883642075,-0.08002500932589658
2023-03-16,-1.1157974135654085,-0.7292445606155775,-1.4845737541704498,0.7872413800697128,0.39155605617898176,1.516933404369322,-0.10564748128890315
2023-03-17,-1.4467181459612977,-0.7927315861462393,-1.7204822567549343,1.2970357160275054,0.17534904926036474,1.5471046479632913,-0.15674042926855158
2023-03-20,-0.9692133460986336,-0.6261040066764807,-1.2181373539277804,1.4125176073514722,0.03243253513202208,1.2285546645373364,-0.023324983280343974
2023-03-21,-1.2700105965958757,-0.9713116902179048,-0.8808630751333432,0.9820487027552742,-0.07969899039470536,-0.3438490667151843,-0.42728078605028985
2023-03-22,-0.9333016294195992,-0.5768713271226297,-0.22407883971723092,1.0889806060788831,-0.5319664716083721,0.038465090128339235,-0.18979542861010157
2023-03-23,-0.06534923919176797,-0.27772514841039564,-0.6511280293839086,1.8371381965583489,-0.46235151590753026,0.46267829459151455,0.14054375970937683
2023-03-24,0.26393366245836314,0.03519417860592823,-0.9376611274050654,1.7821198428526903,-0.4542866464161215,0.07964590687062914,0.12815763616107065
2023-03-27,0.01192908956084928,0.029075009339079243,-0.20242635735697162,1.2811182799754839,-0.34625443002651857,-0.021134109725832177,0.12538458029434835
2023-03-28,-0.3805528062940321,0.20680254321846872,-0.3905880046574065,1.3559537692223653,-0.5583031884021562,-0.12113276024515539,0.018696592140347305
2023-03-29,-0.7027293929276873,-0.21475264377663794,-0.5702819615379794,1.1437918582646134,-0.3288860615901633,-0.3287113469214172,-0.1669282580815453
2023-03-30,-0.44326641706101294,-0.13431007646645304,-0.4012452465756591,1.3602939870481114,-0.7014853658342498,-0.05979114363163639,-0.06330071042014997
2023-03-31,-0.35559397439558266,-0.03264652554699476,-0.4344468334517577,1.007481748499757,-0.36398255450223405,0.20584170566108662,0.004442261044045714
2023-04-03,-0.665426237991634,-0.06435463850517396,0.28403318900032987,1.1744842132094766,-0.4490894282872753,0.12723781873179013,0.06781415269291889
2023-04-04,-0.4879353187214057,-0.007243198985472065,0.8703068631846492,2.083821880738992,-1.0903269789864256,-0.03378272200716192,0.22247342087052932
2023-04-05,-0.6729056083267827,-0.20186804373150413,1.0228918600092167,2.031515987611234,-0.9921508237986039,0.1539859133802956,0.2235782141906426
2023-04-06,-0.5961777309056608,0.0029154803586333962,1.2314713415751188,1.6564258499664335,-0.8620736131720782,-1.0176819096659395,0.0691465696927512
2023-04-10,-0.7396247493939734,0.09890199402257766,0.8593156824432749,0.9341746027930844,-0.2925969230300976,-1.3193621426738031,-0.07653192263982282
2023-04-11,-0.6821311150853678,-0.14152358529290063,1.5806926372477013,0.4867693073366967,-0.052810471619098985,-1.6065434559231895,-0.0692577805560265
2023-04-12,-0.13193235531146766,-0.11957690234647603,2.6199955472543714,0.6142527402577356,-0.31362726869505936,-1.04347007548546,0.2709402809456073
2023-04-13,0.8299560344504201,0.6928304042656888,3.147914408687923,0.7061268205471587,-0.9046692045736421,-1.853877554537475,0.43638015147334547
2023-04-14,0.5840415718611338,0.8387816600958575,2.9118472821664385,0.33093549360362373,-0.5861012880775155,-1.4237729889108635,0.4426219551231125
2023-04-17,0.2265027405563644,0.8543000021590995,2.8538776133408255,-0.37377487783532265,-0.06362167692403951,-1.928241489603681,0.2615070519488744
2023-04-18,0.01883363615734162,1.1008631170228549,2.5651536549717746,-0.3387010070167604,-0.01720174478099911,-1.681497300164504,0.27457505936495125
2023-04-19,-0.2869093350507408,1.15268064289639,1.8601613603761586,0.0030773329768922744,0.09699178286921374,-1.1647120000097249,0.27688163067636484
2023-04-20,-0.7770512876232024,0.8520468861571432,1.211789373749124,0.03555919668870914,0.4400516847620946,-1.1368809734638752,0.10425248004499892
2023-04-21,-1.3384910983550173,0.4029696487403455,1.470774757867693,-0.8498457406508799,0.3671221162905409,-1.3213478575795208,-0.21146969561447307
2023-04-24,-1.2552785495551557,0.26543049512716343,1.7309471399937901,-0.6116694049499639,-0.08299707138502392,-1.0595763493541008,-0.16885729002054847
2023-04-25,-1.7402359910615055,-0.23368805194417527,0.7981241588029603,-0.20470345838747983,0.25378979640390603,-0.12358378627292843,-0.20838288874320376
2023-04-26,-1.7175757746261813,-0.4681059450144932,0.28974615636742723,-0.5394817371483197,0.26629423443155875,0.10354233967263274,-0.34426345438622924
2023-04-27,-1.6309432193972682,-0.4405189567142806,0.4117414783775591,-0.41473361899700933,0.18201123357251248,-0.26494241257399687,-0.3595642492887472
2023-04-28,-1.4722137118101697,-0.15151233641815204,0.511737942504483,-0.5807600531288026,0.46929055604943015,-0.6851027616162406,-0.3180933940699086
2023-05-01,-1.2958004578779507,-0.07916760302093036,0.12825022585758197,-0.5275591236373401,0.5140800868382885,-0.47465274114972067,-0.2891416021650119
2023-05-02,-1.3962707104759946,-0.09501516089967948,-1.1789950026556466,-0.34893483461415553,0.6103524516774608,0.20395854588075316,-0.36748411851454366
2023-05-03,-1.130523891069294,-0.2281979894247314,-1.647007510966592,-0.6426053279578723,0.5568922836646673,0.24553125936560516,-0.47431852939803615
2023-05-04,-1.100016247038425,-0.21778289020767147,-1.608018072736604,-0.41867652527467447,0.4771319978926128,0.8461680205831161,-0.33686561946360766
2023-05-05,-1.1162487981820604,-0.09833405830710665,-1.1877822887010145,-0.6851985891979846,0.4094625558999887,0.01822280468673832,-0.44331306230023976
2023-05-08,-0.7256190041427552,-0.19732997062400826,-0.7796177352464186,-0.3215661022066165,0.15203292727350826,-0.25843885107990683,-0.3550897893376996
2023-05-09,-1.0112761601634175,0.12112021763622507,-0.9267971007744243,-0.4033801821726918,0.43625512785754356,-0.04251183669446347,-0.3044316557185381
2023-05-10,-1.5161393441483466,-0.32198834679823984,-1.2919639053244472,-0.5485141818892382,0.6675078544042805,-0.3313769050938325,-0.5570791381416372
2023-05-11,-2.192402174370449,-1.042358616306703,-1.3739571988787516,-1.0921857267439132,1.1325920817819635,0.10797498504927841,-0.7433894415780958
2023-05-12,-1.9984326898697773,-0.9725360331992398,-1.5089232277177087,-0.6228512166286051,1.1478963989608189,0.42750904128606676,-0.587889621194741
2023-05-15,-1.7115631500464992,-0.8837020076798545,-1.135986545516382,-0.47549841844720775,0.7770916204629493,0.5038725191528912,-0.4876309970123504
2023-05-16,-2.131901679737103,-1.0997435363885801,-1.1564827341089507,-0.978015393833599,0.9818603788851215,0.9133432618303058,-0.5784899505588009
2023-05-17,-1.6561290822198267,-0.9465189566841696,-0.6462978859309286,-0.9101554365347352,1.0117911988134958,0.5828697516118811,-0.4274067351573805
2023-05-18,-1.7030256032226263,-0.8717908286113184,-0.5250060411421658,-1.3285123054546844,1.3725709185149497,-0.08127347951053299,-0.522839556571063
2023-05-19,-1.33487858139889,-0.5691424775526106,-0.6419416954555482,-0.7100657340268277,1.19736369815714,0.4024269159781219,-0.27603964571643563
2023-05-22,-1.415515702940019,-0.5481030736336038,-0.6926077376938875,-0.8612285231939005,1.4048766500404355,0.5132056548582288,-0.2665621220937911
2023-05-23,-1.0877358097534708,-0.4795007879789484,-0.32691242253817493,-0.9354102615089268,1.2795361094699063,0.27244272392413416,-0.21293007473091344
2023-05-24,-1.4850070691674082,-0.5628111646258505,0.2921217751041222,-0.9380544742872846,1.6255363694692015,0.8189714783113781,-0.04154051419930699
2023-05-25,-1.3975866452322554,-0.4856319418774098,-0.16404315374773726,-1.2099960677462631,1.7264161937918192,1.2543774622322523,-0.04607735876326565
2023-05-26,-0.98839824770956,-0.7023679677465208,-0.33497757666256567,-1.1810817624235153,1.6140421625355486,1.3369751258795683,-0.042634711021174145
2023-05-30,-1.2398639407360441,-0.986171042014487,-0.6712522698740394,-0.9179549277949158,1.3485568276115145,0.9346143246694244,-0.2553451713564246
2023-05-31,-1.0542009937184558,-0.748643048650653,-0.30770257898066683,-1.192631251669417,1.4823298475147444,0.34521444719028876,-0.24593892971902662
2023-06-01,-0.6307247046747615,-0.13181457573987562,0.515379012411023,-1.1717115998891627,1.4032875324190834,-0.8355287423864727,-0.14185217964336103
2023-06-02,-0.6277426621315497,-0.1197555077884459,0.788251505986767,-1.6598825188570272,1.570027439226799,-1.7796301404468187,-0.3047886473350459
2023-06-05,-0.5293428458846872,-0.4896864173688979,0.3714056299562254,-1.2327587524360044,1.6429733937170965,-0.8093838901667045,-0.1744654803638287
2023-06-06,-0.7000412502837542,-0.6194062772101723,0.005560033635559469,-1.2324526647259326,1.6425553130110762,-1.0829930310802192,-0.3311296461089071
2023-06-07,-0.6212271396564364,-0.7156815184098753,0.03151759806918107,-1.586187438855412,1.4792021642984203,-1.3410798647133728,-0.4589093665445825
2023-06-08,-0.14479886804390052,-0.15461944445591452,-0.002561736149296251,-1.2534767176664703,1.1683044861334633,-1.1870808126017132,-0.26237218213063856
2023-06-09,0.44616491153144067,0.42451017686585263,0.07342874079288705,-1.0718840071143823,0.9710182787119079,-1.0949894243832443,-0.0419585539325897
2023-06-12,0.1718481290837902,-0.02742793747056927,-0.3338162124542935,-1.1330142384448296,0.6818279503187769,-0.6118343415378164,-0.20873610841749027
2023-06-13,0.4432099418008639,-0.036495636643876846,-0.12824371936501605,-1.2787561722619938,0.6501375802339155,-0.8136790524533932,-0.19397117644825004
2023-06-14,1.026712849349759,0.05608327610378873,-0.3094996567224384,-0.8063241374595344,0.40550495887125154,-1.4045037985661997,-0.1720044180705622
2023-06-15,0.717945059311044,-0.30038079995936845,-0.24084042095675973,-0.678901040546821,-0.22688766489460757,-0.7382056570662023,-0.2445450873521192
2023-06-16,0.9595889194441763,-0.06371640570937623,0.1280502820451717,-0.3806149551461201,-0.49895553255758623,-0.8553233876786482,-0.11849517993373045
2023-06-20,0.7165357762663105,-0.3958803664876281,-0.059493769840574744,-0.9094088487357338,-0.18457377896308896,-0.978215997070113,-0.30183949747180466
2023-06-21,1.1053601614234674,-0.2896060484182402,0.22299018677389582,-0.880489063245225,-0.4327902471955059,-1.393600406554347,-0.2780225695359925
2023-06-22,1.156262998623707,-0.1872105854433296,-0.4941180032881046,-1.0821318389892192,-0.421105737727671,-1.869793447771083,-0.4830161024326167
2023-06-23,1.2103615051208612,-0.2580665828123646,-0.795048361783688,-0.8824261856013224,-0.3777944795709369,-2.006875061424908,-0.5183081943453931
2023-06-26,0.9719001227334563,-0.41177879620970376,-0.3271380906184085,-0.5874650690627455,-0.6637555763485281,-1.4565434493922411,-0.41246347648302845
2023-06-27,0.4799458432930464,-0.3403863254321802,-0.7694621557231975,-0.7065894794144171,-0.7684201211247421,-1.2859308539034766,-0.5651405153841612
2023-06-28,0.2689551400959261,-0.3700714043830388,0.15478964115246388,-0.8774416633342429,-0.5285389624455339,-1.2391019370524041,-0.43190153099447165
2023-06-29,0.20140030587337437,-0.708011572520159,0.47924520291238476,-0.9667979801403077,-0.3881729049543138,-1.3193925044612729,-0.450288242215049
2023-06-30,0.14663436004430677,-1.0579344883235375,0.23808350086932628,-0.9734756904089654,-0.22411866887252613,-0.5169531075257084,-0.3979606823695174
2023-07-03,0.2521216720882306,-0.8698607014217523,-0.22224010852015086,-0.662884095873495,-0.43081631215196814,-0.08392907178603566,-0.3362681029441952
2023-07-05,-0.059460791097115016,-0.6273213248920584,0.06990779446296161,-0.7451810502034932,-0.21969935776955699,0.15654034174576995,-0.23753573129224867
2023-07-06,-0.2396523687279776,-0.5072008885834772,0.14277673147347505,-0.9454581795449535,-0.3914717289366538,1.1798570517508455,-0.1268582304281236
2023-07-07,0.03846437174096936,-0.474134064283429,0.36662711989082325,-0.46923663852571346,-0.8511782488274388,0.8804657897101277,-0.08483194504911017
2023-07-10,-0.13630310460086534,-0.6817993095510623,0.43576386105312775,-0.7142601193948943,-0.6068876829436305,1.155287737721492,-0.09136643628597212
2023-07-11,-0.18246763686869139,-0.6920700453083418,0.990185292003262,-0.6142857227408698,-0.8472760592844679,0.9253040109912167,-0.07010169353464868
2023-07-12,0.41867538710652413,0.08753389651073562,1.7799346259531856,-0.2349877986853775,-1.513940095757968,-0.2729496318067595,0.044044397220056736
2023-07-13,0.45813000634629564,0.3689032401314528,1.492687526651468,-0.0671151128935186,-1.7364816665323544,-0.06715308326678986,0.0748284850727589
2023-07-14,0.2604139370804218,0.15728622645802487,1.442674704442923,-0.1748773021887628,-1.4805693944333356,0.1344598016050799,0.05656466216072518
2023-07-17,-0.285822369830547,0.07575695383606289,0.7367021029411664,-0.28723045103062167,-1.0558761109554446,-0.09274485233752248,-0.15153578789615108
2023-07-18,-0.29339807535660883,-0.39845979358793854,0.80169836155334,0.008517133411126246,-1.0892569166829005,0.27296158500834566,-0.11632295094243933
2023-07-19,-0.3297075469986748,-0.33636772926215114,0.9719484051286593,0.30248626941854545,-1.0327885446467893,0.32960343050401675,-0.015804285976065608
2023-07-20,-0.3825835342114848,-0.31756891689388905,0.6421276662820836,0.22803425950744935,-0.48105892218249013,0.8039749380527268,0.08215424842573264
2023-07-21,-0.33177935058063224,-0.11884596935365803,1.478857120896435,0.45114295982257746,-0.5555976225095827,0.749419511312236,0.27886610826456265
2023-07-24,0.30064367614063914,0.21209485427819222,1.8338403579568299,0.32905647056498244,-0.6757708316835507,0.6120338157252808,0.4353163904970623
2023-07-25,0.762034440123007,0.630968724076817,1.916028322510995,0.3026418616642766,-0.5703630922954109,0.17380378956904574,0.5358523409414552
2023-07-26,0.7679410544623668,0.2477191144576636,2.0656092701913877,0.530134589059993,-0.7158002951001743,0.07988969766543533,0.4959155717894454
2023-07-27,1.008018610372109,0.4214979384559858,1.8737473418693547,0.26767834423001796,-0.47733974131705414,0.8654727385620664,0.6598458720287467
2023-07-28,1.6239944931981816,0.8735137690232241,1.859892867627641,0.514015658038766,-0.7871911497812275,0.23686330816848783,0.7201814910458455
2023-07-31,1.7099707386763012,1.463568960200738,1.8730109926285448,0.49873063139945567,-0.44128937336802004,0.3582229574442935,0.9103691511635521
2023-08-01,0.9033595617208967,1.2066748963563152,1.9212060918062208,0.11051830675636805,-0.25170377101946556,0.5187263038328794,0.7347968982422023
2023-08-02,0.6984546280075307,0.7377663796299817,1.222090004286117,0.10604669515383093,-0.3016645932256736,1.2604908473255598,0.6205306601962245
2023-08-03,1.251918555145067,1.100103357359801,1.5236500899455667,0.18908344666395285,-0.2355538220952094,0.5230110040216257,0.7253687718401339
2023-08-04,0.7760709608998454,1.1234199741191144,1.3422577710001629,0.060096445896866205,-0.04014688665289901,1.3581079271080476,0.7699676987285229
2023-08-07,0.5555349393048548,1.0853993198048317,1.3360384985035452,-0.0030138829399412935,0.13314508341536985,0.5998662889249811,0.6178283745022736
2023-08-08,0.25436186586685633,0.6498028882892996,1.157043383422295,-0.21144359223814863,0.5288590083970336,0.8072777114308128,0.5309835441946915
2023-08-09,-0.18595170972527864,-0.12474380875641362,1.211283856872867,-0.6466990644595038,1.1796173508998131,1.4887978457542927,0.4870507450976295
2023-08-10,-0.826718766330665,-0.26600921715687503,0.7939365938413591,-0.6916681618137474,1.5997508615067628,1.3682434447758476,0.32958912580378036
2023-08-11,-1.0010344118041703,-0.5893499769725495,1.0687224007825875,-0.7174350454942726,1.6661892075634104,0.9967835923830826,0.23731262774301465
2023-08-14,-0.3862024332375299,-0.666513119302826,1.1616310351630903,-0.6479567436856661,1.868225527028517,0.9061475465902792,0.37255530209264415
2023-08-15,-0.6920381853105234,-0.31204182083255383,0.6748600440908681,-1.065108154591981,1.7929792758587226,1.831605298410164,0.3717094096041161
2023-08-16,-0.6503018936431897,-0.07279546889520326,0.4961202641922879,-1.1457804178791424,1.6891438840362938,1.675779246352689,0.33202760236062256
2023-08-17,-0.5437423884309925,0.03466372875146009,0.5927680916094362,-1.1841447531288793,1.362366492102018,2.0225443333062505,0.38074258403488215
2023-08-18,-0.3615912631263751,-0.13009139733449784,0.4903597513431823,-1.1094954187638126,1.2236156409273582,1.933065990140942,0.34097721719779944
2023-08-21,-0.5127365078916323,-0.18692052444086069,0.16426316059192841,-0.9705219526730391,1.0469350386170253,1.6388880184411518,0.19665120544076223
2023-08-22,-0.6381343403910549,-0.17511759853714626,-0.01940580053439484,-0.9593863602602648,1.165053835016138,1.5816518093500174,0.15911025744054907
2023-08-23,-0.2280470309112774,0.3049477808063658,-0.11096029489591852,-0.7676764850355517,1.3083406777373858,1.4912260919289535,0.33297178993832627
2023-08-24,-0.29283585028842335,0.10470303931299595,-0.2747441622059058,-0.48400826702153127,1.1702618361260755,1.3655877135700347,0.264827384915541
2023-08-25,-0.6818109197415547,-0.25533030323706774,-0.2387622000902459,-0.7905180864887695,1.3139032157667212,1.2527206750746425,0.1000337302139543
2023-08-28,-1.180099171330622,-0.5142604266276724,-0.369378356783991,-0.8446476388344092,1.1803614759267707,0.8098097035484157,-0.15303573568358467
2023-08-29,-0.32294283548190467,-0.33404387914369216,-0.1676038691124973,-0.20514885291521295,0.6877938948731521,0.3696781834275528,0.004622106941232986
2023-08-30,0.042896874913223235,0.7437163627328138,0.15707667806258901,-0.06331842437634398,0.338705378400988,-0.733016216597081,0.0810101088560315
2023-08-31,-0.3416537371926305,0.6352225893622874,0.14108082755992216,-0.08473429909292733,0.6300752347784506,-0.7858744889710718,0.03235268774067176
2023-09-01,0.11381191950915778,1.098685064912348,0.2257174804781117,-0.17795079054869758,1.254971781662087,-1.318534454566275,0.1994501669077886
2023-09-05,0.313495735586899,0.6833812107035739,0.5088635590679891,-0.2850933326872071,1.5307438911866251,-0.5347651208222922,0.3694376571725979
2023-09-06,0.3269432748890774,1.0613222464162988,0.48275642441109945,-0.27342795174948675,1.2898393478474217,-0.43268334869799974,0.4091249988527352
2023-09-07,0.04901482464137288,1.1296960339134228,0.18440124284048326,-0.16552262922773023,1.41419306880143,-0.43548683204916494,0.36271595148663566
2023-09-08,-0.14068136101653653,0.4599142592708641,0.4817970368361135,-0.1446619824027349,1.4058361970742053,-0.6072636053225308,0.2424900907398968
2023-09-11,0.6933107736768057,1.3213680668221814,0.39382168988212424,-0.053743640577313484,0.9537938762951159,-0.23639328432862142,0.5120262469617155
2023-09-12,0.5059951768518914,1.9536034157076956,0.688443289155876,-0.18857306246875188,0.8311764653247905,-0.02671567776923972,0.6273216011337103
2023-09-13,0.952459570172721,2.1021555478964062,0.8563285676158026,-0.09707592555891785,0.8442341680386478,-0.9302036504565216,0.6213163796180231
2023-09-14,1.1833518397943559,2.097161814099885,1.3206021626457962,0.017131856178106888,1.0628260691512876,-1.2879968284651822,0.732179485567375
2023-09-15,0.8056532252419024,1.3576733135775996,1.2285375351271186,0.40539365983230563,0.9958145789477119,-1.2296828302818543,0.5938982470741306
2023-09-18,0.5541985925372122,1.9157747564229202,1.1786377882343735,0.5066113144028389,0.9535387788365383,-0.9593464734570554,0.6915691261628046
2023-09-19,0.2748165525842381,1.679906044033078,1.2064930040523434,0.42257712903566813,0.9665154008318312,-0.8476626574237218,0.6171075788522394
2023-09-20,0.22576958516965415,1.8313225309308323,1.1172942954913678,0.5921165088513701,0.8134188408751161,-0.37095102603171454,0.701495122547771
2023-09-21,-0.6484382473404604,0.9784014748048001,1.2413207041286312,-0.13485170885348358,1.0053356209860405,1.0418552669253318,0.5806038517751433
2023-09-22,-0.41611194244408783,1.560035867618224,1.2525936919036054,-0.014611156080945464,0.7807497239520514,0.37335896243031663,0.5893358578965273
2023-09-25,-0.46316898989879535,1.4884751455443825,1.0583524051376332,-0.019375818719345215,0.9295127336014938,0.9046326585704167,0.6497380223726309
2023-09-26,-0.5778585049638215,1.3124884385508229,1.0991465131782807,-0.3793340864695682,1.0417066359846274,2.081093025812153,0.762873670348749
2023-09-27,-0.8039553311610934,1.5350546478106701,1.371864023412313,-1.1455187073457378,1.5123957609478185,2.062369290268084,0.7553682806553423
2023-09-28,-0.3016784750673869,1.4728088257401821,1.0031532084051231,-1.444112315319711,1.4610433600640027,1.9382254342281189,0.6882400063417213
2023-09-29,-0.0073241356300760155,1.9942147453860586,0.5580757368448203,-1.5476432127646598,1.1755641961093963,2.154261178614751,0.7211914180933817
2023-10-02,-0.8764412058496345,1.2438154164641804,0.0051278537602220346,-1.8618840323723185,1.2047250906790936,2.4274181616776374,0.35712688072653004
2023-10-03,-0.9639528428329787,1.3957828831081032,-0.10069437957960378,-1.7225917694328448,0.9429342859687084,2.7385779010592306,0.3816760130484358
2023-10-04,-0.7682259102895106,0.9180135512358361,-0.867543179907403,-1.7434126592108543,0.8046143642481816,1.926364981303697,0.04496852456332442
2023-10-05,-0.8620912414209309,0.7532562748628648,-1.0215996546031936,-1.8346784685260675,0.44202538167057037,1.8752116597094364,-0.10797934138455338
2023-10-06,-0.04289141324475205,0.976871705803092,-1.0233864050848942,-1.628141971891292,0.25840179010879527,1.7025609414674494,0.040569107859733076
2023-10-09,-0.5020016147458881,0.6513404385533851,-0.5210303031578014,-1.3258946695069214,0.5520819773673592,1.7930700753068127,0.10792765063615768
2023-10-10,-0.45180037252923605,0.1878730809381747,-0.7591437141132066,-0.8137927117570971,0.3294068148673988,1.274374371638595,-0.03884708849256191
2023-10-11,-0.586198291559932,0.06427535333530862,-1.0237541297271036,-0.49188991760575396,0.2794127914608183,1.2354876118718923,-0.08711109703746171
2023-10-12,-0.874848116369207,-0.05883600356165113,-1.2817721614289508,-0.5841564227417665,0.32189015533402165,1.8347391836973,-0.10716389417837568
2023-10-13,-0.8354083557463611,0.31980654739614034,-0.7315892447264434,0.49309199516422403,0.4046275972304741,2.3464963109177535,0.3328374750392979
2023-10-16,-0.6325612820394628,-0.2221514655838845,-0.9422256429384148,0.1621320440242851,0.2303035513438739,1.3460426660993363,-0.009743354849044502
2023-10-17,-0.5185284530241183,-0.08069177184904956,-0.8962489966148489,0.1965474078972329,0.2255801659457099,1.542478070252193,0.07818940376785317
2023-10-18,-0.6780522434477779,-0.5208417284246496,-0.5441514036481933,0.6703498567353074,0.4222746268505414,1.529336467512254,0.14648592926291368
2023-10-19,-0.07037623852651231,0.18210828351284997,-0.30627771740743664,1.6530017339834024,0.11468651274028073,1.2250837190692312,0.46637104889530256
2023-10-20,-0.4139223240771193,-0.23473979329353303,-0.43421343870384727,1.8054383910749299,-0.07125911612516152,1.4464266250759164,0.3496217239918642
2023-10-23,-0.088018371767882,-0.17885532712206276,-0.8201760633288996,1.8418155583163849,-0.6820673486422739,1.1004862924233072,0.19553078997976228
2023-10-24,0.3369379341709452,-0.2929154904314788,-1.1340608438122035,2.1835116835583652,-0.3986653388140298,-0.08585572110343762,0.10149203726136014
2023-10-25,0.040387492166202354,0.020540488835090583,-1.2986193284755359,3.005790711982986,-0.5082536059146439,0.5253514471815617,0.29753286762927683
2023-10-26,-0.46282670522247027,-0.7067803717318214,-1.3289268506132594,3.2090539276824823,-0.21413017112460977,1.0003163475637646,0.24945102942568106
2023-10-27,-0.22233475361041768,-1.016065389898633,-0.8946066974680948,3.3579585369085705,-0.2126616214854105,1.1067925286999032,0.35318043385765296
2023-10-30,0.5462456203921663,-0.28380547787424054,-1.0698511675727402,3.7091429568279475,-0.8924077310660967,0.559742829962563,0.42817783844493323
2023-10-31,0.5978470911930847,-0.14965944054972471,-1.2997531857192497,3.417252946587128,-0.6350713279938389,-0.6256320517703751,0.21749733862450407
2023-11-01,0.8452481089474666,0.20042819705631573,-0.7516733632516582,3.2509046586658474,-0.39300852194636265,-0.6750299981408565,0.4128115135551254
2023-11-02,1.2682447077463905,0.24626780199996656,-0.19806592837274237,3.2558253603940233,-0.5640248062362733,-1.0151677851948815,0.4988465583894139
2023-11-03,0.730008957361943,0.524091890859492,-0.5779457157981692,2.9601992243424666,-1.0361661707622039,-0.965597977132217,0.2724317014785519
2023-11-06,0.8410871758373388,0.9219766083015004,-1.0448773134771057,2.3599921302063063,-0.9458936783279398,-1.036857177610699,0.18257129082156687
2023-11-07,0.6237286722707605,0.9619731270803134,-1.4928500842159704,1.866881526950495,-0.6137799738369215,-0.8694452279183063,0.07941800672172843
2023-11-08,0.43989552843244456,0.9694819194699045,-1.4745905242687638,1.3880129371382333,-0.5772008906230356,-0.7071443288365807,0.006409106885367037
2023-11-09,0.6280852928177408,0.8503941788131617,-1.3488350735541086,1.625310254862662,-0.8172343212554679,-0.6015518669294871,0.05602807745908345
2023-11-10,0.33320020410060663,0.5549850143019393,-1.7907809469795337,0.15802982345487135,-0.8809929285103348,-1.6193877431850825,-0.540824429469589
2023-11-13,0.873145506967405,0.8410471285803031,-1.5031827817136474,0.4633751021021124,-0.754474007975532,-0.9051045110250525,-0.16419892717740192
2023-11-14,1.117195858782031,0.7012681612842266,-1.5129350574743257,0.688168418053971,-1.6303929711517826,-1.2563922143694115,-0.3155146341458819
2023-11-15,1.3287806321026743,0.5082663894024544,-1.9451915884786968,0.14058348611016158,-1.6181702344308442,-1.5332418305739828,-0.5198288576447055
2023-11-16,1.1354533319507032,0.11945285411849856,-2.549402873183894,0.29827551054090434,-1.4250391871908659,-1.8775587556433462,-0.7164698532346666
2023-11-17,1.7980308285643867,0.1752756974715209,-2.0266006337613827,0.043906868346860924,-1.652288225780462,-2.011884081087948,-0.612259924374504
2023-11-20,2.1033657440779363,0.6141328780863056,-1.3704043185504182,0.0775006831618203,-1.4800221778151421,-1.8480667551877255,-0.3172489910378706
2023-11-21,1.767609895639944,0.6216656256701641,-1.105797941022131,0.4259084886173774,-1.771883647584983,-1.5781755852138168,-0.27344552731557425
2023-11-22,1.684797228466992,-0.19768840392968193,-1.4051343412203754,0.15892916966494613,-1.6957789108572798,-1.8880491267066737,-0.5571540640970122
2023-11-23,1.7932708745485697,0.058581080817159736,-1.1072220418316194,0.10508385289868824,-1.7002262560726713,-1.9197862350747796,-0.4617164541191088
2023-11-24,1.3549806422066786,-0.17777478502842237,-1.622077638086636,0.242765606013922,-1.9179028854932825,-2.0486076205095936,-0.6947694468162222
2023-11-27,0.9405412155445229,-0.936866869301049,-1.2984610277474924,0.2677182179179872,-1.7577456669634883,-1.724829736826021,-0.7516073112292568
2023-11-28,1.3019068433007297,-0.7389362059999229,-0.8883279208589812,0.8562254602977875,-2.215105318549851,-1.4162073043082024,-0.5167407410197401
2023-11-29,1.1315933977371948,-0.7502799869062508,-0.5804827508255143,1.055705044194256,-2.25144128790761,-1.0637935129872653,-0.4097831827825316
2023-11-30,1.2730385894279794,-0.7135289716625994,-1.130882918159123,0.7957222158404414,-1.4703890166426232,-0.7960876655803154,-0.34035462779604003
2023-12-01,1.8132375945286414,-0.8489315534242567,-1.130328938838951,1.1903140084908663,-1.0151765040688379,-0.6861520111890312,-0.11283956741692819
2023-12-04,0.8079107075215357,-1.5673496806449707,-1.3103637814748972,0.6127136953190104,-0.9103180918654874,-0.5336635265191852,-0.4835117796106658
2023-12-05,0.7367202682710544,-1.5672477925939,-0.9325503703919137,0.7485568811160479,-0.846847516817071,-0.5918937891057262,-0.40887705325358475
2023-12-06,0.624346029608656,-1.751560837621771,-1.085507447386023,1.1686137374462753,-0.8069904840212214,-0.4476530346430334,-0.3831253394361862
2023-12-07,1.1086855033519074,-1.7045948425032584,-1.1382211719927384,0.9363572220228767,-1.2704102591476074,-0.6666203805991655,-0.4558006548113309
2023-12-08,1.8002401132418295,-1.142473225081741,-1.0431599917885508,0.9382046141044803,-0.9848130920293425,-0.5791277313164691,-0.1685215521449656
2023-12-11,0.8168290760291514,-1.4628938370699098,-1.169208154845877,0.3929920348383379,-0.8235245192182888,-0.6585338613873521,-0.4840565436089898
2023-12-12,0.7144359037688826,-1.2877356650987972,-1.5534064963947805,0.12136161333025573,-0.13535307664370114,-0.6801104039861996,-0.4701346875040567
2023-12-13,0.43969685741841436,-0.9633477257084083,-1.1988448496079338,0.2145634480750022,-0.8048334798164173,-0.6437427549419011,-0.4927514174302073
2023-12-14,1.3564618922575329,0.1064026772900533,-0.3225057902930772,0.5824779504639862,-1.2626942439525966,-0.5859249924955333,-0.02096375112160581
2023-12-15,1.058941711247943,0.5583171988876989,-0.7865097182344167,0.4671100414783649,-0.6658696006220847,-0.4973293897262789,0.02244337383853774
2023-12-18,0.19089633068332437,0.5400377005208654,-0.8617855609465821,0.6011979592847635,-0.5055286821691197,-0.2705235197959294,-0.05095096207044633
2023-12-19,0.5674210092764426,0.03947430326052542,-0.7406483830737152,0.4341165501621115,-0.7454138424366403,-0.27264984451474367,-0.11961670122100328
2023-12-20,1.0249212991484666,0.13484671289613132,-0.5342692119755295,0.48962446013984806,-0.7869985026346271,0.3525763023065436,0.1134501766468055
2023-12-21,0.9900830021630804,0.08026828236268735,-0.5826494986536513,0.553595272307816,-1.081068030472736,0.3336977738821682,0.048987800264894125
2023-12-22,0.7396666097951926,1.0144576662804696,-0.41006882929897687,0.6518828154642584,-0.8868264531247201,0.23807039998507762,0.2245303681835502
2023-12-26,1.0169159668626573,0.9916189300242919,0.000978771856774285,0.5048032242816733,-0.9009228758879358,0.11315605815632686,0.28775834588229793
2023-12-27,1.0719924651201183,1.9161445578262588,-0.45025166986475007,0.41965464447117823,-0.9152479222130355,-0.12806748724566255,0.31903743134901785
2023-12-28,0.9425024791347597,2.0187765697789484,-0.9931352489007261,0.1698034202125203,-0.7937352297254716,-0.23145688105688392,0.18545918490719113
2023-12-29,0.33185937464630555,2.3115354394158416,-0.7426680814831541,0.12595579438561683,-1.1078457988790955,-0.21760151454212756,0.11687253559056447
2024-01-02,-0.3863896458840654,1.3728092132975165,-0.6581300838684934,-0.36041554175712026,-0.5348304429283436,0.20952480965829773,-0.05957194858036808
2024-01-03,0.1349269815418558,1.3411399872567151,-0.14070074469147123,-0.10848337577212767,-0.5887038529887613,0.36042539496082676,0.16643406505117295
2024-01-04,0.3885203041449991,1.200476762976507,-0.10616877970623685,0.1048843670788205,-0.8201661000654449,0.4972013890792874,0.2107913239179887
2024-01-05,0.5480164670308783,1.2077605209381157,0.6405970811912074,-0.09260156122167841,-0.873677864168219,0.1290213767536174,0.2598526700873202
2024-01-08,0.02766001738894843,0.9638090317647977,0.15099776091033745,-0.338405215987435,-0.6693807346875952,-0.014823489812840845,0.01997622826270209
2024-01-09,-0.6513204621041117,0.9078170137982406,0.08831079615981748,0.1652261450942752,-0.7360531254499267,0.14738054393804578,-0.013106514760609886
2024-01-10,-0.06821284974476519,1.06861456405383,-0.057717072025074916,0.4208319773556027,-0.9091996622454892,-0.00638190890413746,0.07465584141499433
2024-01-11,-0.14865512810604375,1.070855903490254,0.5179936830664461,0.2991375860342647,-0.8400454302765725,0.12800476164932661,0.17121522930961253
2024-01-12,-0.44373297932847366,0.6022322693655285,0.4777187051562058,0.7421715833653957,-0.260900289527609,0.18266323345799904,0.21669208708150775
2024-01-16,-1.0237265464198217,-0.329667106219963,0.07694110197523969,-0.3690487545671238,0.7440762229417438,0.5328328430466429,-0.06143203987388033
2024-01-17,-1.2531354055634896,-0.9360082359133918,0.13305549385506774,-0.58905570585278,0.4560942123798736,1.025092127435776,-0.19399291894315737
2024-01-18,-0.8739855610052938,-1.4772151836797736,0.20989067451270904,-0.4109002161562304,0.5183022225093623,0.6027687578400377,-0.23852321766319817
2024-01-19,-0.9080815427306546,-1.2540749522326577,-0.04497349669292613,-0.46834697301420747,0.5597118529745484,0.26755215198407856,-0.30803549328530316
2024-01-22,-1.1116143213851821,-0.9443225863717286,0.12669931191558975,-0.5055250280223679,0.43868829010516625,-0.23828489642620249,-0.3723932050307875
2024-01-23,-0.9446526874796072,-0.13854851024540862,0.06263112307947216,-0.5087730717607433,0.9038480976963704,-0.4752576436454855,-0.1834587820592337
2024-01-24,-0.13029228801572235,-1.1758780639837465,0.25233596784142287,-0.9272857714239852,0.7594122716887256,-0.008625420595822468,-0.20505555074818801
2024-01-25,-0.2520007334406725,-0.8561856327711862,0.30413591430309583,-0.8852536278848171,1.0562642149808132,0.13500668339618999,-0.08300553023609615
2024-01-26,-0.721327613742674,-1.3608354630802155,0.6815578624670527,-1.2238537474835922,1.252981572203315,0.2966845215681941,-0.17913214467798666
2024-01-29,-0.2973549576746105,-1.3205537128752924,0.9180057636716951,-0.9608183999145748,1.174858582601334,0.41828952439385103,-0.011262199966266298
2024-01-30,0.23793314752227257,-1.3550930075360241,1.1488972809124516,-0.6828189518258235,0.987240371631315,0.3030503437272927,0.10653486407191404
2024-01-31,0.3024720318923815,-0.6027005854517018,1.0476505484367158,-0.44848039246659815,0.4230853570176605,0.4003837528701938,0.18706845204977526
2024-02-01,0.08220529209735121,-0.5798574354460251,0.2567663464104943,0.09155049185647787,0.1545645978956647,-0.1166425248695796,-0.018568872009269433
2024-02-02,-0.031539062874259643,-0.31753909859244184,0.08453052653000855,-0.29552012382191956,0.643466892048796,-0.15409170666000788,-0.011782095561637387
2024-02-05,-0.1366555327527429,-0.3736848055664508,-0.10383070265310175,-0.45508619154157015,0.9265863300853207,0.07794146107539773,-0.01078824022552454
2024-02-06,-0.08976075134031208,0.3717316166961679,0.5771471053661265,-0.07423231208371689,0.8830158668511747,-0.05336473272436576,0.2690894654608457
2024-02-07,-0.04515151551382342,0.03813319986691776,0.40906009583782754,-0.06667648314837087,0.6119373070875171,-0.00908838185370938,0.15636903704605978
2024-02-08,-0.5960305949451712,0.09833667261222417,1.0332492989142399,-0.04685494961845155,0.7957780979093207,0.01021546662808819,0.21578233191670837
2024-02-09,-0.7375266576947502,-0.034654165359950084,1.0282446178960643,-0.07754823871043107,0.8065282965509112,0.18091564344440328,0.1943265826877079
2024-02-12,-0.07089168670486867,0.24382070340374287,0.9232629785531875,-0.6698492003592161,0.809217485401767,0.4867018659442454,0.2870436910398097
2024-02-13,-0.43143839893755964,0.24083472228842923,1.1601316869069842,-0.7573175683346023,0.721316289533902,0.7508982769572363,0.28073750140239834
2024-02-14,-0.26640005122885474,0.6350980216613392,0.8921076123157974,-0.44109880889354475,0.5516622208018291,-0.16311366741578462,0.20137588787346358
2024-02-15,0.10528273020715351,0.5832055158136039,0.8537464620725936,-0.5213390291814542,0.27617052335860565,-0.04807327107991307,0.2081654885317649
2024-02-16,0.43753014234747556,0.5574554930435373,1.1997539249099294,-0.508904795552842,0.41508182363709734,0.3926096575836143,0.4155877076614687
2024-02-20,0.8769741957868074,0.15500438752433326,0.6592290031619071,-0.14778331264909272,0.28567162970066773,0.9354506633365108,0.4607577611435223
2024-02-21,0.6969764940685523,-0.27319480578618144,0.7615086101636447,-0.3095155442932017,0.08924423041383964,1.2273219099360304,0.3653901490837807
2024-02-22,0.08307000355651048,-0.7330382612978411,0.7449587773286658,-0.1977485434679758,0.28896639150836023,0.6001426336696081,0.13105850021622129
2024-02-23,0.08912681877257253,-1.020530356208316,-0.05397298772221889,0.06275520098693732,0.09581463158028838,0.14492278651959273,-0.11364731767852398
2024-02-26,-0.29394304147637196,-1.4565619454894327,0.024412333994956334,-0.11461374574672765,0.10079349622428123,0.22871643197526342,-0.2518660784196719
2024-02-27,-0.447891132920841,-1.33881656028905,0.46865256524964066,-0.17378335258824681,0.028626908577013322,-0.036247535530922276,-0.24990985125040102
2024-02-28,-0.7711526822582,-1.4331290600597457,0.22057692742428192,-0.298576227040541,0.24324007736204428,0.25430842318425395,-0.2974554235646511
2024-02-29,-0.6729619996676911,-1.0442201897212495,0.5291147826700779,-0.36777576709291665,0.4240234416898012,-0.33841045368936895,-0.2450383643018912
2024-03-01,-0.06233943810668216,-0.4099747240615355,1.2237382813144764,0.24110268967106188,0.3795908275539778,-0.2834118395194882,0.18145096614196835
2024-03-04,0.18508715816287843,-0.42150274331923926,1.293122438707362,1.0355786885142748,-0.13957561136870542,-0.12905790438631976,0.3039420043850418
2024-03-05,0.5606859624495364,-0.26312795080647944,1.0779435601560672,1.4583019233518544,-0.45442992443080277,0.33412366370762603,0.45224953907130033
2024-03-06,0.6963902554317061,-0.23904238874210337,1.1484460777939594,1.5537685477944738,-0.538296496994637,0.6195414933425769,0.5401345814376627
2024-03-07,1.5377639356213768,0.06954325561373552,0.9958292783690341,1.63578066645366,-0.7701032892526449,0.6946209507355753,0.6939057995901229
2024-03-08,1.5006744035926656,-0.05789062870540261,0.3915881949795339,1.9758234453926466,-0.8695314999510494,0.8330277375148644,0.6289486088038764
2024-03-11,1.9863709917790835,0.2878590576224372,0.27025900520232765,2.1345750644720995,-0.7369181679495613,0.9573840651909442,0.8165883360528885
2024-03-12,1.577953255135842,0.25381791010938776,0.1992033989473791,1.8280014870034305,-0.7240846209125874,-0.07079143584706941,0.5106833324060637
2024-03-13,2.7426238824771616,0.26624973789685674,0.4194170271688302,2.4182285038609295,-1.2730496224855212,-0.7795455505176401,0.6323206630667694
2024-03-14,2.6538833780338003,-0.19767179154196285,0.9389409379385549,2.205454244797423,-0.7771360292033341,-0.03993983266604173,0.7972551512264064
2024-03-15,2.6767923621597802,0.3292028859678825,0.6565257704702704,1.8833213850966364,-0.47332118544804486,0.1026421922554316,0.8625272350836594
2024-03-18,1.9450067309029497,0.48714691847013064,0.7590107189509511,1.74970510021843,-0.3597495728443193,-0.032896790054763245,0.7580371842738964
2024-03-19,1.2589993933276604,0.767910026789965,1.106130366934268,1.4129745453735845,-0.08766339673996047,-0.6676926904955749,0.6317763741983238
2024-03-20,1.027812020353175,0.5137811795552135,0.84792631851224,1.4939038700977643,-0.28137057579711194,-0.9291605475870671,0.44548204418903564
2024-03-21,0.8927505858776954,1.3475034021655683,0.6219287031403283,1.844270622169655,0.12494898497095248,-0.698372046972181,0.6888383752253365
2024-03-22,0.619187124592633,1.760109334780287,0.98535949486519,1.1949898612881984,0.4126041718148075,-0.34560670274630556,0.7711072140991351
2024-03-25,1.148943983485193,2.0235762086837346,1.0393588612642417,1.5510547388972085,0.3664137727242461,-0.2822818250959949,0.9745109566597714
2024-03-26,0.9915858039411786,1.645267995633071,0.7361559412839668,1.4531703666261766,0.4161747999646025,-0.122961486340822,0.8532322368513623
2024-03-27,0.9785211684985025,1.653111990038669,0.7842921776038184,1.6467344449925887,0.3792100916725004,-0.4712270958839238,0.8284404628203593
2024-03-28,0.9915164577822684,1.6464649539664047,1.2360370182720444,1.7969754602021415,0.4128863242208321,-0.1839211984757501,0.9833265026613235
2024-04-01,1.1368503871408946,1.4216321427394243,0.9906047244159163,1.4353696767535327,0.93766025369109,0.2422696288081836,1.0273978022581736
2024-04-02,1.3295829054395472,2.146633651376476,1.535412172141536,1.3106440334965315,0.8438596471924682,0.5106608432725152,1.279465542153179
2024-04-03,2.304971623348929,2.8577133857418873,1.6993562444515005,1.5170209091429705,0.494129806478122,-0.023943064498563822,1.4748748174441413
2024-04-04,2.4302038398889,2.6215839785725215,1.6820083766436755,1.1887034142958206,0.7118197645236137,0.8362836421769392,1.578433836016912
2024-04-05,1.9409777782549786,2.487766838483456,1.751088093136728,1.5637215470389525,1.2167760306272033,0.7440859831236095,1.6174027117774878
2024-04-08,2.427675610769535,2.6560963147366445,1.8161267488443524,1.330987771635721,1.1566412564358435,0.2561304479372103,1.607276358393218
2024-04-09,2.1400075007517665,2.3694838896779498,1.5680875522069078,1.4183784825172794,1.0752507861337413,-0.024755143636131433,1.4244088446085854
2024-04-10,2.044746029493495,2.1051981041722683,1.799719800164054,1.5313920367381768,1.7487125133731296,1.0009305626799787,1.7051165077701838
2024-04-11,0.8550088010517319,2.138327179567308,1.1041083512996788,1.6273342984702226,1.859780634875229,0.6380297002245295,1.3704314942481168
2024-04-12,0.9961494264420993,2.7281140619720743,0.9044119015184882,1.798965344733372,1.9467652578819112,1.4256136346517763,1.6333366045332867
2024-04-15,1.2747440629191593,3.2758205619941747,0.8883691371383636,1.969246471384236,1.980825435228662,2.3231180533502402,1.952020620335806
2024-04-16,0.7294652040579817,3.0704631202096495,0.5487624822426194,2.198956212453312,1.8817577794920755,1.9739819519564807,1.7338977917353529
2024-04-17,1.4012198555466113,3.744680388780018,-0.07531673849798153,1.9606883903684167,1.5128047370855282,2.1822214844185277,1.7877163529501867
2024-04-18,2.2277452612949125,3.528441263033293,0.2542942002972984,2.026168422984137,1.8791678553471378,2.5563450839917983,2.078693681158096
2024-04-19,2.5282430932493027,3.7448814438981652,0.44115427570902577,1.8423264419501346,1.4778033254348908,2.908569191606863,2.1571629619747306
2024-04-22,2.8229470666713525,3.244001209774741,0.4658530730982686,1.3112452527959482,1.1477693639385802,1.9437181551662335,1.8225890202408541
2024-04-23,2.5806123993806342,2.247491010267218,0.30362558696969,1.011177425904441,1.0170534086001475,1.2667887875254018,1.4044581031079222
2024-04-24,2.4246839467606707,2.6066042057286993,0.254734836848293,0.9499518980962868,1.0726114590555933,1.351758574471386,1.4433908201601549
2024-04-25,3.0160134246206343,1.9323500027534042,0.4353637698662967,0.8140850644140156,0.8640926216020364,1.318454593313426,1.3967265794283021
2024-04-26,2.8246557444466203,1.7884157464162878,0.13396388777628893,0.5274147637814866,0.9410756282985275,1.0265916099570565,1.2070195634460446
2024-04-29,2.9646472135542394,1.795792112990299,-0.19466179394773256,0.4182224379317432,0.42780207196809256,0.5331964248613219,0.990833077892994
2024-04-30,2.159392474509155,1.4106817782424914,-0.583588622534069,-0.5453512297094076,0.9306101558330542,0.5142827894672749,0.6476712243014164
2024-05-01,1.265951822856413,0.8429078808061894,-1.1657676773686059,-0.8406399161238737,0.9901009413568744,0.5238723039934167,0.269404225920069
2024-05-02,0.5913599073267887,0.3739705013764883,-1.3533174953671325,-0.7674749198154736,0.7815375035463415,-0.586374028420742,-0.1600497552256216
2024-05-03,1.074716466885704,0.45353777331312545,-1.5262914602255553,-1.205836951084045,0.5003132438896064,-0.9409868487753367,-0.27409129599941684
2024-05-06,1.1718948604423658,0.6770088514136161,-1.3678609583745038,-0.9878485775932718,0.6016390652404493,-0.6501011433330568,-0.09254465036740021
2024-05-07,1.0511423264227968,0.45710470919029406,-1.1879920402004223,-1.1912052421642534,0.8038886056784004,-0.6843584696320366,-0.12523668511753686
2024-05-08,0.7095171624355411,0.35925943934273286,-1.244230457723983,-1.0253213643387806,0.21346296757424593,-1.06160614000865,-0.3414863987864823
2024-05-09,1.126922717215051,0.394460863371713,-1.0103724979670148,-1.088420133962997,0.001343982603913865,-0.8790166907615686,-0.24251362658348374
2024-05-10,1.5451937433396192,-0.05495169605492014,-1.2935601967857213,-0.6681675219655956,-0.405473121925079,-1.6468910146239404,-0.4206416346692729
2024-05-13,1.396254309581869,-0.6251646285988038,-1.114720596425845,-1.1537482196391646,-0.5590461562272081,-1.7526613983617247,-0.6348477816118129
2024-05-14,2.558675462636995,-0.5973299507738459,-1.3075675188128295,-1.2286445545269569,-0.7097920729844586,-1.5963901361255592,-0.4801747950977759
2024-05-15,2.344291872041124,-0.8092043853777409,-0.7522025714842023,-0.579469607618891,-0.9264875090778465,-1.857729135231841,-0.4301335561248996
2024-05-16,1.3654570110894932,-0.9047785233850276,-0.6683168032343894,-0.8081214836678815,-0.9834182197643414,-1.809701499495752,-0.6348132530763165
2024-05-17,1.8057387749429847,-1.3612362093939796,-0.6246740176816493,-0.617656879511164,-0.991158540245884,-2.1023737520634573,-0.6485601039921916
2024-05-20,1.9211237295060974,-1.0733847583195735,-0.6486432779173544,0.4422547767669721,-0.885519611891523,-1.6539935035383655,-0.3163604408989578
2024-05-21,2.080096313084145,0.1386287195701533,-0.8653073499487991,0.3428082198340302,-0.6056947736728564,-1.4336352785375173,-0.05718402494514071
2024-05-22,1.000625263126862,-0.612822570398504,-1.102895630688659,-0.016413302342200994,-0.551299051629777,-1.359258921681101,-0.44034403560222996
2024-05-23,0.24117505521346666,-0.22899868946236032,-1.3922028945372713,-0.7422100069931689,-0.30128587475406854,-1.0037556550917954,-0.571213010937533
2024-05-24,0.0744578968340295,-0.16994677020030952,-1.273867472637037,-0.8322930462109869,-0.7661528672514917,-1.2662425194033453,-0.7056741298115234
2024-05-28,0.08723978674271987,0.19926551304823226,-0.6367861145837708,-0.6850593927657435,-0.6317095539368541,-0.742757654968048,-0.40163456941057735
2024-05-29,0.21780436966837646,0.5548324961331743,-0.6342798977252683,-0.20204451739674115,-0.7406511389482967,-0.5594942761103149,-0.22730549406317838
2024-05-30,-0.3421371624712804,0.33366484530289264,-0.31252873953731525,-0.2750061573779848,-0.7240474229646414,-0.39198327301853914,-0.2853396516778114
2024-05-31,-0.34907480559684273,0.26491847593128304,-0.5038970615437438,-0.5069993034256609,-0.48827886723334113,-0.8137705705406736,-0.3995170220681632
2024-06-03,-0.41258839128258706,0.17889445120949155,-0.9431025335579954,-0.21108185257525733,-0.6841024112603276,-0.19279327066029045,-0.3774623346878278
2024-06-04,-1.26591046691484,-0.1458563638054331,-1.2398558992078723,-0.7401519722536561,-0.726219693166162,-0.1749967973395243,-0.7154985321145814
2024-06-05,-0.8923735232905727,-0.25267776918280366,-1.0515828156106868,-0.311370323918586,-0.8668518019099456,-0.32493178766932906,-0.6166313369303206
2024-06-06,-0.2716263769352718,0.15130213633439177,-0.8569943123631101,-0.09312183524857963,-1.0808472095189905,-0.24051258906789283,-0.39863336446657555
2024-06-07,-1.3622771835187633,-0.5254488321555582,-0.9281418410369315,-1.0956581865421824,-0.32050215090645057,-0.2776466785130477,-0.7516124787788222
2024-06-10,-1.4357816043730809,-0.43704878867311436,-0.22740081428925824,-1.4541787938681905,-0.20952771362239422,0.07853225073643352,-0.6142342440149341
2024-06-11,-1.9927142756539489,-0.7838933894631432,-0.3959741265125064,-1.0780171092027222,-0.10077943787932749,-0.4202389722868707,-0.7952695518330866
2024-06-12,-2.2634355886366273,-0.5012334025201686,-0.02163661136403374,-0.9349403810422321,-0.37326201448973184,-0.7599139291710159,-0.8090703212039682
2024-06-13,-2.532802202044975,-0.9669323721812574,-0.1574034593263766,-1.7269751383591203,0.49123662036156346,-0.3307478800635861,-0.8706040719356253
2024-06-14,-2.033879336484682,-1.2053550167678253,-0.3559992732434718,-1.2573617754697457,0.6512656408815328,0.08785033039839284,-0.6855799051142998
2024-06-17,-2.6259883892402165,-1.336992893385789,-0.10943533109019661,-1.790373847175142,0.4798618743528541,0.3918184088360032,-0.8318516962837479
2024-06-18,-2.491889327940378,-1.546054780451785,0.2358858976083703,-1.7847689652052192,0.3373706575617178,0.02055903596042293,-0.8714829137444786
2024-06-20,-2.3277707111093027,-1.943849206862805,0.5009392100926319,-1.3786561642107487,0.5032637751971415,0.7779503098535827,-0.6446871311732499
2024-06-21,-1.9111772522690447,-1.4502764180481342,0.5664409529910134,-1.4206292162297582,0.43901973049515297,0.4437281054628839,-0.5554823495996478
2024-06-24,-1.5912166515397823,-1.3800328333175254,0.9598343605229035,-0.674673721325057,0.05876190177756958,0.22900768586968057,-0.39971987633536843
2024-06-25,-1.9434956609646572,-1.6186781732975293,0.5264319803528832,-0.7881971554118806,0.44233936894033066,0.4600516674004913,-0.4869246621633936
2024-06-26,-2.2367831751454585,-1.9030085805016572,0.005326965836877134,-1.211444934840949,0.8449346553544252,-0.2860838273829963,-0.7978431494466264
2024-06-27,-2.0985633507318995,-2.125925510922236,0.3562611567346543,-0.763442415944849,0.351205770405558,-1.0882806432048866,-0.8947908322772764
2024-06-28,-1.4355462967158439,-1.62866961685328,0.6343735667624042,-0.7493889821461168,0.6019006481446721,-1.0586298465892452,-0.6059934212329016
2024-07-01,-1.0890371019231908,-1.3449943129246753,1.3241128716031036,-0.5276815342162711,0.6519288664334504,-0.44740489447198567,-0.23884601758326152
2024-07-02,-1.2839918686482594,-1.347226819525302,1.9229897949689794,-0.8316673897560016,0.91998451427319,-0.6437879562305499,-0.21061662081965724
2024-07-03,-0.46085920352462906,-1.0965398277673952,2.420074176936227,-0.1995295066053232,0.6775482385663483,-0.6282640113631042,0.11873831104035397
2024-07-05,-0.30077601040264323,-0.9949056579213431,1.9451711503967573,-0.20513666079963971,0.12366077098844706,-0.13299051792587963,0.07250384572261641
2024-07-08,-0.6675809316233839,-1.1989912253010082,1.30409840103222,-0.7392872802525429,0.3531447370995387,-0.16078679200343446,-0.1849005151747685
2024-07-09,-0.13363237033670913,-0.8891295415922172,1.078007803042955,0.031381206617646845,-0.2161130331327078,0.12587005882880312,-0.000602646095371547
2024-07-10,-0.25301857642224396,-0.9579003862686389,0.6662770304106475,0.1316723635027472,-0.49760043671943194,0.018528022679669395,-0.14867366380287514
2024-07-11,-0.4864692049463505,-0.7525981854675179,0.741576591790686,0.6033939139491016,-1.0745848546266188,-0.0024863501750772756,-0.1618613482459628
2024-07-12,-0.3759357745019588,-0.9938533351810603,0.4873000847618503,0.2621898161911094,-0.9050317860174731,0.2043304344185096,-0.22016676005483718
2024-07-15,-0.359995276143893,-1.0277831141302538,0.3882851166302955,0.7654625759122965,-1.2900696859793477,0.652397985819412,-0.14528373298191508
2024-07-16,-0.8119982623958272,-1.099759304829917,0.16083900513526123,0.8313878050403594,-1.4986675089174364,0.2495428525308892,-0.3614425689061118
2024-07-17,-0.870446760547212,-1.00155805113849,0.1936346993740628,0.9543472595948614,-1.7066445119062417,0.9104427538040977,-0.2533707684698203
2024-07-18,-1.4677949467972442,-1.0759676381355732,-0.10416918318748139,0.7007518698965812,-1.289328093906345,2.0139030505352506,-0.2037674902658019
2024-07-19,-1.7862058341109104,-1.4215359873388733,-0.8401793534815939,-0.18119532210233796,-1.345094535063203,1.635739431217213,-0.656411933479951
2024-07-22,-1.5080885568232745,-1.6947263018658978,-0.5962879775103459,0.1929438092607042,-1.556312108494718,0.8353409195365255,-0.7211883693161677
2024-07-23,-1.714366645563638,-1.6104557858275834,-1.414975059200976,0.16953143224880707,-1.162277082896846,0.6517002226479183,-0.8468071530987199
2024-07-24,-1.3946017127638755,-1.5257050950360695,-1.0890232533130066,0.4102821784485675,-1.300108873169294,2.633412452928089,-0.3776240504842648
2024-07-25,-1.2872818909523798,-1.7788769186466007,-0.9373773930256977,-0.08389036147531354,-1.638401651285228,2.94411178328024,-0.46361940535083007
2024-07-26,-1.1741036454801095,-1.6103427613217351,-1.346268333079691,-0.06857916552001028,-1.5352283997599652,2.037150163069066,-0.6162286903487407
2024-07-29,-1.511576230413059,-2.0015819787975406,-1.5724426805924168,-0.1476906387203887,-1.2971473924444163,1.9633814141568293,-0.7611762511351653
2024-07-30,-1.599263411608621,-2.1263640747015113,-2.1156667686495356,0.15563229230010167,-1.3113487507526203,2.5867389621639005,-0.7350452918747141
2024-07-31,-1.2617363139514624,-1.7398381033070076,-1.3077365395687666,0.44428725579428796,-1.5059140417417562,2.0032570828126275,-0.5612801099936796
2024-08-01,-1.877033879953201,-1.9556351066302624,-1.816702087644094,0.09886963798237022,-0.9790911291484597,2.9448137249497695,-0.5974631400739795
2024-08-02,-2.103516620093863,-1.9057570845919403,-2.2029738014673397,-0.3375058147458329,-1.5122361558065431,4.4550170778632205,-0.6011620664737163
2024-08-05,-2.2552868935899726,-1.9735801427861208,-2.116317148073503,-0.23160376347193748,-1.9827418449648557,7.823910793369465,-0.12260316658615429
2024-08-06,-2.006035128085674,-1.493814252362383,-1.857485417532092,-0.43693769492288526,-1.8123459220658493,4.063095062482886,-0.5905872254143328
2024-08-07,-2.248110582875488,-1.3856546009430495,-1.5426565521341098,-0.5608596945038421,-1.5516840969602277,3.6493978854194915,-0.6065946069995377
2024-08-08,-1.9252222638842051,-1.3726589788633112,-1.4217555353687998,-0.6876175205816868,-1.0531769533431852,2.47647315108009,-0.6639930168268497
2024-08-09,-2.0102690213111765,-1.2550813557536578,-1.197799944199927,-0.5669327556343757,-0.8207719547050314,1.7661279709475237,-0.6807878434427742
2024-08-12,-1.589249884636694,-1.0048009078644364,-0.4913469461188942,-0.3332525865175195,-0.8856687630145963,1.5561032421576553,-0.45803597433241433
2024-08-13,-1.3993300678904173,-0.6630224678487137,-0.5992471461955514,-0.7305939814277519,-1.3906185888711855,0.8947106916310561,-0.6480169267670939
2024-08-14,-1.2948192795563227,-0.6488041626022998,-1.2495632230113094,-0.9514727219097986,-0.9564028433711083,0.08444578714199864,-0.8361027405514735
2024-08-15,-0.5721827174157897,-0.3704391060080228,-0.9954493593664158,-0.7697723703438979,-0.9454352627391625,-0.42907150050856374,-0.6803917193969755
2024-08-16,-0.4640447376821283,-0.20265029441980356,-0.773537633608107,0.3721171224451998,-1.5154238000056997,-0.6168125912332069,-0.5333919890839576
2024-08-19,-0.22372804635727794,0.5742336441506962,-1.1532173852392413,0.4399088674264568,-1.856040548332847,-0.3398479221598978,-0.42644856508535184
2024-08-20,-0.1664772894500458,0.8582911791679545,-0.6551864467107452,0.3899541445542947,-2.2501466074598095,-0.0328296078784693,-0.3093991046294701
2024-08-21,0.08450056602175227,0.7376200224678253,-1.2066250345386464,0.24624518353486416,-2.4321041426576855,-0.5847551070707717,-0.525853085373777
2024-08-22,-0.0874442622694495,0.950618626981997,-1.0974683549363426,0.6351755184720633,-2.004758197583838,-0.42600840560273967,-0.3383141791563849
2024-08-23,0.10578001932962287,1.1985688075841456,-0.49232752378255235,0.6242088180456157,-2.4770565662017527,-0.3708492981931114,-0.2352792905363387
2024-08-26,0.2947440411187899,1.4593821287655466,0.33781457914131796,0.7523324517688731,-2.466013807159279,-0.3525870925659972,0.0042787168448751856
2024-08-27,0.34684469431607856,1.7296928214578051,0.16939892210186866,0.3904910948864937,-2.576360054718043,-0.6668425377380218,-0.10112917661563647
2024-08-28,-0.23800539737813953,0.9373743297797983,-0.7015028107826766,-0.03996834822532935,-1.8618652060154888,-0.11911838553038413,-0.3371809696920367
2024-08-29,0.06428092572839497,0.8967224349325525,-0.077531114045783,0.13213272415119318,-1.8599998876811594,-0.7595409796090912,-0.2673226494206488
2024-08-30,-0.0020721901540254033,1.0095365842589317,0.024836248188910868,-0.1237218128235844,-0.8059509547633573,-1.3744715443047064,-0.21197394493297184
2024-09-03,-0.040104243227823674,0.8379396348725777,-0.5516054746083071,0.1159545518643873,-0.3635742970532606,-1.6710399484162883,-0.2787382960947858
2024-09-04,-0.16925291529189598,0.5226563647465292,-0.850187288226704,0.3098607154863101,-0.8641081613845413,-0.9417633591757202,-0.3321324406410037
2024-09-05,0.2664366542990011,0.399534020741361,-1.262476245304929,0.5029840356126168,-1.1732980436280054,-1.0959958215129464,-0.3938025666321503
2024-09-06,0.036145842345484555,0.39059820779226095,-1.73978217210085,-0.0754341635238901,-1.1241895070225827,-0.39690445068054697,-0.48492770719835404
2024-09-09,0.15109547492543873,0.288484972086162,-1.6085746987316427,-0.0878903049785908,-0.8283213943802217,-0.3487346559070444,-0.4056567678309832
2024-09-10,-0.23116609713570788,0.19544704181570965,-2.6887172598936675,-0.310990577080504,-0.7721977720758202,-0.4452410792581152,-0.7088109572713508
2024-09-11,-0.028206269144495907,0.3594962628643191,-2.038425048921278,-0.35312396255195316,-0.35573772960617484,-0.27620962639476176,-0.44870106229239076
2024-09-12,0.17766687264420172,0.5588683343967781,-1.4400666667464428,0.43491592674040974,-0.5787107985596185,-0.04139480263501453,-0.14812018902661436
2024-09-13,-0.05195279508382896,0.6564943502773953,-1.6780918126161026,0.6315246964371221,-1.0216831374564443,0.0577726457559469,-0.23432267544765195
2024-09-16,0.11468088991317694,0.9903078368414622,-1.1078377076581842,0.08100941312688638,-0.9060711925036832,0.27193390510943977,-0.09266280919515035
2024-09-17,-0.0038484969409969217,0.49446289073624416,-0.44453374908569565,-0.13324885472102901,-0.43624895966960514,0.4018810752974013,-0.02025601573061354
2024-09-18,0.13262563804146638,0.25307160808579265,-0.426126685970416,-0.16340492182975164,-0.3271779079864604,0.2300492893184851,-0.05016049672348064
2024-09-19,0.18322238200738167,0.4509433565477975,0.2353315587400078,0.0817467398784025,-0.050410698289353635,-0.21733177111628754,0.1139169279613247
2024-09-20,0.3025380134465089,0.09531530731036787,0.00617670483983794,0.8325155864615876,-0.28918057872641034,-0.4751155608402379,0.07870824541527567
2024-09-23,0.15172097809430032,-0.2483296498754404,-0.6730175475923493,0.5461409585019749,0.38631008519816096,-0.22508292509051334,-0.010376350127311154
2024-09-24,0.5399178330962953,0.2062250328937134,-0.9080651569279545,0.7303094172156767,-0.07460678130119187,-0.375634719635145,0.01969093755689899
2024-09-25,0.47194238317730547,0.001744987708134929,-0.918852709530127,0.8519788344965104,0.5090087773457994,-0.2350464453792949,0.11346263796972138
2024-09-26,1.2362260987870695,0.8119819406768687,-1.1273201306886105,1.1755330379346631,-0.10288682721245992,-0.5434559256679431,0.2416796989715979
2024-09-27,1.0901443942333493,1.1122384321019185,-1.2607735586107236,0.5728517604813073,-0.3613707844077732,0.024589391623965,0.19627993923700723
2024-09-30,0.9496967065194509,0.8720845581168776,-0.8028772771827867,0.8859749482535418,-0.3493978144588612,0.120185941814958,0.27927784384386345
2024-10-01,1.4596801124571943,1.3258484701669906,0.23362976590451676,1.3151740743027462,-0.149335733095837,-0.4479373734339412,0.6228432193836116
2024-10-02,1.683554788985373,1.415274021654269,0.5681634031315761,1.0309253351694891,0.5098677813182091,-0.5772319172727245,0.7717589021643653
2024-10-03,1.1731398784929588,1.3901879700490325,1.4205878329050572,0.9232735865992497,0.89532288351913,-0.13476662553145274,0.9446242543389961
2024-10-04,1.4507025515990724,1.6297535145890907,1.9522453180808825,1.0262434861600194,1.2134168828750773,-0.6541183215708334,1.1030405719555516
2024-10-07,1.1900869920462855,1.6543466358620478,2.3167477875560496,0.9122929281056865,0.974096523859116,0.28063566992180805,1.2213677562251657
2024-10-08,1.0047536783225781,1.1122731806097002,2.2390745966749983,0.4216154033721745,0.9291253387163356,0.1503646347027033,0.9762011387330819
2024-10-09,0.683182787175068,0.6870615410133075,1.764717677669776,0.32617885640315797,1.171634682673465,0.32293552873352815,0.8259518456113838
2024-10-10,0.6088904953816348,0.8001871701819727,1.9320952244630165,0.020997220081693885,1.4485302875302797,0.46307523184224564,0.8789626049134739
2024-10-11,0.6748501306275911,0.8051488100329475,1.9227857956257348,0.11269025495169756,1.5829515639693421,0.4908380565923573,0.9315441019666117
2024-10-14,0.28589956067005945,0.30927729976971,1.1830811573464666,0.020191049118777386,2.134941941521566,0.23188396069834466,0.694212494854154
2024-10-15,0.09444550628625016,0.2657986128664019,0.21982944831678886,0.4379230599274493,2.0184186796215395,0.3047456095616627,0.5568601527633487
2024-10-16,0.11782283871142754,0.2970523507465988,0.23894470111048347,0.5464643648355223,2.436040669107251,0.009280979948784986,0.6076009840766781
2024-10-17,-0.15619171534309004,0.05830425960344057,0.07882465305009846,0.5679224260020214,2.576619981891051,0.31195041263278434,0.5729050029727176
2024-10-18,0.04820332033449511,0.7820228474424006,-0.22400172294896312,0.4556027991227447,2.2361347833243643,0.15444962231255221,0.5754019415979323
2024-10-21,-0.03310939801408134,0.633490566100058,0.4132543841979468,0.5133661844813293,2.4086579688754592,0.28176974410136557,0.7029049082903462
2024-10-22,-0.3687449886054138,0.3805867738547263,0.48903862572350976,0.46546476449405005,2.764386718008594,0.3645591770063858,0.6825485117469753
2024-10-23,-0.4831840702044489,0.816198117915726,0.6165535379160458,-0.06604563705249801,2.5540048428855813,0.5686833195079741,0.6677016851613967
2024-10-24,-0.8619667190882218,0.19739042838909734,0.9573245498866799,0.08504527168179514,2.490258407292297,0.5451748333419727,0.5688711285839367
2024-10-25,-0.6778259594186486,0.18245922762592737,1.1913487096497692,0.567068847393015,2.635970457360179,0.4111269462650672,0.718358038145885
2024-10-28,-0.5576315047005083,0.23770000392745919,0.18109861360159138,0.7270120293074047,2.3714776411956158,0.3609621682171905,0.5534364919247923
2024-10-29,-0.6605217345441798,0.15838676440387503,-0.22570666161243338,0.6164016638684848,2.052222467325944,-0.19504254136710808,0.2909566596790971
2024-10-30,-0.8385475547382218,-0.17449670329920342,0.022763925349554095,1.2037702192378326,1.5625470320255526,0.030500100400550793,0.3010895031626774
2024-10-31,-0.5950784672093564,-0.013789730649419614,-0.597683757667249,0.30437619236251034,1.357821563190036,0.19155619982228173,0.1078669999748005
2024-11-01,-0.5392243812478127,-0.27880433863150583,-0.6898531991946069,0.46936970496780056,1.205808658741918,0.21161938533678984,0.06315263832876379
2024-11-04,-0.3320040376514442,-0.2251814067042694,-0.8169434948462218,0.4371839464409278,0.9610642833329114,-0.3149453222085721,-0.048471005272778055
2024-11-05,0.15336427434954703,0.6754943896184347,0.0017428407556037372,0.951441630128342,0.6823467679560884,-0.3615952868811286,0.35046576932114787
2024-11-06,-0.39676064250909004,0.47414595271131227,-0.0011901510391239302,-0.021126751468853837,1.4151462548132914,-0.9113576805030695,0.09314283033407772
2024-11-07,0.13103715978174538,0.7480768056873733,-0.402097146177012,0.20931470345674408,1.0316984246095793,-1.0729866176665463,0.10750722161531394
2024-11-08,-0.47420372231012825,-0.09561304766429993,-0.767156011525238,-0.5344707607665553,1.3509376896287235,-1.0608912094054503,-0.26356617700715806
2024-11-11,-0.43163252875004704,-0.23443095115814677,-0.9244944932137555,-1.5421805399336548,1.395767620657782,-0.9711147265369413,-0.4513476031557939
2024-11-12,-0.5246016738437183,-0.3141416701830525,-0.23281607843086422,-1.903741160195192,1.6570488567613788,-1.117318950565421,-0.4059284460761449
2024-11-13,-0.8026153393378281,-0.48220257716955667,-0.12267953062408365,-2.315194175672433,1.6894594843642206,-1.1087396009451975,-0.5236619565641464
2024-11-14,-0.6151262716384128,-0.49915596334289125,-0.12508596114689327,-2.6561706163307375,1.6252846545062365,-1.0095919598944447,-0.5466410196411905
2024-11-15,-0.8826569280213427,-0.05020124047187222,-0.18882519349425847,-2.8826302730451276,1.7893381371645039,-0.5622185978365905,-0.4628656826174479
2024-11-18,-0.5876270836819827,-0.09333671979795591,0.001711393783566087,-2.3211686538843264,1.254400840701178,-0.7155006678288115,-0.41025348178472204
2024-11-19,-0.5833527491762079,-0.04957803160182335,-0.2842542048062094,-2.29983068722435,1.1593759302557376,-0.5623321564084638,-0.4366619831602194
2024-11-20,-0.3633510151166778,-0.27978129321363976,-0.11785165515063274,-1.6174738415582945,1.2005025394155955,-0.5872325014496804,-0.29419796117888836
2024-11-21,-0.5237406903037725,-0.2072452408793965,0.28675429710504224,-1.5479629689615035,1.5295711150248301,-0.6136116963409921,-0.17937253072596537
2024-11-22,-0.7326395962005111,-0.46643898994436667,0.1774799295442272,-1.1349005902053124,1.661501594599633,-1.038055441711775,-0.2555088489863509
2024-11-25,-0.6270522511804516,-0.09877987383846666,0.6687544083745797,-2.2824535468349154,1.2568348830254812,-1.069990879408534,-0.35878120997705115
2024-11-26,-0.8169206810422743,-0.3283582714531347,0.6614439519228322,-2.456996423316796,1.3534764503885073,-1.087607854534722,-0.44582713800593127
2024-11-27,-0.6798223824090096,-0.0658945445966224,0.3084510926016993,-2.3751834946947854,1.0090128943848877,-1.1893083365806008,-0.4987907952157385
2024-11-29,-0.5666603571728756,-0.01370722965673233,-0.013755601062540897,-1.581317897115138,0.8263742013542087,-1.5129660593045762,-0.4770054904929424
2024-12-02,-0.6982618052259072,0.05734439213220834,-0.047039963131012635,-1.8055932549750855,1.0197625590587203,-1.411235445093684,-0.4808372528724602
2024-12-03,-0.6360201565706595,0.15881720472662325,-0.07590113294823131,-1.6388689110075982,1.165235091456118,-1.405462716520189,-0.40536677014398936
2024-12-04,-0.7937460129356275,0.032392772990367476,-0.5091460695418205,-1.5535424085235545,1.3738808024884426,-1.2341559110774583,-0.44738613776660846
2024-12-05,0.021844181436633813,0.37592219574092284,-0.498174131386788,-1.0343357451530613,0.17949024967950813,-0.6951289465067525,-0.27506369936492286
2024-12-06,-0.6539922106957893,-0.6163100325560792,-0.8846741335328764,-1.2390747633648183,0.6015456617793502,-0.6671440359006383,-0.5766082523784752
2024-12-09,0.1252013523940194,-0.23025959935057852,-0.1865375116045679,-0.8210785470053085,0.43543078846213057,-0.33293162555660755,-0.16836252377681873
2024-12-10,0.4118108087785908,0.08445322081284737,0.4060986500093069,0.45962185317061927,0.2828213013784953,-0.34078920068149227,0.21733610557806118
2024-12-11,0.7327070205095243,0.37984880160132484,0.7876160239936647,1.0164456289683006,0.19145220686413025,-0.41441707835434416,0.4489421005971001
2024-12-12,0.8653486858884203,0.49526612104750484,0.6438873844692945,0.6891857268725916,0.08660170251374641,-0.20399777618511775,0.4293819741010733
2024-12-13,0.6355520446147466,0.5509860919590973,0.8694673263264407,0.45289193379380716,0.01446237986903129,-0.28694088952157376,0.3727364811735916
2024-12-16,0.6929888530320925,-0.4938816833901182,1.1376516638300471,0.4153236780174543,-0.06259455520097318,-0.44932074118691256,0.20669453585026498
2024-12-17,0.22843049207245875,-0.46483365587949066,0.46796888731999536,-0.2598096268673113,0.19341018705312882,-0.12095117040771051,0.007369185548511743
2024-12-18,0.1621553594739119,-0.6833071763383257,0.5332586651703118,-0.5790295589683114,0.76039585544904,1.8703297144548487,0.3439671432069125
2024-12-19,-0.229525363770557,-0.7843923692783283,0.5047171249428156,-1.401170414932263,0.706953176839476,1.0058541467400473,-0.03292728324313491
2024-12-20,-0.025767463994738324,-0.5760798599749019,0.12333625498790719,-1.2307106778682528,0.16765225868735922,0.0663007028453167,-0.24587813088621832
2024-12-23,0.05086747009676508,-0.5203439779923247,-0.17633417766689025,-1.854608184044313,0.1181840735832886,0.10356883016922776,-0.37977766097570775
2024-12-24,0.07776644972456011,-0.34693939883262126,0.5552009734369265,-0.6518747345851225,0.5623138081049179,-0.26436554805444207,-0.011316408367630204
2024-12-26,0.3889204905989429,-0.36016952158334153,0.48568307965333735,-0.465065365542325,0.40097649879792463,-0.06876872815342693,0.06359607562851856
2024-12-27,0.21735500636369837,-0.2358370511568842,0.7346893887256407,-0.9791801175557792,0.8015504340202299,0.18283056698314742,0.12023470456334218
2024-12-30,0.08076829916487224,-0.18254135581576278,1.018559300017724,-1.313710517236879,1.0319480017565015,0.6415799348741349,0.21276727712676513
2024-12-31,-0.1610299316011432,-0.3158328180888696,1.1948769494908764,-0.7613745131990706,0.8477024895540416,0.6696264420372194,0.245661436365509
2025-01-02,-0.4401669235862624,-0.6512563466834804,1.1104970057795163,-0.5116783274369547,1.3194022140398216,0.799590998971479,0.27106477018068653
2025-01-03,-0.20064084902220441,-1.0909411116103405,1.7117343424828884,-0.789492253139138,1.104635048018599,0.352108964472239,0.1812340235336739
2025-01-06,0.20242930896158579,-0.9598483876842144,1.6829564174753373,-0.5383760171960879,1.071646783797442,0.30391335376894824,0.29378690985383515
2025-01-07,0.33325680184018436,-0.43975397400833766,2.1496669171724463,-0.4561350219496045,1.0644048642807644,0.9185345826076748,0.5949956949905213
2025-01-08,0.25723342690462014,-0.44747240179187725,1.5799358859537842,-0.6769540679268755,1.2234995568261888,0.4739822917407252,0.4017041152844276
2025-01-09,0.473344286831442,-0.15728432809078036,1.6631412106373893,-0.8257976721719396,1.1249562859745343,0.47057326529714777,0.45815550807963223
2025-01-10,0.4910395640299308,-0.00656252160093203,1.841410290288349,-0.9471567576940858,1.1789262246807015,1.020720776150684,0.5963962626424412
2025-01-13,0.6578305422557822,0.10382149223570926,2.401652235496907,-0.8021020731679439,1.1846907195805676,0.8342560646722396,0.7300248301788771
2025-01-14,0.9113828063806053,0.20730166537787625,1.7328591818670986,-0.3574311485301953,0.8245539725305948,0.7554542023909232,0.6790201133361505
2025-01-15,1.1280157048896382,0.6439875413670708,2.4094703657523753,0.14414877960812753,0.7937944319660192,0.0017910790052358659,0.8535346504314112
2025-01-16,1.5524418929995183,1.1020774388960262,2.2041682760400225,0.6631903715464319,0.6722076230391639,-0.14308395252544076,1.0085002749992868
2025-01-17,1.1839918601013744,1.263829677916019,1.8553467850553111,0.7323051061969275,0.33378162659053595,-1.4880467077760338,0.6468680580140225
2025-01-21,1.409802428065817,1.2282065842770393,1.5477617329336637,1.438807567236902,-0.46022581895714304,-1.330223600266322,0.6390214822149929
2025-01-22,1.1272144358438354,0.8221206087523425,1.5269251377476205,1.1014798143898439,-0.03948673703668678,-0.7519329208834094,0.6310533898022577
2025-01-23,1.3090101722939433,0.8089933357863106,1.3736993754607667,1.2519721636208552,-0.30259125745916987,-0.5319735698356339,0.6515183699778453
2025-01-24,1.1280310401136528,0.5714175934677244,1.16248715933606,1.3086086552773484,-0.7027786828533837,-0.1020417337657284,0.5609540052626122
2025-01-27,0.6461305547193114,0.36910228627839065,0.9341140539790608,0.5721716314003575,-0.6940516310927735,0.4085965842519226,0.3726772465893782
2025-01-28,0.7480131548968263,-0.07110107794253231,0.8281915218058087,1.1944183429648554,-0.38390315946253134,-0.12693130843017517,0.3647812456387087
2025-01-29,0.9689338922950724,0.13832475445740483,0.483036984791286,1.350893408869553,-0.38987175184857814,-0.34184743660636646,0.3682449753263953
2025-01-30,1.3549143807864135,0.3377995975124049,0.3388716065698948,1.6843400854197552,-0.6645444249136707,-0.44593569483731543,0.43424092508958045
2025-01-31,1.2139396423566131,0.26240588600579856,-0.01308336178596586,1.1678775922935607,-0.819504332819616,-0.4245628382930359,0.23117876462622575
2025-02-03,1.1055908172188524,0.7996685858833319,-0.06705315719542135,1.5677713045316095,-0.3212265375081116,0.30309242816170584,0.5646405735153278
2025-02-04,0.9060084460732303,0.811497123529991,-0.09447511064924263,1.8394658049240267,-0.4982409014994867,0.12773153715440788,0.5153311499221545
2025-02-05,1.1462802392964722,0.3793870920809353,-0.6067224767186833,1.7827973550800476,-0.8294989262673174,-0.5641070728286155,0.21802270177380645
2025-02-06,0.9127620746147271,0.734707688938598,-0.5133435767125676,1.4815909834886825,-1.0465083102614963,-0.6118022050948775,0.15956777582884438
2025-02-07,1.2336623340562614,0.39617060763000367,-0.5612551186816549,1.352556282589268,-0.919845371370152,-0.3445835208225932,0.19278420223352213
2025-02-10,1.796738863513694,0.12369952438748094,-0.8206215920748889,1.550064989845098,-1.0075635458243597,-0.9139706461230106,0.12139126562066897
2025-02-11,1.1912750908242855,-0.1892459564813983,-1.0400564790189963,1.9024967987750674,-1.3223843912398379,-0.7869923835296097,-0.04081788677841486
2025-02-12,1.5820876192697195,-0.5119658103076731,-1.177233040926311,1.7771884087734051,-1.0063253120407185,-0.7049661330186844,-0.006869044708377033
2025-02-13,1.643028117665522,-0.965410169216932,-1.6434357411728289,1.523283001621056,-1.2222286019788313,-0.2704615742586971,-0.15587082789011858
2025-02-14,0.8517947551183921,-1.0190916991368648,-1.4949502812924,0.6875566283225621,-1.508035198786258,-0.49748395291694203,-0.4967016247819185
2025-02-18,0.8644711572610644,-1.0560961042775516,-1.116955540910768,1.2013396588640433,-1.4572632553678797,-0.15064187144415378,-0.2858576593125409
2025-02-19,0.852716714291768,-0.7384157018106166,-0.6587574162986868,0.9508082061002763,-0.7940600910168053,0.1065629482040263,-0.04685755675500635
2025-02-20,1.273299745176076,-0.19010139654524694,-0.5028615291450927,1.0182336765804434,-1.2709114201863798,0.22163528367345084,0.0915490599255418
2025-02-21,0.8967120669062997,-0.13518522992853468,-0.79726020242369,1.0334503283620644,-1.1005474928385133,1.064449522966199,0.16026983217397087
2025-02-24,0.7334327834504193,-0.9334424111995747,-0.744892718325744,0.9814241122129344,-0.8191155558785645,1.3625558643198532,0.09666034576322059
2025-02-25,1.0091172026234025,-0.7546366279378601,-0.8170640065427467,0.9665713208559602,-0.94435356385841,0.4243083001337555,-0.01934289578764976
2025-02-26,1.1764172880190222,-0.2949984566577358,-0.989175099249986,0.7766483279305227,-1.190309025305985,0.7948662892397228,0.04557488732926018
2025-02-27,1.1572487263713136,-0.7282629280897855,-0.3792149421406681,0.41031052032359383,-0.8611340816061006,1.3133711142008508,0.152053068176534
2025-02-28,0.6932763448436635,-1.0768945980527578,-0.529806939864783,-0.6099071269959758,-0.5757758475918033,1.124123885573945,-0.1624973803479519
2025-03-03,1.0944433963041245,-0.7198358049618038,-0.780454519045248,0.034286946191237164,-1.3831810085019645,1.7881032361020102,0.0055603743480592644
2025-03-04,0.7045864802165281,-0.9091304538316506,-0.9194974383462726,0.008767839715321767,-2.2408492683657677,1.186727634242293,-0.361565867728258
2025-03-05,1.526987945195387,-0.7137760001484761,-1.232485000823056,-0.12866094746125506,-1.6727877744959627,1.2326382381685295,-0.16468058992747223
2025-03-06,1.1216077587790014,-0.019169175721694826,-0.8866901200184725,-0.2937458999057334,-2.3457665745447676,2.6063494915377214,0.030430913354342486
2025-03-07,0.6116416594776926,-0.14866301873553575,-0.6573560463931036,-0.247597054519002,-2.4779422064882635,2.2232165634941405,-0.11611668386067864
2025-03-10,-0.14002517220356178,-0.2649806576184957,-0.9711692793659003,-0.49120227047285187,-2.5660978126955842,2.917650862904559,-0.2526373882419724
2025-03-11,-0.21963441380603121,-0.3906207461982056,-1.1963463302055197,-0.7305566781964421,-2.857281492582644,2.874388577686717,-0.4200085138836876
2025-03-12,0.5633978432483032,-0.24910064990161537,-1.126560249128893,-0.45629858729924316,-2.5326797303970654,1.9937128197956566,-0.3012547589471429
2025-03-13,0.4302986775907374,0.02945951447401111,-0.9997487756909516,0.014634812500179928,-2.353776243933212,2.1056619682159967,-0.12891167447387306
2025-03-14,0.01354973579848778,-0.006702315546214081,-0.8505529149183039,-0.04924790943134739,-2.0731146660953668,1.6104804903408596,-0.22593126330864746
2025-03-17,0.7468421643281217,-0.2933410103940245,-0.6553991197335879,0.43217815994608505,-1.8761762207151131,1.3683986122690182,-0.04624956904991676
2025-03-18,1.2966290802872436,-0.8467578067812901,-1.0645856490746406,0.2883304788360106,-2.126771069495675,1.4523370986083235,-0.16680297793667134
2025-03-19,1.7369803595432385,-0.8940161114829035,-1.0835073074833133,0.4148630490659634,-2.0514442524551963,0.9921470362720397,-0.14749620442336195
2025-03-20,1.5140449842128856,-1.2790120640942857,-0.8952864101509449,0.2458849571387194,-1.461683500639094,0.8271829466600868,-0.17481151447877216
2025-03-21,1.7082269395906604,-1.6498365936719428,-0.40364697669747146,0.06095193982950622,-1.4540602412553905,-0.01601411144581865,-0.2923965072750761
2025-03-24,1.7731722593380017,-1.1381871660983407,-0.27574674679272293,-0.08191214656156694,-1.357676508874225,-0.5800472740364889,-0.2767329305042238
2025-03-25,2.328427343042157,-0.9330574754500999,0.10754925467654938,0.45647458046433476,-1.247488730256795,-0.7316011631345004,-0.0032826984430590436
2025-03-26,2.1505434396340446,-0.9624434336981463,0.3307453499861937,0.30919907309042466,-1.117977542378618,-0.41715734901707147,0.04881825626947119
2025-03-27,1.5060178897822616,-1.422128886791089,-0.03319455354838009,1.0382255819272075,-1.6678464324189937,-0.719239515807858,-0.21636098614280863
2025-03-28,1.8303116625541849,-1.2784331011209622,-0.03869606857379233,1.7780166047794284,-1.8081964079439994,0.16504835720347064,0.10800850781638831
2025-03-31,1.2139811285139193,-1.560424667144601,0.8205229522362898,1.5449701324029455,-1.3505242303881602,-0.3414230783825948,0.05451703953963314
2025-04-01,1.4067672503781297,-1.8815272637657505,0.7659502141967479,1.2977614816835832,-0.8857561601551664,-0.5473200762171625,0.02597924102006353
2025-04-02,0.479504850174843,-2.431018296593847,1.4038357668030996,1.4364058004777978,-1.0776397386055654,-0.3254309888857332,-0.08572376777156758
2025-04-03,-0.3299407088682859,-3.3131522823746087,0.163979570093228,1.0134391241014404,-1.1047430500799098,0.588067035292966,-0.49705838530586166
2025-04-04,-1.551466007658079,-3.8963029694520173,-1.255631178163814,0.3254824423719278,-0.5741655196461608,3.380434791893928,-0.5952747401090358
2025-04-07,-2.1726942425503046,-3.769214297289311,-1.3299389234772832,-0.11508517510493704,-0.49033136628193114,2.3260282750301697,-0.9252059549455997
2025-04-08,-2.5800552321469623,-3.70131850061349,-1.6553672117878866,-0.1576990061968434,-0.4096081888396214,3.152706390475185,-0.8918902915182697
2025-04-09,-2.57444758814396,-3.7006740123635953,-1.2643903286621576,0.43003736586782265,-0.5063222430512535,1.101981819609423,-1.0856358311239533
2025-04-10,-2.238861995524911,-2.911063323397188,-1.5667166942445703,0.9101865565150394,-1.4862745046606318,2.0166006200186146,-0.8793548902156078
2025-04-11,-1.4881967040082897,-2.346944051726159,-1.3260372553727575,1.4142797993178513,-1.8789712267784562,2.224426888055954,-0.5669070917519762
2025-04-14,-1.3191479206065335,-2.297211795129408,-1.3978496215714207,1.1828534368103338,-1.7538074286762633,1.4352085501070966,-0.691659129844366
2025-04-15,-1.4732418633893654,-1.9317102123830194,-1.2654866662881463,0.9566980856110813,-1.4207715179106906,1.0122614267343901,-0.6870417912709584
2025-04-16,-1.490636697310479,-1.981459046400151,-1.013812573759534,1.8889400089047312,-1.8244714366032984,1.8507534916465518,-0.42844770892036327
2025-04-17,-1.3137274050644319,-1.9155854105901442,-0.6981180602912225,1.660583462219409,-1.9528983995697187,1.339884847963142,-0.47997682755549437
2025-04-21,-1.3354356947442865,-1.4353064177315913,-1.1037106601016955,2.644933555096479,-2.4417756824074193,2.156995993010682,-0.2523831511463053
2025-04-22,-0.7888441545621603,-1.509554273063554,-0.9782490713829076,2.5589198132137243,-2.184731159082865,2.085004357847821,-0.13624241450499022
2025-04-23,-1.2292140315937445,-1.1024867823569984,-1.4449763450166762,1.3908958493359023,-1.743091225267193,1.7545452267409472,-0.39572121802629373
2025-04-24,-1.264820871938284,-0.8112087341921614,-1.4357522688390532,1.8424876493218758,-2.0656690884141606,1.0469783780661874,-0.4479974893325993
2025-04-25,-0.9654199814464014,-0.7038032041046833,-1.413518606792737,1.0712951298662778,-1.7758041092941859,0.6728464546044066,-0.519067386194554
2025-04-28,-1.0021587488438786,-0.5820986976313692,-1.5004243636541248,1.2287102223037731,-1.9118338492449871,0.1352378720945124,-0.6054279274960125
2025-04-29,-0.7771316517873138,-0.32502308050280093,-2.277443386129489,0.804319658327439,-1.8519519546984622,-0.10974037000189721,-0.7561617974654208
2025-04-30,-1.575073843833143,-0.5533697387932088,-2.642228964475775,0.7231801734205089,-1.7486477446314934,0.052082959557105145,-0.9573428597926675
2025-05-01,-1.507871191090574,-0.2857700386309299,-2.4262873819201465,-0.18969942337035023,-1.24575403259473,0.07780682972207244,-0.9295958729807765
2025-05-02,-0.7412378214623878,0.38639731678551154,-1.684131550870248,0.3332864029484215,-0.6503961465135056,-1.1610458550874365,-0.5861879423666074
2025-05-05,0.7903091424790042,1.1063119543501185,-0.8788810257032267,1.6708299235862607,-1.0793908940699637,-1.869381499470818,-0.043367066471437545
2025-05-06,1.8912458006438138,1.2099372051211768,-0.06917970354505379,2.9144312489504127,-1.3873867143658971,-1.8127899304913018,0.4577096510521917
2025-05-07,1.5951179969448666,0.9324431467659752,-0.05677952422667039,2.4414165734389495,-1.1037535291851097,-2.0084452893909894,0.29999989572450364
2025-05-08,1.182437990491269,1.3536475417264553,-0.27203008452774186,1.0471346444627503,-0.655069893297937,-1.3208652399148704,0.22254249315665417
2025-05-09,0.7906386710607927,0.7433152464676502,0.5891086921497497,0.552333918332868,0.046471418637717934,-1.7012610204503478,0.17010115436640505
2025-05-12,0.01669998299174115,0.9289172764582526,0.44851594235563963,-0.7548632512293536,1.1010584524522353,-1.8261964991698372,-0.014311349356887012
2025-05-13,0.005154617484180736,1.0128160248433822,0.8673276046360386,-0.4879839885319105,0.835016990594167,-1.5148801829731016,0.11957517767545948
2025-05-14,-0.23177934857505197,1.3526349112114966,0.7742633927594883,-1.0030979261088404,0.6140412229941421,-1.4207868949071105,0.014212559562354047
2025-05-15,-0.3323271533633855,0.9735018108509027,0.09001961413001648,-1.4579382652386264,0.9112824584466028,-1.6223584785349847,-0.2396366689515791
2025-05-16,-0.8055764047376188,0.8777240445211942,-0.22819712592244362,-1.6020515155625858,1.0081506723600084,-1.5085531012850744,-0.3764172384377533
2025-05-19,-0.5272459730521172,0.4167129493623125,0.20494678195936605,-1.9081761502207404,1.210151413217482,-1.625878373849396,-0.37158155876384885
2025-05-20,-1.0345843288886714,0.7622949400835444,-0.12679416432163942,-1.5456928175849174,0.8101067102322703,-1.445978098402964,-0.43010795981372957
2025-05-21,-0.8732308916576866,0.4369112475206746,0.12364267302488458,-0.5266024046223589,0.18235778385559082,-1.0280623327753837,-0.28083065410904656
2025-05-22,-0.8859042881241487,-0.08238630393839586,-0.09965301644963974,-1.045146259587362,0.5994880639431096,-0.9282568050040163,-0.40697643486007556
2025-05-23,-0.3463269948871544,0.26473803215059305,-0.07360472404298747,-0.20758029203409897,0.16230159841649563,-0.548180777909194,-0.12477552638439103
2025-05-26,-0.36046841192387685,0.2915754995802768,0.16775886982863414,-0.5758078968622345,0.2968123527362154,-0.5803056540010582,-0.12673920677367387
2025-05-27,-0.6282111781698758,0.359234219588957,0.4202144361685887,-0.9355553506817943,0.47043867370827935,-0.8769547113666473,-0.19847231845874871
2025-05-28,0.009798385599029225,0.7205964433452721,1.268773036839325,-0.8950529853166366,0.538605626858659,-0.8865674308307026,0.12602551274915774
2025-05-29,-0.041125223339685685,0.5993693224698226,0.7401402060596559,-0.03882851998158936,-0.06382327483112041,-0.8948682035984823,0.050144051129766755
2025-05-30,-0.21369508837788712,0.5132649339884426,0.9541916557957844,-0.43999329667568005,0.08004939122671949,-0.786314167042837,0.017917238152423725
2025-06-02,0.2983094101529332,0.7748894931970528,1.7226924289375796,-0.44690067675142214,-0.1194791026347419,-0.9185679655866048,0.21849059788579947
2025-06-03,-0.0732394563565732,0.659009952306474,1.3731403755078218,-1.349113240273557,0.41026024662700444,-1.1067059883523154,-0.014441351756857568
2025-06-04,0.5205396456008834,1.133318978316247,1.4880270757828682,-0.9737190484187099,0.04067544616594083,-1.0162650765824224,0.1987628368108012
2025-06-05,0.8841691519937506,1.024953669466811,1.0983594663291327,-0.5166397956258871,-0.4390940063509825,-0.8041066435585736,0.20794030704237532
2025-06-06,0.3961474912761217,0.6088191616929294,1.0903726858803446,-1.036732359012085,-0.08605433440101383,-0.9681369299695073,0.0007359525777982748
2025-06-09,0.7829276428701818,0.2620871720628094,1.0076484845493885,-0.06260066160205884,-0.8468661336686434,-0.4755261428514988,0.11127839356002978
2025-06-10,0.305128744865597,0.30080769698043736,0.5000659921633807,-0.3272672077660171,-0.42895584353059346,-0.4833230758294819,-0.022257282186112903
2025-06-11,0.2669956565268091,0.06176461371485081,1.3623083474249018,0.16530517428240835,-0.6319003097555985,-0.4926241302966203,0.12197489198279188
2025-06-12,0.21474250115602117,0.4360395880563462,1.7093568503537229,0.31507384498989965,-0.8768881949498871,-0.2468845407787102,0.2585733414712322
2025-06-13,0.4746723379548447,0.5150329843022586,2.5647171765908374,1.0432240176069953,-0.8376206628011292,0.3321940905277238,0.6820366573635884
2025-06-16,0.2660862915618372,0.8202608127255993,2.1823805085557257,0.35739955446262534,-0.6114157430617652,-0.12711427610702244,0.48126619135616666
2025-06-17,0.22387222500195658,0.9637978261093519,2.80959119893881,-0.14437644754199822,-0.0779464089538716,0.28343953497097485,0.6763963214208705
2025-06-18,0.30610866907111345,1.1133335905856117,3.0034030182846934,-0.3554475887591181,0.23204616159830374,-0.3951387122486285,0.6507175230886627
2025-06-20,0.1959051028467745,1.0391134581600279,2.9282548763401457,-0.39405504661492485,-0.03978825979255632,-0.22852078494742975,0.5834848909986728
2025-06-23,-0.3063906894188273,1.3902094869708244,1.490152416541985,-0.892297441928978,0.23472483888479082,-0.5995320108947642,0.2194777666925051
2025-06-24,-0.22940668134222728,1.2155870973442278,0.6326129426314784,-1.3607277357496521,0.05641609528531125,-0.9067208372733662,-0.09870651985070471
2025-06-25,0.26146116587437124,0.9979342642086514,0.8736977828564638,-0.800936296374519,-0.3045500085458349,-0.601271041784344,0.07105597770579807
2025-06-26,1.0240687788368277,1.1963589334381985,0.7274177510929358,-0.7088432069526713,-0.7185127580348917,-0.6719141854086141,0.14142921882863083
2025-06-27,0.9843685178488356,1.2643395761149647,0.9711739651656834,-1.36475567839446,-0.3018975178466949,-0.6907188916410145,0.14375166187455235
2025-06-30,0.8416240454246195,1.268481241896098,0.913018718130407,-0.9807524601810401,-0.5686263202769761,-0.5352422788566776,0.15641715768940503
2025-07-01,0.23607755800550395,1.021023453387152,0.6104219936178186,-1.2957596966730915,-0.28026981431034864,-0.4797471812009136,-0.03137561452897988
2025-07-02,0.6535883272617885,1.169925224058317,0.8190810570269544,-1.0476415913528454,-0.5580359804737767,-0.40008402022231154,0.1061388360496877
2025-07-03,0.2736404914048796,0.9684207193643366,0.8447401537013581,-1.3496370904405777,-0.11179902924718449,-0.4223662075964985,0.03383317286438558
2025-07-04,-0.16402244740596794,0.8559809501899337,0.641971143954902,-1.1643673473514742,-0.07115344695414484,-0.5457537818188876,-0.07455748823093981
2025-07-07,0.005381189585219432,0.719661913055328,0.6768625951560656,-0.9452707920230999,-0.13095824609534976,-0.020603836602331983,0.05084547051263857
2025-07-08,1.8911342454559508,0.5138142773655204,0.6197319063935925,-1.2122184774250835,0.03268021406084819,-0.2548808520126184,0.2650435523063683
2025-07-09,1.299227411215059,0.44724713512951936,0.6954169625168523,-1.0867610869508006,-0.029742700310426327,-0.3656043021863096,0.159963903235649
2025-07-10,1.9124872932588866,0.4002896351905547,-0.24742411056924157,-1.0458565167808336,0.32233513148711634,-0.436533363742401,0.15088301147401362
2025-07-11,1.8383753920912596,0.3291622172563336,0.13138681476760894,-1.2094532083535405,0.8691889527380128,-0.43837496938919807,0.2533808665184127
2025-07-14,1.7188740635531905,0.20958797726575618,-0.9777916236243447,-1.6141180882333712,0.8851210525747111,-0.6803146141914317,-0.07644020544258166
2025-07-15,1.698136654408036,0.018834745199895003,-0.8477058174449332,-1.503731064530756,1.3381319127324063,-0.41830867936677957,0.04755962516631141
2025-07-16,1.6077914831346531,-0.3341677541871711,-1.343300563097228,-1.2421471234999888,0.7304525359177311,-0.7586714779405149,-0.22334048327875308
2025-07-17,1.4005118740762663,-0.5145954253831734,-1.1738317258677993,-1.340026713037797,0.9064900830518587,-0.6737786644099355,-0.23253842859509669
2025-07-18,1.7214353778216367,0.26194824192645794,-1.1587685780481154,-1.0649835857635122,0.8907743986777801,-0.7572145566741412,-0.01780145034331569
2025-07-21,1.7309839966979144,0.17992145305150387,-0.07527494623606129,-0.7560146040923602,0.6788060228159692,-0.6322732165445273,0.18769145094873982
2025-07-22,1.868217794922996,0.5557125627243269,0.5610694059373362,0.000937284202963017,0.7486822834993472,-0.31680268329367334,0.5696361079988826
2025-07-23,1.9558329960635426,0.516049989277508,0.2594352647252624,-0.41474315825475383,0.7522080881596206,-0.39971037113696223,0.4448454681390362
2025-07-24,1.3798723371636425,0.40842503540657793,0.3598797056652384,-0.6317202264801551,1.1893626145552623,-0.3642960196198902,0.3902539077817793
2025-07-25,1.311832584085327,0.30908829224924855,0.13126013576450785,-0.44446573856786253,1.1916626013880731,-0.3964738065299886,0.35048401139821767
2025-07-28,0.9520338119722318,0.1637706384830617,0.5368392009042364,-0.7888088726730693,2.126502558887301,-0.443309169853417,0.4245046946200575
2025-07-29,0.9106931631642171,-0.03849206167152894,0.9713559644189952,-0.9885802924211576,2.270501649401103,-0.2868553202265109,0.4731038504441863
2025-07-30,0.5155567128693249,-0.1447785590048011,0.7051654031948769,-1.2624346690654837,2.822468855834614,-0.34610234867845646,0.38164589919167907
2025-07-31,-2.621400645284184,-0.4897678517863192,0.6452420856220619,-1.141005127656356,2.5446231677762445,-0.07180337546370799,-0.18901862446537676
2025-08-01,-2.1589665670783824,-0.5814505188722782,0.359266810487458,-0.7223166291306647,1.7439988353927314,0.609625142720055,-0.12497382108018018
2025-08-04,-2.020998172754237,-0.2083681496403298,-0.12746111495356705,-0.5060048133001761,1.6003274853555354,-0.18167733144532833,-0.2406970161230171
2025-08-05,-3.3093265465361026,-0.1749288962789901,-0.4235744721468479,-0.24174666223013339,1.5587904120037648,0.04973924235883787,-0.4235078204715785
2025-08-06,-2.7753347196971054,0.0796885644393117,-0.5877572356008735,-0.2834590093961611,1.2272908786172014,0.015473284866976118,-0.3873497061284417
2025-08-07,-2.862062677349503,0.07620829244597221,-0.3410630045048252,-0.1638633307839967,1.2337655413252564,0.006513016660129268,-0.3417503603678278
2025-08-08,-2.6258464766531997,0.18965274415860334,-0.69013786958504,-0.16009872280117096,0.9894273047108825,-0.3841271755452727,-0.4468550326191996
2025-08-11,-2.5244661616812327,0.11080393773264226,-0.4050694170417262,-0.7762690133835359,1.035530683719927,-0.3227773791804927,-0.4803745583057364
2025-08-12,-2.3310941733772075,0.5597605210124993,-0.47931698504934983,-0.6268559382919953,0.5066558536889658,-0.6217738992693628,-0.4987707702144084
2025-08-13,-2.238087463066074,0.6812137586358789,-0.5657091460130604,-0.7162941841940946,0.484568382669733,-0.628420043348528,-0.4971214492193576
2025-08-14,-2.192206689383894,0.6411383938814641,-0.530381597635454,-0.7920332632454881,0.516191542953889,-0.4649422873141305,-0.4703723167906022
2025-08-15,-2.2407770387740533,-0.09207978720375631,-0.7262982522805634,-0.8728524147208434,0.42736771381793226,-0.39662953490510466,-0.6502115523443982
2025-08-18,-2.2589158841279526,-0.5577800896038656,-0.5745092153709317,-1.2623164328546372,0.9387147707824819,-0.45265914729288986,-0.6945776664112991
2025-08-19,-2.3875331041968,-0.9733091476491255,-0.5993610219510698,-1.6483249727162623,1.2289019356668271,-0.3172682997042588,-0.7828157684251149
2025-08-20,-2.4078596517420654,-0.6259705312005028,-0.23824934268621506,-1.0663292742712351,1.2823619507878476,-0.07592023391349292,-0.5219945138376106
2025-08-21,-2.3043325990621772,-0.4328456211296102,-0.33107307502394545,-0.9257730745520056,1.3873170021964933,0.10664685420050121,-0.4166767522284574
2025-08-22,-2.1975594773805467,-0.16362307101464751,-0.1327247453088079,-0.33689861624181533,0.7509243458282444,-0.278262642764527,-0.3930240344803501
2025-08-25,-1.9054412378915178,0.08369849913802735,-0.21340995532094537,-0.135552207418648,0.5858934630714009,-0.1767831215072992,-0.2935990933214971
2025-08-26,-1.8970439869211484,0.3724471938755745,-0.9822153098388,-0.1294090481605566,0.34823819062750155,-0.3813085756604888,-0.444881922679653
2025-08-27,-1.8681891230234795,0.14878132309439038,-0.9404833680406895,0.21628500317112842,-0.18081866458355986,-0.23790243870413139,-0.47705454468105685
2025-08-28,0.25014524358980705,0.628140886398926,-0.719848423163185,0.4511967512469683,-0.4436153026312165,-0.5240588187480506,-0.05967327721779179
2025-08-29,0.19293689061305758,0.7204786644794964,-0.48071677834541154,0.33205244847051757,0.22187894206770944,-0.8495340253151874,0.02284935699503034
2025-09-02,0.2957481052766986,0.7488316732903298,0.03254396304106065,0.6974339994142208,0.501912736344618,-0.14217542936808317,0.35571584133314077
2025-09-03,0.38399477842357504,0.6372925000923924,-0.07676970437260602,0.9622740466566724,0.35426466946862223,-0.32833477694223207,0.3221202522210707
2025-09-04,0.18541514659898825,0.14479879608157847,-0.016559854061861577,0.7569585509034971,0.7732362552776505,-0.3278373765415744,0.25266858637637973
2025-09-05,0.19945819719797064,0.07304825536615517,-0.2644745712957956,0.9420406127123683,0.33268858477878677,-0.30199157005755667,0.16346158478365477
2025-09-08,0.057419116903438726,0.1732506072935414,-0.18857131712360964,0.8062344710592623,0.2650239445139012,-0.02248733940674717,0.1818115805399645
2025-09-09,0.14614518875469074,0.44235359630188703,-0.13281864927249032,1.5212031607587115,0.25463213428136755,-0.24622683667902037,0.3308814323575244
2025-09-10,0.07419585360618658,0.1835020915163466,0.2521337539080965,1.531201905157051,0.46810140305523334,0.1572106465944739,0.4443909423062314
2025-09-11,0.2082122415161251,0.6568321501282148,0.07675514079352565,1.37693596384508,0.4678539934088791,0.07857610426814181,0.4775275989933277
2025-09-12,0.24258916478019002,0.6898454455355304,-0.1372817982491177,1.6364056040925672,0.23587060443437302,0.02160125671195248,0.4481717128842493
2025-09-15,0.3530533634271765,0.8848509637514608,0.23709657324076105,1.8368787769145156,0.30778246622481426,0.1859204474948223,0.6342637651755918
2025-09-16,0.35832837972183007,1.2062806057618796,0.35756446053604446,1.8815451594739983,-0.2613613412760058,0.37194626481696513,0.6523839215057853
2025-09-17,0.33941555834550324,1.1972503132617764,0.4855279036295353,1.9335378674112245,-0.185227851442287,0.09528280714456328,0.6442977663917192
2025-09-18,0.24968891952109418,0.9070983511443138,0.1835672951576947,1.3986616774396297,0.11019970782257402,0.06553478938813169,0.4857917900789063
2025-09-19,0.30335331364676205,0.5782589396931205,-0.07897299485666438,1.6154138414011212,0.044345766419237105,-0.17862742552162383,0.3806285734636588
2025-09-22,0.28926133475908905,0.21662365241642595,-0.11579062968983195,1.7749365861943747,0.3715770799157521,0.5170338872518363,0.5089403184746076
2025-09-23,0.28376378760159243,0.0031266644178088955,-0.18687734628929073,2.005269626337927,-0.0749938958615802,0.48716841224763546,0.4195762080756822
2025-09-24,0.6727207747038545,-0.021658805293682387,0.48599382860113477,1.5467671163558199,0.3775748457647979,0.4169157336016338,0.5797189156222599
2025-09-25,0.651304125434654,0.34132261043159423,0.2825553999692764,1.4562738646908544,0.755676021200832,0.48772704617033685,0.662476511316258
2025-09-26,0.5789812044060211,0.21587656508339034,0.34697588456985157,1.5022009937830996,0.7559045845547028,0.24980927386998722,0.6082914177111753
2025-09-29,0.7230414132877669,0.48856680875311476,-0.00821717673417758,1.4851719572644417,0.6320606656084052,0.21118065984691847,0.5886340546710783
2025-09-30,0.5372875443616868,0.5525880305162842,-0.5558562960007288,1.0838148579589422,0.18285222998457365,-0.14053511560597495,0.27669187520246386
2025-10-01,0.6087162991446138,0.6343751901671845,-0.34402737767570907,0.950542523019183,0.2910910814186986,0.03299104201690534,0.36228145968181275
2025-10-02,0.8920845331498495,0.7537849864296037,-0.5297258821075087,0.9506027043470768,0.24989572385193207,0.3901418671709543,0.45113065547365133
2025-10-03,1.2178497359805573,0.8294168070388749,-0.10095929990255954,0.8776312107944444,0.5063727467125734,0.4554381656880917,0.6309582277186637
2025-10-06,1.035402186871919,0.8945971589427175,-0.015293577468125234,1.110467925367725,0.9114883128109287,0.4551498721082774,0.731968646438907
2025-10-07,1.1201406290004325,1.094157717376768,-0.09646915512472914,1.2299394154404446,0.974929629952013,0.7186667243653464,0.8402274935017126
2025-10-08,0.9874500073642801,1.2652106440473376,-0.15204283419228426,1.6049008693367885,1.1182883812760878,0.4120756374140388,0.8726471175410414
2025-10-09,0.9413156349745032,1.0196796345093222,-0.1063624732192753,1.0667509519038563,1.6306220947193981,0.685819590856357,0.8729709056240269
2025-10-10,0.47507629279871066,-0.1504879432613453,-0.7809061267602623,1.1544691913048308,1.2828807549661572,2.1987873205747084,0.6966365816037999
2025-10-13,0.8258626369095503,0.2557582599461112,-0.7816656754191282,1.6961214960891613,1.5696695425898832,1.1184265345063464,0.7806954657703207
2025-10-14,0.6227728146591996,-0.2071786331098398,-1.2088826749942914,1.8103654254563786,1.80983608033191,1.4285269455116192,0.7092399929758293
2025-10-15,0.7301010114844668,0.18816253385374745,-1.2002383841075928,2.0437527418205366,1.4993980456748701,1.640404373605887,0.8169300537219858
2025-10-16,0.7563556518500391,0.7374994494697287,-1.2787225409837382,2.827787149990399,0.9793772887882395,3.0541645439544034,1.1794102571781784
2025-10-17,0.6302997949828341,0.946629746364016,-1.074272201990313,2.126938936187979,0.8219187035897197,1.9174175721270623,0.8948220918768831
2025-10-20,0.7455114796429146,1.4227856025246035,-1.074549525671708,2.433712793269762,1.1017982934892643,0.9565532801566985,0.9309686539019225
2025-10-21,0.571084523385647,1.4270729346176012,-1.169178780229875,0.8727337795774766,1.357270756212498,0.6938120140756328,0.6254658712731634
2025-10-22,0.2696366175332187,1.6100124010310917,-1.3363277610221853,0.9190325641246369,0.9373087148439688,1.1048790538978992,0.584090265068105
2025-10-23,0.6101884823942366,2.1429720258083806,-0.6203170596647605,1.3186891109710948,0.5101787594712016,0.5054278135697476,0.7445231887583169
2025-10-24,0.5906655268422435,2.2917038173061286,-0.8619994493660519,1.0476171786096118,0.7802765377794625,0.7015890997278089,0.7583087851498673
2025-10-27,0.4093135871108433,2.021357519225042,-0.4450403063828378,0.17999319591967883,0.8263867002873527,0.23035120008867324,0.5370603160414588
2025-10-28,0.4738160673674533,2.111759830104248,-0.5024890776262808,-0.11612522214522672,0.8529127988242219,0.39103407574621785,0.5351514120451056
2025-10-29,0.5928957132870948,2.106255524837348,-0.2956712881597948,-0.16607148699752022,1.2616063107234936,0.5398006735508674,0.6731359078735815
2025-10-30,0.1547074060684458,1.9033028855781118,0.047662384542744865,0.08443329063855733,1.3689139677570359,0.4108144623244121,0.6616390661515513
2025-10-31,-0.16873279636699046,1.7740925515016357,0.04660238394282054,-0.22106853234178314,1.6589508950385807,0.5650542058235543,0.6091497845996362
2025-11-03,-0.060961282908326295,1.7661616716169093,-0.1448241253167736,-0.47660404190757094,1.4040432563642116,0.563196008599849,0.5085019144080498
2025-11-04,-0.39703433157551876,0.5355056756178032,-0.28300797701246055,-0.8895894366570042,1.2889645850569866,0.8526872933311617,0.18458763479349463
2025-11-05,-0.31734886623206254,0.10413398362667235,-0.7193256955157524,-1.0479572835517252,1.0528161988948699,0.860431307511822,-0.011208392544362678
2025-11-06,-0.4012949905125544,-0.3560520194290415,-0.5032956258358304,-0.5468580665282804,0.19829767844848054,1.3389692986889736,-0.045038954194708825
2025-11-07,0.018199578514195947,1.2453445954477902,0.2594126650128854,-0.6001405481491331,0.5289768165786092,-0.517686605431235,0.15568441699551874
2025-11-10,-0.1825991724149712,0.9401519252422024,0.20403766338563692,-0.7106403361080506,0.32749177013987246,-0.26882711711096874,0.05160245552228687
2025-11-11,-0.02888548633914132,0.9512657065416208,0.6555791088394607,-0.896411194358134,0.38190681131485643,-0.8929413146282493,0.02841893856173555
2025-11-12,0.0616309380420187,1.2088415147790246,0.08239273580362619,-0.6083406292505044,0.6058151400289281,-0.8099868409390286,0.0900588097440108
2025-11-13,0.0820020423035335,0.8177900188994308,0.35681176129724684,-1.2247546508114757,0.7004047222831558,-1.2363425759560098,-0.08401478033068643
2025-11-14,0.055479795484071816,0.3384679989727694,0.7080494613793376,-1.2859488551177296,0.7426312735626551,-0.15895337047299035,0.06662105063468567
2025-11-17,-0.1726731761870742,-0.38361408482463055,0.6568367497111915,-2.0424394750250676,0.8556044059630017,1.698433386056027,0.10202463428224129
2025-11-18,-0.11723755285908423,-0.87044103154339,0.7865755464376768,-0.876652006721303,0.5597712652647724,2.670541192233751,0.35875956880207055
2025-11-19,-0.09082903966166624,-0.8378977036339462,0.24157132300763595,-0.5632168408297306,1.093175571107173,1.8855480986686817,0.28805856810969127
2025-11-20,-0.411023205951625,-1.3550830909864244,-0.6780517643154536,-1.0811582896448277,0.9962319300976783,3.389779202361193,0.14344913026009007
2025-11-21,-0.34057338527978487,-1.8003727527991082,-0.871873797190268,-0.9412259735310067,0.9943364696000059,2.685499523837087,-0.04570165256051243
2025-11-24,-0.5087632204422982,-1.5205742138930844,-0.616208543859846,-0.26148354294156334,1.0849335180900082,1.8295390592874186,0.0012405093734391137
2025-11-25,-0.43534403235207214,-1.8815410661987473,-0.549803865732526,0.18137253127450229,0.776700155309233,0.7708853440329512,-0.1896218222777765
2025-11-26,-0.4062335554083153,-1.2372793115664824,-0.44237928195693277,0.21764448800614922,0.3198439176437258,0.05099202217180923,-0.2495686201850077
2025-11-28,0.032908539762661365,-0.8826299937678644,-0.4789217268685462,0.39404424063851773,-0.027314736110581817,-0.2671306171571296,-0.2048407155838238
2025-12-01,0.1190828289290557,-0.5982489124958955,-0.37150995410577997,0.5998499300236327,-0.266374092926769,-0.14653949678711964,-0.11062328289381262
2025-12-02,0.047734941459325435,-0.8117279691090424,-0.5542787938117059,0.2121858981270201,-0.3588999389623688,-0.30347790473925235,-0.29474396117267065
2025-12-03,0.5731719777518622,0.19915404667891215,-0.33876874339162516,0.5673007006109921,-1.0116850773225217,-1.0806393368164764,-0.18191107208147614
2025-12-04,0.46291656666791403,0.48485245431172536,0.11424664443468437,0.4399558403981697,-0.8903444216456483,-0.8995973029407268,-0.04799503646231362
2025-12-05,0.6721292875317575,0.1936973830530095,0.27794744483820394,0.44373311483009076,-0.5596532316392695,-1.4413334116911585,-0.06891323551289437
2025-12-08,0.6498491985051503,-0.11146688995183962,-0.12975184134545426,0.19448308610881482,-0.3945693940957626,-0.9003540586616876,-0.11530164990679648
2025-12-09,0.11489198233871868,-0.8733037526704434,-0.38854773525231945,-0.30800128830603773,-0.3253999293769744,-0.32961317853268446,-0.3516623169666235
2025-12-10,0.25536933963355785,-0.593502923416389,-0.5556118630608403,-0.3300000575086856,-0.5651921671235032,-0.6420021138190445,-0.4051566308824841
2025-12-11,0.45785637576657384,-0.6910629879327951,-0.08860321506246509,-0.3745612587108399,-0.965465452626598,-1.0417707822924522,-0.45060122014309606
2025-12-12,0.19325261010569317,-1.225397808676221,-0.17497643498685195,-0.2058832692791035,-0.7003168135033101,-1.4117416828140434,-0.5875105665256394
2025-12-15,0.37005952854689106,-1.0097134706361774,-0.7629344611728721,0.3546836298439565,-0.9864262026075888,-1.1053458962797476,-0.5232794787175897
2025-12-16,0.3705698009343934,-0.2688344707935682,-1.2375654250315569,0.4434201193737979,-1.2393252163706683,-1.6884109161113465,-0.6033576846664914
2025-12-17,0.5895510579306618,0.7425101560170914,-1.3438677156727499,0.6977066629871147,-1.0246133138613596,-1.793621324294734,-0.3553890794823293
2025-12-18,0.4965307802079926,0.4940552321348507,-0.8181341352806332,0.5552539272186507,-1.511019788167359,-1.7694894142420452,-0.4254672330214239
2025-12-19,0.728121812010997,0.8182570231617602,-0.500502878095559,0.774603329940333,-1.3075721085517593,-2.6228051805011843,-0.3516496670059021
2025-12-22,0.6185290079586735,1.0147242952972566,0.4623438761785168,1.0781067849241037,-1.5760825103552698,-2.338540046013612,-0.12348643200172198
2025-12-23,0.7868551803023164,0.5681595139729176,0.3155554392826124,1.1711443773629642,-1.8468124809682336,-1.8270305358779249,-0.13868808432089139
2025-12-24,0.7498842306042331,0.8530626034491877,0.6892311658463192,0.8814502071502659,-1.429841894981566,-1.5548069672852751,0.031496557463860785
2025-12-26,1.0258606636642593,0.7565501863258408,-0.246280973707101,0.9693967768110847,-1.3672302326688823,-1.1632206878506932,-0.004154044570915283
2025-12-29,0.35622592446218226,-0.4310797400356572,0.3715923966167255,-0.348640023136128,-1.243745542164749,-0.710952962819464,-0.33443332451284835
2025-12-30,0.7174338914155763,-0.11020515340018389,0.014518073235431455,-0.2372310245732349,-1.0571849856939743,-0.9193800153937132,-0.2653415357350164
2025-12-31,0.6514978575528614,-0.09744262280876505,0.09191724408021941,-0.1960290182453955,-0.9887903248100157,-0.5133822450684046,-0.17537151821658337
2026-01-02,0.3818307952775836,0.05991830265061021,-0.07042932807214823,-0.3267368457314346,-0.4430976102676935,-0.5072856252645258,-0.15096671856793473
2026-01-05,0.9087058529531774,0.73758841379913,0.07839361695514192,0.22430929343718928,-0.7068235228270506,-0.2599986282546577,0.1636958376771551
2026-01-06,0.8867693585165993,1.3976609740360924,-0.6167261076059114,0.43946272217032,-0.4452899265945576,-0.18412703373898776,0.2462916644639258
2026-01-07,0.5715793069676609,1.0020247077862336,-0.6047192752335964,0.4009178973225987,-0.45675052986103787,-0.3798454751412818,0.0888677719734295
2026-01-08,0.7079187047711174,1.5446650613480315,0.5115640725178761,0.2870108166523274,-0.35598113639185314,-0.4409624616472229,0.37570250954171275
2026-01-09,0.8405675994507446,1.8033898632038556,1.051239669503207,0.5429467837978132,0.20259738089247803,-0.4052927199032808,0.6725747628241363
2026-01-12,0.7791138646815655,2.043468502543263,1.620195046214353,0.625870356137082,0.35198252771168503,0.16085672361101208,0.9302478368164934
2026-01-13,1.0402162076099797,2.5665533927759627,2.415325434055585,0.45650318330847833,0.5479385369903398,0.13907634598024674,1.1942688501200986
2026-01-14,1.0019852466898291,2.599234726116287,3.04964206930201,0.5995058270994191,0.7630569058486966,0.12901928442730592,1.3570740099139247
2026-01-15,0.997635266338134,2.226047197464432,2.448728905867087,0.5481047266392375,0.9209917708513227,-0.19339356613766534,1.1580190501704246
2026-01-16,0.5692967013336246,1.3989247591874103,2.1902416728915326,0.15611809435116666,0.774448318842027,-0.558370026377401,0.7551099200380601
2026-01-20,0.5453276822871796,1.1073757483617341,2.4280251020616004,1.0732921954174441,0.04772172710632701,1.1342515232110744,1.05599899640756
2026-01-21,0.340385067823699,0.7969712056019108,2.2643141136340916,1.3010843965114154,-0.001559793027248825,0.7865615308948495,0.914626086906453
2026-01-22,0.3805646647019576,1.2452005195648015,1.0776752706314996,1.2046673662873781,-0.08550429566236839,0.6441717201345328,0.7444625409429668
2026-01-23,0.6175771429184489,1.501058861972266,1.6325193344902222,1.3075878691359615,-0.44903418368754283,0.8574127283721782,0.9111869588669222
2026-01-26,0.7115018719402801,1.7577911445391217,1.437058208846102,1.7928923432959496,-0.9748532983710994,1.1299027504557242,0.9757155034510129
2026-01-27,-0.04930738925627754,0.9011063779486901,2.840455961886594,1.499516779824258,-1.711729623998524,1.130644540270516,0.7684477744458761
2026-01-28,0.5762912910802079,2.2723416121563007,2.5304387805397086,3.564140077343117,-1.5037861410061926,0.824856648517001,1.377380378105024
2026-01-29,0.6265541656247815,1.338424868445807,3.342475572037401,3.2273497374008526,-1.8276268414916919,0.9642181817811117,1.2785659472997104
2026-01-30,0.3071016215240218,0.29714704586566565,3.337102463940424,0.652843256759017,-1.21424891297337,0.8889790618165982,0.7114874228220595
2026-02-02,0.10657886424744112,-1.020362016836851,2.1552209634455624,0.27141318928642805,-0.7550500884169952,0.6654503703428366,0.23720854701140362
2026-02-03,0.04152900809355324,-0.8777749630140701,2.093788181704876,0.9439991284634789,-0.761829272691537,1.1233192340374394,0.4271718860989567
2026-02-04,-0.5402939969551178,-1.639985029814282,3.130148817901489,0.7802090555042754,-0.8666427685044766,1.4231164265905696,0.3810920841204097
2026-02-05,-0.25743588043093485,-1.5308625131723972,2.8150548982879076,0.6644713626456739,-0.7602504395872794,2.2273115032912587,0.5263814885057048
2026-02-06,-0.04162805402153,-0.8835532002246289,2.158388146823736,1.0564459617781408,-1.1497205939725177,1.6543130508505466,0.46570755187229107
2026-02-09,-0.11901168946083489,-0.9797722663916436,1.8903289873277611,1.28106057554879,-2.0312780626660034,0.9736453476478723,0.1691621486676569
2026-02-10,-0.4873248119889901,-1.6394475723644484,1.5954957411817112,0.5001176535606577,-1.7689984961497602,0.8431631128270866,-0.15949906215562384
2026-02-11,-0.3823261078372531,-1.5615423401337556,1.230791498561501,0.8588992610753626,-1.9387245893731053,0.43640033916433,-0.22608365642382003
2026-02-12,-0.8431006380067777,-1.3724941385312306,0.3916649176655059,0.017423785356414017,-1.8147760678633293,1.181746516987863,-0.4065892707319258
2026-02-13,-0.7138363762037209,-1.3023458691134504,1.3078626123870694,0.48953288981935833,-1.976515178452367,1.4713598752589787,-0.12065700771735528
2026-02-17,-0.7632147882396174,-1.3842814786450555,1.0280487798388602,-0.010595994859776983,-1.7620201127763833,1.332109269607262,-0.2599923875124518
2026-02-18,-0.40919993348834083,-0.8416492587317995,1.5999391935552614,-0.36968678844167235,-0.6607565337728898,-0.3201937260790601,-0.16692450782641688
2026-02-19,-0.504132022643393,-1.234029905101791,1.8503933917650364,-0.7690444381455587,-0.5551128215729985,0.8695525101272155,-0.05706221426191486
2026-02-20,-0.33733133100705226,-1.2429940533073518,2.207968304429204,-0.7663714461834482,-0.31597183906574816,0.9852615712997808,0.08842686769423076
2026-02-23,-1.0064544351630464,-1.6288680836868283,1.5785205432521747,-0.45083395353809236,0.26469941414591364,1.4258939067445526,0.030492898625779013
2026-02-24,-0.8897334838722692,-1.8937357703253521,1.4901050225682517,-1.127401980888726,0.9092727595109896,0.9003580878321954,-0.1018558941958184
2026-02-25,-0.3216103246665905,-1.142454526297816,0.866178682942413,-0.9124398343076341,1.4581038813839136,0.28440327504095725,0.03869685901587386
2026-02-26,-0.7281155965855979,-1.6627708729864497,0.5495843658420796,-1.9434652341764183,1.3101564078592305,0.5050632290621686,-0.3282579501641645
2026-02-27,-1.6860194803329964,-1.6512880513714616,0.4073103760417007,-1.763323142985485,1.2830258464824862,0.6942875626227089,-0.45266781492384117
2026-03-02,-1.0549844100046115,-0.19321095267486146,1.6201079059601633,1.20509954606182,1.309243910053819,0.962290777476788,0.6414244628121862
2026-03-03,-1.1447488162986572,1.3077074026549558,3.3899449585007417,0.8043992237486048,1.3218282053634316,2.061947883450104,1.2901798095698636
2026-03-04,-1.7740882088401966,1.4473216811869187,2.9307067471112496,-0.4859700418276241,1.2105062895730978,0.627824136033551,0.6593834338728327
2026-03-05,-1.2715412830431592,1.264300381650448,3.7228296831787886,-0.7909088350880389,1.4969353884965602,1.1371226856653018,0.9264563368099834
2026-03-06,-1.1442752847023423,2.626224815456787,5.757743070793497,-0.17423948282911994,1.0338709454118553,1.5347028329430048,1.6056711495122802
2026-03-09,-1.2093632623851505,1.538872374570765,5.586905153691567,-0.8073287771147577,1.3340376258463127,0.9775912655127507,1.2367857300202478
2026-03-10,-1.1195138311887602,1.533338797817488,3.1358438596881943,-0.6531346585489133,1.6984665360569906,1.90146271122544,1.0827439025084065
2026-03-11,-1.1469833435728445,2.1255724171680033,3.6539633242463676,-0.7003458675079847,1.9998348421743009,1.4891419305690463,1.236863883846148
2026-03-12,-1.4034988135284518,2.5995472541284,4.45886262854342,-1.187058462092898,2.3228871747901323,2.3628297674728698,1.5255949248855787
2026-03-13,-1.1506768175926017,1.881061276661691,4.781303019790099,-0.8097943052261398,2.6395981218491418,1.1358322114075163,1.4128872511482846
2026-03-16,-0.9389884236046857,1.2235220501041146,3.768277400566707,-1.447703204846779,2.1122591802885493,0.304652707588733,0.8370032850161065
2026-03-17,-0.5695769226585671,1.593260724192901,3.935946956119891,-0.8156306542206705,1.7520804454263939,0.10788696447384007,1.0006612522222982
2026-03-18,-1.7783144224890313,1.1240331088072462,3.2454844744911795,-1.6867785648916371,1.6867279083554343,0.9805919298148138,0.5952907390146676
2026-03-19,-1.9553514176227909,0.07502971996554308,2.89197745804362,-2.737029660178833,0.8505719346194601,0.5262290263089775,-0.05809548981067053
2026-03-20,-2.5372201397358274,-0.2917315757823267,2.994295294412263,-3.0202422576659833,1.2451973234721025,1.5616661600926933,-0.008005865867846388
2026-03-23,-1.9626258700959835,-0.43457256663179483,1.8942117900425577,-3.8460746732871542,0.78309836698147,0.7669532399340329,-0.466501618842812
2026-03-24,-2.421586981884006,-0.010550472161475661,2.353584729115095,-3.5052262241888514,0.991767172155605,1.4083322407869898,-0.19727992269610725
2026-03-25,-2.1838952669277405,-0.5162475449659457,2.1175618429395398,-3.0131900612075846,1.235692095776528,1.5499051674875064,-0.13502896114961604
2026-03-26,-2.2833998575458017,-0.24477739502763418,2.481300772131222,-3.311588317766697,1.3673848323073878,1.8041408819022695,-0.03115651399987555
2026-03-27,-2.312133963188028,0.16742124635330455,2.6251931955402243,-2.9599007481373567,1.6582185286997355,2.1790796670531902,0.22631298772017827
2026-03-30,-1.9242235486707973,0.7634349681909702,2.2903394492904208,-2.895249540326901,1.324670253691668,1.5128926526062838,0.17864403913027405
2026-03-31,-1.2005420751439058,0.8163328033021238,1.7355456919283854,-2.0158537377703807,0.43177815575450385,-0.14926355774538852,-0.06366711994577699
2026-04-01,-1.3096701254025946,0.27200474059554514,1.5908952764393276,-1.6241745294953445,0.40383946295309264,0.25829531200890965,-0.06813497715017734
2026-04-02,-1.1755003793007865,0.45685700553630293,1.766653872322445,-1.81565650048493,0.2719964004468849,-0.4670935191668791,-0.16045718677449383
2026-04-06,-1.1060685232205385,-0.2944201683712883,0.9211015311335683,-1.9606174457216372,0.4672851889721773,-1.3142480994076617,-0.5478279194358967
2026-04-07,-1.3381469211470478,-0.21179473050175027,0.6459031656423231,-1.781445367432196,0.08144254382398505,-0.42303930381102284,-0.5045134355709514
2026-04-08,-0.9704831008562881,-0.5801152249171883,0.28155659676574285,-1.8309962830372513,-0.030910081392614343,-1.181732156724965,-0.7187800416937606
2026-04-09,-0.8171010685324199,-0.9042756561395408,0.21845658141090332,-1.533664676565505,-0.5356470406769255,-1.3420882659391287,-0.8190533544071027
2026-04-10,-0.35844254768039396,-1.1449799482745564,-0.452811626443526,-1.459677025455148,-1.0055270108183219,-1.7631543772981075,-1.0307654226616758
2026-04-13,0.347367864926417,0.44241338129996494,-0.4836769489770773,-1.3290926783659294,-1.6091950707841325,-1.733561328496377,-0.727624130066189
2026-04-14,0.39676919307986797,1.0585787189082474,-0.6494624172083404,-0.9374415427867283,-1.3113628582876815,-1.3674710597538633,-0.46839832767474965
2026-04-15,0.6265848279284199,1.3089445285433412,-0.8130212340594511,-1.0082202794364872,-1.2433311131655058,-1.2073467418170962,-0.3893983353344632
2026-04-16,1.2144437211641732,1.5859961408609784,-0.6148052586816815,-0.7378657508847256,-1.4626898830473922,-1.6089624506511315,-0.27064724687329655
2026-04-17,1.7727257836346983,2.4481195406303424,-1.2718012584282516,0.3336937208894522,-0.9321186822951126,-1.529574496174287,0.13684076804280695
2026-04-20,1.8688301197656068,2.1708913092495705,-1.0389927287043947,0.29422826781737776,-1.2423094659977827,-1.6144177713020935,0.07303828847138061
2026-04-21,1.3766165607872076,2.37263839554104,-0.24834244385193688,0.5199293368350348,-0.48662673578265864,-1.4075104713365505,0.35445077369868944
2026-04-22,1.817093142809028,2.130377632508791,-0.4858301692865867,0.6636192563290977,-0.6862429453375615,-1.5714154129051816,0.3112669173529312
2026-04-23,1.2722352447127112,2.212949297759701,-0.16621140441783763,0.07205212310594228,-0.644938154810746,-1.2860162550873564,0.2433451418770691
2026-04-24,1.3805717829121245,1.9172771022533501,-0.5469050074466136,0.7218710522352048,-1.0452907522322612,-1.6063893189250693,0.13685580979945586
2026-04-27,1.281982946303048,1.5346261797518133,-0.7414333774144993,0.1769304117477211,-1.221692255081965,-1.9980698051997932,-0.16127598331561252
2026-04-28,0.913952653233221,0.4007312398184861,-0.7190918792964828,-0.1958761359034444,-1.3477880471154013,-1.9422664593604937,-0.48172310477068586
2026-04-29,0.4180741991814917,-0.5619121184442296,-0.22141993264459722,-0.7159374494704961,-0.7498657335024099,-1.2444189752022452,-0.5125800016804144
2026-04-30,0.4497348678933677,-0.9198164453173734,-0.25525936749461037,-0.8962252303670546,-1.1055630400895593,-1.4580050544591792,-0.6975223783057349
2026-05-01,0.6784933987723789,-0.3971801901556604,-1.0734849470729655,-0.4506382729617911,-1.2543662408515448,-1.3401113928158759,-0.6395479408475765
2026-05-04,0.17061610487759307,-0.4939491117049573,-0.8703486472236235,-0.7986391416411139,-1.0236403973170711,-1.1408472886185521,-0.6928014136046209
2026-05-05,0.7661295530570799,0.11545170344205803,-1.111336597790521,-0.6807010969196149,-0.7700895540123981,-1.4537848374084201,-0.5223884716053027
2026-05-06,0.6434085226972849,-0.13959882620155828,-0.4992458766591174,-0.5689864516782907,-0.7262230912088025,-0.826684599244887,-0.3528883870492285
2026-05-07,0.6420231320732517,-0.2428086931582091,-0.7298652001223154,-0.6395128602115863,-0.3337612229719277,-0.617247425588482,-0.3201953783298781
2026-05-08,0.6037550050955316,-0.4234672709902403,-0.6155376868252969,-0.4891166727481042,-0.49595347504183795,-0.5391092135039741,-0.32657155233565366
2026-05-11,0.7470668649717128,-0.817773075489238,-0.6067829959169208,-0.43406796844372525,-0.21990385701097734,-0.26036819705917896,-0.2653048714913879
2026-05-12,0.6508674527709541,-0.4178846167668469,0.1716940715520863,-0.7941846474497862,0.21606793024685295,-0.18882044216356028,-0.06037670863504999
2026-05-13,1.0719498975913417,0.38498249959063957,0.0895740275483226,-0.6588171134113634,0.3967784554047473,-0.17606762460764372,0.18473335701934065
2026-05-14,0.8779404562895379,0.4838368286728178,-0.14281347154681565,-0.6723513929068383,0.5679878805335324,-0.2675044662395837,0.14118263913377507
2026-05-15,-0.158034755201083,0.22632944115169146,0.9857433638185146,-1.223740962792415,0.9328161607974126,0.10034763627391352,0.14391014734133903
