Date,ALI=F,CL=F,COPX,DX-Y.NYB,GC=F,HG=F,ITA,PICK,PRNT,SPY,VIS,XAR,XLB,XLI,XME,^VIX
2018-05-15,,,,,,,,,,,,,,,,14.630000114440918
2018-05-16,2300.0,71.48999786376953,23.06285285949707,93.38999938964844,1290.199951171875,3.058500051498413,90.59098815917969,25.627559661865234,24.617046356201172,240.5759735107422,124.78132629394531,82.46006774902344,25.351123809814453,65.19354248046875,33.87826156616211,13.420000076293945
2018-05-17,2300.0,71.48999786376953,23.054426193237305,93.47000122070312,1288.199951171875,3.0769999027252197,91.22754669189453,25.70464324951172,24.615087509155273,240.37278747558594,125.3246078491211,83.30044555664062,25.41063117980957,65.44699096679688,34.20271301269531,13.430000305175781
2018-05-18,2300.0,71.27999877929688,22.869117736816406,93.63999938964844,1290.199951171875,3.0510001182556152,91.84107971191406,25.25614356994629,24.546571731567383,239.77186584472656,126.07261657714844,83.86698150634766,25.444639205932617,65.83148956298828,34.08554458618164,13.420000076293945
2018-05-21,2300.0,72.23999786376953,23.029157638549805,93.68000030517578,1290.199951171875,3.0855000019073486,93.22029876708984,25.45937156677246,24.699270248413086,241.57464599609375,127.8270034790039,85.01896667480469,25.58066177368164,66.82772827148438,33.86924362182617,13.079999923706055
2018-05-22,2300.0,72.12999725341797,23.172351837158203,93.61000061035156,1291.699951171875,3.11899995803833,92.00714111328125,25.452360153198242,24.892107009887695,240.90306091308594,126.17949676513672,83.90475463867188,25.36812400817871,66.00627899169922,33.72505187988281,13.220000267028809
2018-05-23,2300.0,71.83999633789062,22.624841690063477,94.01000213623047,1289.300048828125,3.060499906539917,92.63909149169922,24.99685287475586,24.71786880493164,241.56576538085938,125.98357391357422,84.28245544433594,25.308616638183594,65.94507598876953,33.54479217529297,12.579999923706055
2018-05-24,2300.0,70.70999908447266,22.296337127685547,93.77999877929688,1303.699951171875,3.0855000019073486,93.27104187011719,24.870712280273438,24.480989456176758,241.0708770751953,126.6336441040039,84.83954620361328,25.219358444213867,66.2684326171875,33.61690139770508,12.529999732971191
2018-05-25,2300.0,67.87999725341797,21.90044403076172,94.19000244140625,1303.300048828125,3.066999912261963,92.82820129394531,24.394176483154297,24.42127799987793,240.49644470214844,126.46449279785156,84.3957748413086,25.083328247070312,66.14610290527344,33.19330596923828,13.220000267028809
2018-05-29,2300.0,66.7300033569336,21.20973777770996,94.83000183105469,1298.699951171875,3.052000045776367,91.76726531982422,23.854581832885742,24.118812561035156,237.73046875,124.69231414794922,83.62149047851562,24.64975929260254,65.08866882324219,33.121212005615234,17.020000457763672
2018-05-30,2305.0,68.20999908447266,21.723556518554688,94.1500015258789,1301.5,3.059499979019165,92.97122192382812,24.317092895507812,24.62781524658203,240.90306091308594,126.3575439453125,84.68849182128906,24.93880844116211,66.00627899169922,33.815162658691406,14.9399995803833
2018-05-31,2305.0,67.04000091552734,21.622478485107422,93.98999786376953,1300.0999755859375,3.058000087738037,91.83644104003906,24.289064407348633,24.62096405029297,239.42721557617188,124.567626953125,83.73478698730469,24.730514526367188,65.05370330810547,33.80615234375,15.430000305175781
2018-06-01,2305.0,65.80999755859375,21.824636459350586,94.19000244140625,1294.800048828125,3.0915000438690186,92.74518585205078,24.653470993041992,24.324371337890625,241.7778778076172,125.93011474609375,84.55628204345703,25.108835220336914,65.77031707763672,34.10356903076172,13.460000038146973
2018-06-04,2305.0,64.75,22.11945152282715,94.0199966430664,1293.0999755859375,3.126499891281128,93.08191680908203,24.842679977416992,24.666967391967773,242.9266815185547,125.91227722167969,84.8489990234375,25.25335121154785,65.67418670654297,33.95035171508789,12.739999771118164
2018-06-05,2305.0,65.5199966430664,22.57430076599121,93.88999938964844,1297.5,3.190999984741211,93.09114074707031,25.003860473632812,24.91069984436035,243.10337829589844,126.36652374267578,84.95286560058594,25.444639205932617,65.75283813476562,34.34690475463867,12.399999618530273
2018-06-06,2305.0,64.7300033569336,23.172351837158203,93.66000366210938,1297.0999755859375,3.254499912261963,93.99524688720703,25.620546340942383,25.048717498779297,245.13589477539062,127.40847778320312,85.63272094726562,25.916467666625977,66.30340576171875,34.80655288696289,11.640000343322754
2018-06-07,2305.0,65.94999694824219,23.06285285949707,93.4000015258789,1298.699951171875,3.2679998874664307,93.9122085571289,25.37527084350586,24.773662567138672,245.10931396484375,127.72900390625,85.47220611572266,25.78469467163086,66.58304595947266,34.509151458740234,12.130000114440918
2018-06-08,2305.0,65.73999786376953,22.885963439941406,93.55000305175781,1298.0999755859375,3.2929999828338623,94.5626220703125,25.228105545043945,24.92146873474121,245.83392333984375,128.2544403076172,86.35033416748047,25.85696029663086,66.80150604248047,34.31086730957031,12.180000305175781
2018-06-11,2305.0,66.0999984741211,22.928081512451172,93.58000183105469,1298.9000244140625,3.250499963760376,94.20283508300781,25.2841739654541,25.15639305114746,246.1609344482422,128.5126953125,86.029296875,25.895212173461914,66.93260955810547,34.52715301513672,12.350000381469727
2018-06-12,2305.0,66.36000061035156,22.78488540649414,93.80000305175781,1295.0999755859375,3.242500066757202,93.30793762207031,24.95480728149414,25.28364372253418,246.47911071777344,128.4503631591797,85.15115356445312,25.929218292236328,66.86270141601562,34.51815414428711,12.34000015258789
2018-06-13,2305.0,66.63999938964844,22.607995986938477,93.70999908447266,1296.9000244140625,3.247999906539917,92.8143539428711,24.947797775268555,25.418724060058594,245.69259643554688,127.37279510498047,84.95286560058594,25.648670196533203,66.32960510253906,34.21171569824219,12.9399995803833
2018-06-14,2305.0,66.88999938964844,22.26264762878418,94.7699966430664,1304.0,3.2165000438690186,92.14088439941406,24.79362678527832,25.15639305114746,246.31118774414062,127.07892608642578,84.30134582519531,25.68692970275879,66.07618713378906,34.46408462524414,12.119999885559082
2018-06-15,2305.0,65.05999755859375,21.673019409179688,94.79000091552734,1274.5999755859375,3.1410000324249268,91.7119140625,24.176939010620117,25.038930892944336,245.99697875976562,126.88301086425781,84.0357666015625,25.507570266723633,65.91122436523438,33.593963623046875,11.979999542236328
2018-06-18,2305.0,65.8499984741211,21.571937561035156,94.75,1276.199951171875,3.1034998893737793,91.79493713378906,24.120874404907227,25.30811309814453,245.49098205566406,126.60696411132812,84.1869888305664,25.44350814819336,65.63922119140625,33.848812103271484,12.3100004196167
2018-06-19,2305.0,65.06999969482422,20.864383697509766,95.08999633789062,1275.5999755859375,3.0464999675750732,89.6684341430664,23.459741592407227,24.901893615722656,244.5501251220703,124.27375793457031,82.27772521972656,24.978029251098633,64.25291442871094,33.09337615966797,13.350000381469727
2018-06-20,2305.0,66.22000122070312,20.8475399017334,95.05999755859375,1271.199951171875,3.0464999675750732,90.04668426513672,23.438413619995117,25.440258026123047,244.96725463867188,124.46076202392578,82.76921844482422,24.89689064025879,64.29676818847656,33.466548919677734,12.789999961853027
2018-06-21,2305.0,65.54000091552734,20.754880905151367,94.87000274658203,1267.199951171875,3.0250000953674316,89.11029052734375,23.225139617919922,25.029142379760742,243.43161010742188,122.96466064453125,82.15483856201172,24.632122039794922,63.48957443237305,33.03877258300781,14.640000343322754
2018-06-22,2305.0,68.58000183105469,20.982311248779297,94.5199966430664,1267.4000244140625,3.0325000286102295,89.36859130859375,23.694334030151367,24.892107009887695,243.87538146972656,123.28526306152344,82.35331726074219,24.99083709716797,63.70893096923828,33.6758918762207,13.770000457763672
2018-06-25,2305.0,68.08000183105469,20.30845069885254,94.27999877929688,1265.5999755859375,2.992000102996826,88.51524353027344,23.061634063720703,24.324371337890625,240.5555877685547,121.57542419433594,81.30418395996094,24.602224349975586,62.901695251464844,32.35615539550781,17.329999923706055
2018-06-26,2305.0,70.52999877929688,20.291603088378906,94.68000030517578,1256.5999755859375,2.996999979019165,88.90081787109375,23.19670867919922,24.343950271606445,241.088134765625,122.00286865234375,81.8145751953125,24.696178436279297,63.13860321044922,32.63828659057617,15.920000076293945
2018-06-27,2305.0,72.76000213623047,19.937828063964844,95.29000091552734,1252.800048828125,2.989500045776367,88.26280212402344,22.891019821166992,24.226486206054688,239.09091186523438,120.978759765625,81.37034606933594,24.619312286376953,62.629703521728516,32.183223724365234,17.90999984741211
2018-06-28,2309.25,73.44999694824219,19.862018585205078,95.38999938964844,1247.800048828125,2.9535000324249268,88.72050476074219,22.912343978881836,24.17754554748535,240.45799255371094,121.15495300292969,81.90911102294922,24.713260650634766,62.717445373535156,32.09221267700195,16.850000381469727
2018-06-29,2309.25,74.1500015258789,20.31687355041504,94.62999725341797,1251.300048828125,2.9509999752044678,88.98403930664062,23.19670867919922,24.295007705688477,240.80419921875,121.44105529785156,82.35331726074219,24.798667907714844,62.84907150268555,32.28334045410156,16.09000015258789
2018-07-02,2309.25,73.94000244140625,20.123140335083008,94.87000274658203,1239.800048828125,2.93149995803833,89.19207000732422,22.699073791503906,24.004289627075195,241.3189697265625,121.7808837890625,82.36278533935547,24.666284561157227,62.98944854736328,32.25603103637695,15.600000381469727
2018-07-03,2309.25,74.13999938964844,19.89571189880371,94.58999633789062,1251.5999755859375,2.9059998989105225,89.23829650878906,22.59244155883789,24.191247940063477,240.46694946289062,121.46788787841797,82.55182647705078,24.623579025268555,62.787635803222656,32.183223724365234,16.139999389648438
2018-07-05,2309.25,72.94000244140625,19.92940330505371,94.47000122070312,1257.300048828125,2.813999891281128,89.33540344238281,22.819927215576172,24.127622604370117,242.42852783203125,122.22795867919922,82.87318420410156,24.83710289001465,63.0947380065918,32.73842239379883,14.970000267028809
2018-07-06,2309.25,73.80000305175781,20.02206039428711,94.04000091552734,1254.300048828125,2.812999963760376,89.52032470703125,23.054527282714844,24.59942626953125,244.47903442382812,122.59463500976562,83.06221008300781,24.960947036743164,63.3140754699707,32.993263244628906,13.369999885559082
2018-07-09,2309.25,73.8499984741211,20.552722930908203,94.08000183105469,1258.0999755859375,2.8389999866485596,91.04138946533203,23.459741592407227,24.69144058227539,246.68051147460938,124.71385192871094,84.40435028076172,25.183013916015625,64.48981475830078,33.34822082519531,12.6899995803833
2018-07-10,2309.25,74.11000061035156,20.535877227783203,94.11000061035156,1253.800048828125,2.8285000324249268,91.36965942382812,23.48106575012207,24.84316062927246,247.56813049316406,124.97314453125,84.6406478881836,25.39653778076172,64.69164276123047,33.466548919677734,12.640000343322754
2018-07-11,2309.25,70.37999725341797,19.567203521728516,94.72000122070312,1242.800048828125,2.7335000038146973,90.08436584472656,22.663532257080078,24.586702346801758,245.75723266601562,123.09534454345703,83.31742095947266,24.96949005126953,63.62996292114258,32.8021240234375,13.630000114440918
2018-07-12,2309.25,70.33000183105469,19.769363403320312,94.80999755859375,1245.0,2.7679998874664307,91.60079956054688,22.819927215576172,24.735488891601562,247.98524475097656,124.34723663330078,84.80134582519531,25.029272079467773,64.375732421875,32.84763717651367,12.579999923706055
2018-07-13,2309.25,71.01000213623047,19.760936737060547,94.75,1239.5999755859375,2.7699999809265137,92.48382568359375,22.79149055480957,24.959646224975586,248.18057250976562,125.07154083251953,85.5102310180664,25.0164737701416,64.70917510986328,32.720218658447266,12.180000305175781
2018-07-16,2309.25,68.05999755859375,19.62616539001465,94.51000213623047,1238.0999755859375,2.756999969482422,92.74735260009766,22.65641975402832,24.848052978515625,247.95870971679688,124.3382797241211,85.85992431640625,24.815750122070312,64.44593048095703,32.519981384277344,12.829999923706055
2018-07-17,2309.25,68.08000183105469,19.794633865356445,94.97000122070312,1225.699951171875,2.739500045776367,93.33451843261719,22.883907318115234,24.735488891601562,248.96173095703125,124.928466796875,86.49321746826172,25.140300750732422,64.70040893554688,32.920440673828125,12.0600004196167
2018-07-18,2309.25,68.76000213623047,19.878864288330078,95.08000183105469,1226.300048828125,2.752000093460083,93.94942474365234,23.018980026245117,24.813796997070312,249.4854278564453,126.23397827148438,86.96580505371094,24.90542984008789,65.41110229492188,33.47564697265625,12.100000381469727
2018-07-19,2309.25,69.45999908447266,19.28923797607422,95.16999816894531,1222.4000244140625,2.686000108718872,93.69975280761719,22.514238357543945,24.901893615722656,248.54452514648438,126.26976776123047,86.90910339355469,24.995107650756836,65.38478088378906,32.67470169067383,12.869999885559082
2018-07-20,2309.25,70.45999908447266,19.432435989379883,94.45999908447266,1229.5,2.746000051498413,93.80148315429688,22.48580551147461,24.7844295501709,248.26046752929688,126.09986114501953,87.06976318359375,24.892621994018555,65.31458282470703,32.87495422363281,12.859999656677246
2018-07-23,2309.25,67.88999938964844,19.398740768432617,94.66999816894531,1224.0,2.736999988555908,92.85833740234375,22.535566329956055,24.76485252380371,248.72207641601562,125.42924499511719,86.20020294189453,24.755966186523438,64.91097259521484,33.31181716918945,12.619999885559082
2018-07-24,2309.25,68.5199966430664,20.03890609741211,94.61000061035156,1223.9000244140625,2.799999952316284,93.45935821533203,23.381546020507812,24.578874588012695,249.97361755371094,125.6348648071289,86.37979125976562,25.076248168945312,65.18297576904297,33.83970642089844,12.40999984741211
2018-07-25,2309.25,69.30000305175781,20.249486923217773,94.36000061035156,1231.4000244140625,2.805999994277954,93.50096130371094,23.61613655090332,24.682628631591797,252.1040496826172,127.18186950683594,86.59718322753906,25.27269172668457,66.17444610595703,33.903419494628906,12.289999961853027
2018-07-26,2309.25,69.61000061035156,20.131561279296875,94.75,1225.300048828125,2.803999900817871,94.5273208618164,23.381546020507812,24.40365982055664,251.50926208496094,128.30848693847656,88.01495361328125,25.417892456054688,66.6833267211914,33.62126922607422,12.140000343322754
2018-07-27,2309.25,68.69000244140625,20.005210876464844,94.68000030517578,1222.5999755859375,2.7874999046325684,94.1297378540039,23.580589294433594,24.047359466552734,249.80502319335938,128.0402374267578,87.20210266113281,25.323938369750977,66.692138671875,33.18440246582031,13.029999732971191
2018-07-30,2313.5,70.12999725341797,20.030485153198242,94.36000061035156,1221.300048828125,2.7790000438690186,92.78897094726562,23.53083038330078,23.853546142578125,248.50013732910156,126.92251586914062,86.19076538085938,25.276960372924805,66.03406524658203,32.83854293823242,14.260000228881836
2018-07-31,2313.5,68.76000213623047,20.36741065979004,94.48999786376953,1223.699951171875,2.819000005722046,95.16533660888672,23.793867111206055,23.825159072875977,249.72512817382812,129.6051483154297,88.81834411621094,25.507570266723633,67.49056243896484,32.692901611328125,12.829999923706055
2018-08-01,2313.5,67.66000366210938,19.83675193786621,94.62000274658203,1217.9000244140625,2.734999895095825,94.61515808105469,23.48106575012207,23.877038955688477,249.30792236328125,128.12965393066406,88.59152221679688,25.247068405151367,66.57805633544922,32.428958892822266,13.149999618530273
2018-08-02,2313.5,68.95999908447266,19.230274200439453,95.16999816894531,1210.5999755859375,2.7269999980926514,94.53193664550781,22.955001831054688,24.06399917602539,250.6659698486328,128.12965393066406,88.62931060791016,25.08051872253418,66.49029541015625,32.17411804199219,12.1899995803833
2018-08-03,2313.5,68.48999786376953,19.280813217163086,95.13999938964844,1214.199951171875,2.753499984741211,94.21294403076172,23.09718132019043,24.275428771972656,251.74008178710938,128.29954528808594,88.27960968017578,25.319664001464844,66.55172729492188,32.228721618652344,11.640000343322754
2018-08-06,2313.5,69.01000213623047,19.15446662902832,95.36000061035156,1208.5999755859375,2.7209999561309814,94.05574798583984,22.926565170288086,24.172651290893555,252.66329956054688,128.57675170898438,88.37410736083984,25.311126708984375,66.64824676513672,32.2014274597168,11.270000457763672
2018-08-07,2313.5,69.16999816894531,19.213430404663086,95.22000122070312,1209.5999755859375,2.740999937057495,94.46261596679688,23.082963943481445,24.343950271606445,253.49761962890625,129.45309448242188,88.72383117675781,25.39653778076172,67.1220703125,32.019386291503906,10.930000305175781
2018-08-08,2313.5,66.94000244140625,19.179737091064453,95.0999984741211,1212.5999755859375,2.740499973297119,94.33776092529297,23.09718132019043,25.217082977294922,253.39114379882812,128.8897247314453,88.90342712402344,25.28977394104004,66.82373809814453,31.837360382080078,10.850000381469727
2018-08-09,2313.5,66.80999755859375,19.33977508544922,95.5,1211.9000244140625,2.755500078201294,94.17130279541016,22.926565170288086,25.15639305114746,253.04502868652344,128.3621826171875,88.96015167236328,25.42643165588379,66.45523071289062,31.700841903686523,11.270000457763672
2018-08-10,2313.5,67.62999725341797,18.89334487915039,96.36000061035156,1211.0999755859375,2.7325000762939453,93.79222869873047,22.379169464111328,24.67382049560547,251.3495330810547,127.47692108154297,88.77108001708984,25.05916404724121,65.86735534667969,31.582508087158203,13.15999984741211
2018-08-13,2313.5,67.19999694824219,18.62380027770996,96.38999938964844,1191.300048828125,2.7219998836517334,93.67665100097656,22.137462615966797,24.27934455871582,250.4086456298828,126.72579956054688,88.619873046875,24.80721092224121,65.55148315429688,31.07282257080078,14.779999732971191
2018-08-14,2313.5,67.04000091552734,18.37952423095703,96.7300033569336,1193.0,2.67549991607666,94.4209976196289,22.21566390991211,24.564191818237305,252.00636291503906,127.6289291381836,89.34762573242188,25.0164737701416,66.00773620605469,30.899898529052734,13.3100004196167
2018-08-15,2313.5,65.01000213623047,17.46981430053711,96.69999694824219,1177.5,2.556999921798706,93.2374267578125,21.327035903930664,24.302837371826172,250.12452697753906,126.89570617675781,88.11893463134766,24.619312286376953,65.6918716430664,29.616565704345703,14.640000343322754
2018-08-16,2313.5,65.45999908447266,17.64670181274414,96.6500015258789,1176.199951171875,2.6135001182556152,94.5226821899414,21.383907318115234,24.553422927856445,252.14845275878906,128.35328674316406,88.92230987548828,24.768775939941406,66.52540588378906,29.96242904663086,13.449999809265137
2018-08-17,2313.5,65.91000366210938,17.655128479003906,96.0999984741211,1176.5,2.624500036239624,95.03126525878906,21.60428810119629,24.70612335205078,253.03602600097656,129.17588806152344,89.50831604003906,24.952411651611328,66.92901611328125,30.41750144958496,12.640000343322754
2018-08-20,2313.5,66.43000030517578,17.756208419799805,95.9000015258789,1186.800048828125,2.6635000705718994,95.60918426513672,21.79623031616211,25.1475830078125,253.57752990722656,129.90020751953125,90.03764343261719,25.12749481201172,67.37649536132812,30.608638763427734,12.489999771118164
2018-08-21,2313.5,67.3499984741211,18.02574920654297,95.26000213623047,1192.5999755859375,2.689500093460083,96.26104736328125,21.860214233398438,25.555761337280273,254.17233276367188,131.0805206298828,90.85993194580078,25.225717544555664,67.87664794921875,30.97270393371582,12.859999656677246
2018-08-22,2313.5,67.86000061035156,18.1942138671875,95.1500015258789,1196.300048828125,2.6684999465942383,95.54442596435547,22.030824661254883,25.440258026123047,254.0212860107422,129.9717254638672,90.33063507080078,25.097604751586914,67.21856689453125,31.04552459716797,12.25
2018-08-23,2313.5,67.83000183105469,17.789901733398438,95.62000274658203,1187.0,2.6524999141693115,94.97115325927734,21.5971736907959,25.450044631958008,253.68417358398438,129.38156127929688,89.57447052001953,24.926786422729492,67.0255355834961,30.199068069458008,12.40999984741211
2018-08-24,2313.5,68.72000122070312,18.152097702026367,95.1500015258789,1206.300048828125,2.6989998817443848,95.56755828857422,21.981060028076172,25.704545974731445,255.2107696533203,129.980712890625,90.28337097167969,25.251338958740234,67.31507110595703,30.799779891967773,11.989999771118164
2018-08-27,2313.5,68.87000274658203,18.62380027770996,94.77999877929688,1209.0,2.7049999237060547,96.33502960205078,22.336517333984375,26.053997039794922,257.22576904296875,131.42034912109375,90.93553161621094,25.597246170043945,68.16616821289062,31.154743194580078,12.15999984741211
2018-08-28,2313.5,68.52999877929688,18.640647888183594,94.72000122070312,1207.4000244140625,2.7339999675750732,96.55233001708984,22.48580551147461,26.21354866027832,257.35015869140625,131.20574951171875,91.34197998046875,25.4990291595459,68.02581024169922,31.118328094482422,12.5
2018-08-29,2313.5,69.51000213623047,18.708032608032227,94.5999984741211,1204.5,2.7090001106262207,96.48297119140625,22.57111167907715,26.40637969970703,258.73480224609375,131.47396850585938,91.37980651855469,25.691200256347656,68.07843780517578,31.38227653503418,12.25
2018-08-30,2318.75,70.25,18.2279109954834,94.72000122070312,1197.699951171875,2.690500020980835,95.59068298339844,22.137462615966797,26.424001693725586,257.68743896484375,130.56192016601562,90.50077819824219,25.38799476623535,67.60462951660156,30.772480010986328,13.529999732971191
2018-08-31,2318.75,69.80000305175781,17.94994354248047,95.13999938964844,1200.300048828125,2.6489999294281006,95.9189224243164,21.888647079467773,26.409317016601562,257.6963195800781,130.6156005859375,90.80323028564453,25.311126708984375,67.64851379394531,30.890785217285156,12.859999656677246
2018-09-04,2318.75,69.87000274658203,17.46981430053711,95.41999816894531,1192.699951171875,2.5834999084472656,95.97440338134766,21.405235290527344,26.066720962524414,257.25244140625,130.58871459960938,90.74652099609375,25.136030197143555,67.59587097167969,30.39021110534668,13.15999984741211
2018-09-05,2318.75,68.72000122070312,17.587739944458008,95.12999725341797,1194.9000244140625,2.5924999713897705,96.21482849121094,21.36968994140625,25.68497085571289,256.56011962890625,131.2682647705078,90.93553161621094,25.302581787109375,68.07843780517578,30.554040908813477,13.90999984741211
2018-09-06,2318.75,67.7699966430664,17.42770004272461,95.0199966430664,1197.9000244140625,2.618499994277954,97.25043487548828,21.31992530822754,25.518566131591797,255.7877655029297,131.67965698242188,92.12646484375,25.353824615478516,68.28898620605469,30.563138961791992,14.649999618530273
2018-09-07,2318.75,67.75,17.16657829284668,95.37000274658203,1193.5999755859375,2.6034998893737793,96.84819030761719,21.07822036743164,25.43046760559082,255.2907257080078,131.20574951171875,91.60663604736328,25.187280654907227,68.07843780517578,30.317392349243164,14.880000114440918
2018-09-10,2318.75,67.54000091552734,17.082351684570312,95.1500015258789,1193.0,2.6105000972747803,96.91756439208984,21.014232635498047,25.479413986206055,255.73452758789062,132.06414794921875,92.17375183105469,25.21717643737793,68.42938995361328,30.30829620361328,14.15999984741211
2018-09-11,2318.75,69.25,16.92230224609375,95.05999755859375,1195.4000244140625,2.6040000915527344,96.93141174316406,20.95025634765625,25.596874237060547,256.57794189453125,131.9657745361328,92.26825714111328,25.26841926574707,68.411865234375,30.171764373779297,13.220000267028809
2018-09-12,2318.75,70.37000274658203,17.37715721130371,94.80000305175781,1204.699951171875,2.6584999561309814,97.33365631103516,21.241722106933594,25.573381423950195,256.6399841308594,132.26980590820312,92.35328674316406,25.281234741210938,68.62240600585938,30.854387283325195,13.140000343322754
2018-09-13,2318.75,68.58999633789062,17.579315185546875,94.54000091552734,1202.0,2.6644999980926514,98.00401306152344,21.412342071533203,25.967857360839844,258.1579284667969,132.75270080566406,92.90152740478516,25.37945556640625,69.03480529785156,30.745161056518555,12.369999885559082
2018-09-14,2318.75,68.98999786376953,17.545629501342773,94.9800033569336,1195.0,2.627500057220459,99.4140853881836,21.5971736907959,26.115665435791016,258.2023620605469,133.51271057128906,94.3759765625,25.370908737182617,69.37699890136719,30.8361873626709,12.069999694824219
2018-09-17,2318.75,68.91000366210938,17.55405044555664,94.51000213623047,1199.699951171875,2.633500099182129,99.40485382080078,21.5971736907959,25.82200813293457,256.835205078125,133.37863159179688,94.23419952392578,25.460588455200195,69.40332794189453,31.145647048950195,13.680000305175781
2018-09-18,2318.75,69.8499984741211,17.916248321533203,94.62000274658203,1196.800048828125,2.7119998931884766,100.60691833496094,22.07347869873047,26.056934356689453,258.22882080078125,134.5321502685547,95.3589859008789,25.486215591430664,70.0350570678711,31.68263816833496,12.789999961853027
2018-09-19,2318.75,71.12000274658203,18.42164421081543,94.55000305175781,1202.199951171875,2.7100000381469727,99.7978515625,22.62798500061035,25.763277053833008,258.5040588378906,134.24595642089844,94.21531677246094,25.7637996673584,69.97364044189453,31.928382873535156,11.75
2018-09-20,2318.75,70.80000305175781,18.78384017944336,93.91000366210938,1206.199951171875,2.7209999561309814,98.9980239868164,23.004762649536133,26.125452041625977,260.5989685058594,134.54110717773438,93.18505859375,26.041372299194336,70.07891845703125,32.010284423828125,11.800000190734863
2018-09-21,2318.75,70.77999877929688,19.137617111206055,94.22000122070312,1196.199951171875,2.8364999294281006,99.83020782470703,23.282014846801758,25.939472198486328,260.3608703613281,134.70204162597656,93.8573226928711,25.98517608642578,70.53211212158203,31.812374114990234,11.680000305175781
2018-09-24,2318.75,72.08000183105469,18.859651565551758,94.26000213623047,1199.300048828125,2.815999984741211,98.79922485351562,23.104290008544922,25.792646408081055,259.495849609375,133.14358520507812,92.75434875488281,25.620450973510742,69.32423400878906,31.520523071289062,12.199999809265137
2018-09-25,2318.75,72.27999877929688,18.851228713989258,94.12999725341797,1200.0,2.803499937057495,99.80247497558594,23.445520401000977,25.97862434387207,259.25518798828125,132.78451538085938,93.97140502929688,25.487438201904297,69.11264038085938,32.003902435302734,12.420000076293945
2018-09-26,2318.75,71.56999969482422,18.708032608032227,94.19000244140625,1194.0,2.806999921798706,99.42137145996094,23.23225212097168,25.71923065185547,258.4793701171875,132.4882049560547,93.49600219726562,25.234275817871094,69.06854248046875,31.292505264282227,12.890000343322754
2018-09-27,2323.0,72.12000274658203,18.547996520996094,95.0,1182.300048828125,2.7644999027252197,99.87162017822266,23.203815460205078,25.82200813293457,259.2016296386719,132.5869598388672,94.09502410888672,25.015445709228516,69.16554260253906,31.100971221923828,12.40999984741211
2018-09-28,2323.0,73.25,18.60695457458496,95.19000244140625,1191.5,2.7869999408721924,100.4657974243164,23.16826629638672,25.689865112304688,259.2284240722656,132.61392211914062,94.6560287475586,24.856685638427734,69.12147521972656,31.15570068359375,12.119999885559082
2018-10-01,2323.0,75.30000305175781,18.73330307006836,95.30000305175781,1187.0999755859375,2.7739999294281006,100.80467224121094,23.26068878173828,25.54793357849121,260.1290588378906,133.32310485839844,94.54192352294922,25.105552673339844,69.72980499267578,31.365468978881836,12.0
2018-10-02,2323.0,75.2300033569336,18.69961166381836,95.51000213623047,1202.4000244140625,2.7950000762939453,100.73041534423828,23.345996856689453,24.999778747558594,259.9774169921875,133.31414794921875,94.2376480102539,25.212825775146484,69.88847351074219,31.45667839050293,12.050000190734863
2018-10-03,2323.0,76.41000366210938,18.766996383666992,95.76000213623047,1198.300048828125,2.822499990463257,101.02284240722656,23.26068878173828,25.355098724365234,260.1200866699219,133.9874267578125,94.57044982910156,25.032609939575195,70.17945098876953,31.31985855102539,11.609999656677246
2018-10-04,2323.0,74.33000183105469,18.472183227539062,95.75,1197.199951171875,2.765000104904175,100.57258605957031,22.99765396118164,25.032079696655273,258.0871276855469,133.31414794921875,93.88581848144531,24.9167537689209,69.9501953125,30.99152374267578,14.220000267028809
2018-10-05,2323.0,74.33999633789062,18.067867279052734,95.62000274658203,1201.199951171875,2.750999927520752,99.84844970703125,22.606657028198242,24.652286529541016,256.6425476074219,132.45230102539062,93.17269897460938,24.732254028320312,69.58873748779297,30.745264053344727,14.819999694824219
2018-10-08,2323.0,74.29000091552734,17.815170288085938,95.7699966430664,1184.4000244140625,2.755000114440918,99.99232482910156,22.478696823120117,24.167757034301758,256.6425476074219,132.56900024414062,93.21075439453125,24.719375610351562,69.76507568359375,30.90032196044922,15.6899995803833
2018-10-09,2323.0,74.95999908447266,17.798320770263672,95.68000030517578,1187.199951171875,2.7950000762939453,98.66472625732422,22.54267692565918,24.0992374420166,256.2679138183594,130.6388702392578,91.71794128417969,23.89983367919922,68.68946075439453,30.581106185913086,15.949999809265137
2018-10-10,2323.0,73.16999816894531,17.11604118347168,95.51000213623047,1189.300048828125,2.7690000534057617,95.51282501220703,21.782011032104492,22.69948387145996,248.15374755859375,126.21300506591797,88.79884338378906,23.273374557495117,66.47650146484375,29.632568359375,22.959999084472656
2018-10-11,2323.0,70.97000122070312,17.191848754882812,95.0199966430664,1223.5,2.796999931335449,92.91797637939453,21.5971736907959,22.591812133789062,242.6878662109375,123.45696258544922,86.35519409179688,23.003055572509766,64.7220230102539,29.897062301635742,24.979999542236328
2018-10-12,2323.0,71.33999633789062,17.402429580688477,95.22000122070312,1218.0999755859375,2.7929999828338623,93.31256103515625,21.881540298461914,22.878610610961914,246.0583038330078,123.89682006835938,86.77355194091797,23.067413330078125,65.1540298461914,29.93355369567871,21.309999465942383
2018-10-15,2323.0,71.77999877929688,17.486665725708008,95.06999969482422,1226.4000244140625,2.7804999351501465,94.64013671875,21.86732292175293,23.002927780151367,244.67623901367188,124.30982971191406,88.23786163330078,22.990182876586914,65.2774887084961,29.951791763305664,21.299999237060547
2018-10-16,2323.0,71.91999816894531,17.57089614868164,95.05000305175781,1227.300048828125,2.7704999446868896,96.72904205322266,22.194334030151367,23.394466400146484,250.02635192871094,126.50032043457031,90.4152603149414,23.359189987182617,66.37952423095703,30.307491302490234,17.6200008392334
2018-10-17,2323.0,69.75,17.385583877563477,95.58000183105469,1223.699951171875,2.7669999599456787,95.81456756591797,21.98817253112793,23.6293888092041,250.0709686279297,125.68338775634766,89.58805084228516,23.209012985229492,65.89460754394531,30.38045310974121,17.399999618530273
2018-10-18,2323.0,68.6500015258789,16.838071823120117,95.9000015258789,1226.5,2.737499952316284,94.25951385498047,21.46921730041504,22.9539852142334,246.45960998535156,123.3043441772461,87.924072265625,22.947275161743164,64.75728607177734,30.006507873535156,20.059999465942383
2018-10-19,2323.0,69.12000274658203,16.812803268432617,95.70999908447266,1225.300048828125,2.7679998874664307,93.74425506591797,21.433666229248047,22.415620803833008,246.32583618164062,122.6759262084961,87.42965698242188,22.784223556518555,64.51923370361328,29.504880905151367,19.889999389648438
2018-10-22,2323.0,69.16999816894531,16.863344192504883,96.01000213623047,1221.199951171875,2.7739999294281006,93.63749694824219,21.57585334777832,22.542871475219727,245.22019958496094,122.39762115478516,87.3821029663086,22.604005813598633,64.29883575439453,29.66904640197754,19.639999389648438
2018-10-23,2323.0,66.43000030517578,16.42533302307129,95.95999908447266,1233.4000244140625,2.746999979019165,92.99227142333984,21.1422061920166,21.9066162109375,243.9717559814453,120.3238525390625,86.63093566894531,22.380884170532227,63.2408561706543,29.149179458618164,20.709999084472656
2018-10-24,2323.0,66.81999969482422,15.684085845947266,96.43000030517578,1227.800048828125,2.746500015258789,89.80787658691406,20.132722854614258,21.24100112915039,236.579833984375,116.14039611816406,83.673828125,21.672903060913086,61.09844207763672,27.96351432800293,25.229999542236328
2018-10-25,2323.0,67.33000183105469,15.77674388885498,96.68000030517578,1229.0999755859375,2.748500108718872,89.67326354980469,20.459735870361328,21.29581642150879,240.82418823242188,117.25359344482422,83.53120422363281,21.95180320739746,61.53044509887695,27.936153411865234,24.219999313354492
2018-10-26,2323.0,67.58999633789062,15.83570671081543,96.36000061035156,1232.5,2.74399995803833,89.17193603515625,20.452627182006836,21.233169555664062,236.58872985839844,116.18529510498047,83.29348754882812,21.823074340820312,60.92210388183594,27.562210083007812,24.15999984741211
2018-10-29,2323.0,67.04000091552734,15.439811706542969,96.58000183105469,1224.5,2.7385001182556152,85.79723358154297,20.239356994628906,20.741788864135742,235.27801513671875,114.41674041748047,80.52656555175781,21.77159309387207,59.908206939697266,27.179149627685547,24.700000762939453
2018-10-30,2328.25,66.18000030517578,15.852550506591797,97.01000213623047,1222.5999755859375,2.6630001068115234,87.76543426513672,20.53793716430664,21.035444259643555,238.76446533203125,116.80474853515625,82.33313751220703,22.26932144165039,61.14252471923828,27.398042678833008,23.350000381469727
2018-10-31,2328.25,65.30999755859375,16.27371597290039,97.12999725341797,1212.300048828125,2.6635000705718994,88.9955825805664,20.98580551147461,21.338884353637695,241.31459045410156,117.79224395751953,83.81645202636719,22.573972702026367,61.60979461669922,27.881427764892578,21.229999542236328
2018-11-01,2328.25,63.689998626708984,17.149730682373047,96.27999877929688,1236.0,2.7214999198913574,91.10763549804688,21.668272018432617,21.92619514465332,243.8826446533203,119.96477508544922,85.8702621459961,23.209012985229492,62.6942253112793,28.592832565307617,19.34000015258789
2018-11-02,2328.25,63.13999938964844,17.34346580505371,96.54000091552734,1230.9000244140625,2.802999973297119,91.0008544921875,21.789121627807617,21.77055549621582,242.4381866455078,119.89295959472656,85.7276611328125,23.153234481811523,62.588436126708984,28.966777801513672,19.510000228881836
2018-11-05,2328.25,63.099998474121094,17.34346580505371,96.3499984741211,1229.800048828125,2.755500078201294,91.55789947509766,21.895755767822266,21.94283676147461,243.7756805419922,120.34185028076172,86.22207641601562,23.221881866455078,62.914634704589844,29.03061866760254,19.959999084472656
2018-11-06,2328.25,62.209999084472656,17.124462127685547,96.31999969482422,1223.800048828125,2.7304999828338623,92.65802764892578,21.959732055664062,21.940879821777344,245.3182830810547,121.5986328125,87.3821029663086,23.603763580322266,63.57588195800781,29.00325584411621,19.90999984741211
2018-11-07,2328.25,61.66999816894531,17.444547653198242,96.0,1226.199951171875,2.752500057220459,93.46109008789062,22.20854949951172,22.419532775878906,250.57028198242188,123.6005859375,88.04768371582031,24.028562545776367,64.60739135742188,29.158306121826172,16.360000610351562
2018-11-08,2328.25,60.66999816894531,17.14130973815918,96.63999938964844,1222.9000244140625,2.736999988555908,93.19186401367188,21.917085647583008,22.865888595581055,250.11549377441406,123.3043441772461,87.55323791503906,23.92557144165039,64.50162506103516,28.829965591430664,16.719999313354492
2018-11-09,2328.25,60.189998626708984,16.635913848876953,96.91000366210938,1206.4000244140625,2.686500072479248,93.28006744384766,21.31992530822754,22.24627685546875,247.67221069335938,121.9487533569336,87.75294494628906,23.590896606445312,63.849185943603516,28.17328643798828,17.360000610351562
2018-11-12,2328.25,59.93000030517578,16.248449325561523,97.54000091552734,1201.300048828125,2.677999973297119,90.75019836425781,20.978696823120117,21.644287109375,243.04449462890625,119.60567474365234,85.15715026855469,23.243337631225586,62.588436126708984,27.699024200439453,20.450000762939453
2018-11-13,2328.25,55.689998626708984,16.459026336669922,97.30000305175781,1199.199951171875,2.687000036239624,90.39275360107422,20.98580551147461,21.975139617919922,242.58978271484375,119.9557876586914,84.69121551513672,23.174684524536133,62.87055587768555,27.84494400024414,20.020000457763672
2018-11-14,2328.25,56.25,16.459026336669922,96.80000305175781,1207.9000244140625,2.7095000743865967,89.65005493164062,20.800975799560547,21.56304168701172,240.93121337890625,119.58773803710938,84.08267974853516,23.148942947387695,62.65895462036133,27.717262268066406,21.25
2018-11-15,2328.25,56.459999084472656,16.84649658203125,96.93000030517578,1212.800048828125,2.749000072479248,90.65736389160156,21.07822036743164,21.72063636779785,243.44573974609375,121.24851989746094,85.07156372070312,23.466459274291992,63.48772048950195,28.22800636291504,19.979999542236328
2018-11-16,2328.25,56.459999084472656,16.96442222595215,96.47000122070312,1220.800048828125,2.803999900817871,90.29529571533203,21.28438377380371,21.75,244.0787811279297,121.11387634277344,84.90989685058594,23.702457427978516,63.47007751464844,28.465139389038086,18.139999389648438
2018-11-19,2328.25,56.7599983215332,16.804384231567383,96.19000244140625,1223.0999755859375,2.804500102996826,87.89539337158203,21.04978370666504,21.113750457763672,239.95037841796875,119.21066284179688,82.5233383178711,23.363483428955078,62.46500778198242,27.84494400024414,20.100000381469727
2018-11-20,2328.25,53.43000030517578,16.206331253051758,96.80999755859375,1219.0,2.7664999961853027,86.40533447265625,20.402862548828125,20.655649185180664,235.50982666015625,116.71493530273438,80.72623443603516,22.938695907592773,61.16896438598633,26.723127365112305,22.479999542236328
2018-11-21,2328.25,54.630001068115234,16.627490997314453,96.70999908447266,1225.800048828125,2.7945001125335693,86.85095977783203,20.729881286621094,20.983564376831055,236.31231689453125,117.64862823486328,81.39180755615234,23.12319564819336,61.60099792480469,27.133546829223633,20.799999237060547
2018-11-23,2328.25,50.41999816894531,16.113670349121094,96.91999816894531,1221.0,2.7704999446868896,87.44976043701172,20.01897621154785,20.976715087890625,234.73403930664062,117.37028503417969,81.8862533569336,22.874332427978516,61.477569580078125,26.46774673461914,21.520000457763672
2018-11-26,2328.25,51.630001068115234,16.113670349121094,97.06999969482422,1220.199951171875,2.758500099182129,87.96965789794922,19.87679672241211,21.201847076416016,238.52369689941406,118.52838897705078,82.40922546386719,23.136072158813477,61.927181243896484,26.203256607055664,18.899999618530273
2018-11-27,2328.25,51.560001373291016,15.970479011535645,97.37000274658203,1211.199951171875,2.7105000019073486,86.64672088623047,19.635089874267578,21.564022064208984,239.32615661621094,118.05258178710938,81.20165252685547,22.852872848510742,61.8213996887207,25.71074676513672,19.020000457763672
2018-11-28,2328.25,50.290000915527344,16.408483505249023,96.79000091552734,1221.4000244140625,2.7960000038146973,88.56847381591797,20.24646759033203,21.654071807861328,244.83676147460938,120.94329071044922,83.22694396972656,23.20472526550293,63.30256652832031,26.796083450317383,18.489999771118164
2018-11-29,2332.5,51.45000076293945,16.61064338684082,96.77999877929688,1224.0999755859375,2.7780001163482666,88.71238708496094,20.210920333862305,21.741191864013672,244.30178833007812,120.79964447021484,83.24596405029297,23.372068405151367,63.33782196044922,26.44038963317871,18.790000915527344
2018-11-30,2332.5,50.93000030517578,16.627490997314453,97.2699966430664,1220.199951171875,2.7774999141693115,89.13014221191406,20.18959617614746,21.779367446899414,245.7908477783203,122.03852081298828,83.28396606445312,23.432138442993164,63.95497512817383,26.47686767578125,18.06999969482422
2018-12-03,2332.5,52.95000076293945,17.385583877563477,97.04000091552734,1233.9000244140625,2.799499988555908,89.798583984375,20.879167556762695,22.141542434692383,249.04544067382812,123.39415740966797,83.77843475341797,23.844053268432617,64.69554901123047,27.206512451171875,16.440000534057617
2018-12-04,2332.5,53.25,16.871767044067383,96.97000122070312,1241.0999755859375,2.748500108718872,86.22894287109375,20.367321014404297,21.495500564575195,240.97576904296875,117.8730239868164,80.48851013183594,23.136072158813477,61.94483184814453,26.394786834716797,20.739999771118164
2018-12-06,2332.5,51.4900016784668,16.349525451660156,96.80999755859375,1238.0999755859375,2.740499973297119,85.78791809082031,19.905231475830078,21.175416946411133,240.6102294921875,117.26256561279297,80.127197265625,22.82284164428711,61.60099792480469,25.89315414428711,21.190000534057617
2018-12-07,2332.5,52.61000061035156,16.256868362426758,96.51000213623047,1246.800048828125,2.757499933242798,84.55319213867188,19.72039794921875,20.751577377319336,235.0193634033203,114.23719024658203,78.90059661865234,22.273618698120117,59.978729248046875,25.592182159423828,23.229999542236328
2018-12-10,2332.5,51.0,15.91151237487793,97.22000122070312,1243.699951171875,2.7184998989105225,85.7740249633789,19.357837677001953,20.413875579833984,235.46522521972656,114.27311706542969,79.95604705810547,22.33368492126465,60.12861251831055,25.291202545166016,22.639999389648438
2018-12-11,2332.5,51.650001525878906,16.130517959594727,97.38999938964844,1241.9000244140625,2.7660000324249268,85.38409423828125,19.649311065673828,20.301307678222656,235.51873779296875,113.65365600585938,79.63276672363281,22.260744094848633,59.775962829589844,25.209115982055664,21.760000228881836
2018-12-12,2332.5,51.150001525878906,16.492717742919922,97.04000091552734,1244.4000244140625,2.7685000896453857,86.38675689697266,20.040306091308594,20.884700775146484,236.70465087890625,114.37186431884766,80.76425170898438,22.45383071899414,60.11098861694336,25.464492797851562,21.459999084472656
2018-12-13,2332.5,52.58000183105469,16.40006446838379,97.05999755859375,1242.699951171875,2.762500047683716,85.72760009765625,20.146940231323242,20.41876983642578,236.62435913085938,113.7474365234375,79.96556091308594,22.192092895507812,59.94347381591797,25.318565368652344,20.649999618530273
2018-12-14,2332.5,51.20000076293945,16.105247497558594,97.44000244140625,1237.0,2.760499954223633,84.96631622314453,19.79149055480957,19.90487289428711,232.25523376464844,112.19544219970703,79.3855209350586,22.020456314086914,59.114723205566406,24.68924903869629,21.6299991607666
2018-12-17,2332.5,49.880001068115234,15.970479011535645,97.0999984741211,1247.4000244140625,2.753000020980835,83.36238861083984,19.869686126708984,19.74825668334961,227.69869995117188,110.24642944335938,77.74060821533203,21.642864227294922,58.1449089050293,24.734851837158203,24.520000457763672
2018-12-18,2332.5,46.2400016784668,15.928359031677246,97.13999938964844,1249.199951171875,2.6710000038146973,83.8875732421875,19.96920394897461,19.71889305114746,227.44903564453125,110.8780517578125,78.30158996582031,21.763010025024414,58.43583297729492,24.98110580444336,25.579999923706055
2018-12-19,2332.5,47.20000076293945,15.66723918914795,97.04000091552734,1252.0999755859375,2.7214999198913574,81.9076156616211,19.61796760559082,19.703229904174805,224.0428466796875,108.76659393310547,76.31433868408203,21.466943740844727,57.33378219604492,24.041696548461914,25.579999923706055
2018-12-20,2332.5,45.880001068115234,15.524046897888184,96.27999877929688,1263.5999755859375,2.7019999027252197,79.61162567138672,19.508211135864258,19.479076385498047,220.39590454101562,106.81756591796875,74.18444061279297,21.17945671081543,56.28461837768555,23.98696517944336,28.3799991607666
2018-12-21,2332.5,45.59000015258789,15.279773712158203,96.95999908447266,1253.800048828125,2.678499937057495,77.62237548828125,19.34722137451172,18.96028709411621,215.8800506591797,104.7963638305664,72.47296142578125,20.98900032043457,55.22186279296875,23.519323348999023,30.110000610351562
2018-12-24,2332.5,42.529998779296875,15.33873462677002,96.55000305175781,1267.5,2.6684999465942383,75.30778503417969,19.21550941467285,18.63628387451172,210.17588806152344,101.84573364257812,70.63726043701172,20.444843292236328,53.52751159667969,23.13496208190918,36.06999969482422
2018-12-26,2332.5,46.220001220703125,15.64197063446045,97.05000305175781,1269.199951171875,2.7084999084472656,78.13365173339844,19.735048294067383,19.430131912231445,220.79498291015625,106.6461410522461,73.07594299316406,21.360408782958984,56.020267486572266,24.105022430419922,30.40999984741211
2018-12-27,2332.5,44.61000061035156,15.692509651184082,96.4800033569336,1277.300048828125,2.6675000190734863,79.31415557861328,19.6765079498291,19.309757232666016,222.49012756347656,107.81914520263672,74.40962982177734,21.753416061401367,56.721073150634766,24.150781631469727,29.959999084472656
2018-12-28,2332.5,45.33000183105469,15.695101737976074,96.38999938964844,1279.9000244140625,2.678999900817871,79.40713500976562,19.771635055541992,19.5169620513916,222.20310974121094,107.52137756347656,74.21912384033203,21.636804580688477,56.57027053833008,23.96775245666504,28.34000015258789
2018-12-31,2332.5,45.40999984741211,15.824742317199707,96.16999816894531,1278.300048828125,2.628000020980835,80.34133911132812,19.742366790771484,19.60576629638672,224.1493377685547,108.64929962158203,75.1812515258789,21.818199157714844,57.13800811767578,23.96775245666504,25.420000076293945
2019-01-02,2332.5,46.540000915527344,15.729674339294434,96.81999969482422,1281.0,2.625,80.66203308105469,19.610652923583984,19.734037399291992,224.38253784179688,109.10047149658203,75.54326629638672,21.93048095703125,57.43074035644531,24.388715744018555,23.219999313354492
2019-01-03,2332.5,47.09000015258789,15.271612167358398,96.30999755859375,1291.800048828125,2.570499897003174,78.24053192138672,19.105751037597656,19.240686416625977,219.0281524658203,105.94231414794922,73.24742889404297,21.3085880279541,55.683162689208984,23.803016662597656,25.450000762939453
2019-01-04,2332.5,47.959999084472656,16.07537841796875,96.19000244140625,1282.699951171875,2.6514999866485596,80.79682922363281,20.108232498168945,20.089248657226562,226.36463928222656,110.05691528320312,75.7147445678711,22.14641761779785,57.794464111328125,25.203205108642578,21.3799991607666
2019-01-07,2332.5,48.52000045776367,16.205020904541016,95.70999908447266,1286.800048828125,2.6410000324249268,81.4660873413086,20.335073471069336,20.370458602905273,228.14942932128906,110.83293151855469,76.3720474243164,22.224151611328125,58.264617919921875,25.139137268066406,21.399999618530273
2019-01-08,2332.5,49.779998779296875,16.282804489135742,95.9000015258789,1283.199951171875,2.6605000495910645,82.79999542236328,20.496057510375977,20.701004028320312,230.29299926757812,112.54737854003906,77.79145050048828,22.457366943359375,59.06300735473633,25.560110092163086,20.469999313354492
2019-01-09,2332.5,52.36000061035156,16.559371948242188,95.22000122070312,1289.300048828125,2.6619999408721924,83.23223876953125,20.854610443115234,21.075952529907227,231.36924743652344,113.41360473632812,78.22014617919922,22.46600341796875,59.46220397949219,26.127500534057617,19.979999542236328
2019-01-10,2332.5,52.59000015258789,16.619869232177734,95.54000091552734,1284.699951171875,2.6435000896453857,84.33375549316406,20.810707092285156,20.947681427001953,232.1854705810547,114.93852233886719,78.94412231445312,22.664669036865234,60.26946258544922,26.017684936523438,19.5
2019-01-11,2332.5,51.59000015258789,16.559371948242188,95.66999816894531,1287.0999755859375,2.6695001125335693,84.49642944335938,20.737531661987305,20.918079376220703,232.27516174316406,114.78511047363281,79.26802825927734,22.573976516723633,60.20737838745117,26.017684936523438,18.190000534057617
2019-01-14,2332.5,50.5099983215332,16.490230560302734,95.58999633789062,1289.0999755859375,2.6454999446868896,84.45924377441406,20.627771377563477,20.691137313842773,230.85801696777344,114.56857299804688,79.04890441894531,22.40122413635254,60.198486328125,25.81635093688965,19.06999969482422
2019-01-15,2332.5,52.11000061035156,16.45566177368164,95.97000122070312,1286.199951171875,2.6505000591278076,84.6358871459961,20.671676635742188,20.93781089782715,233.50381469726562,114.31592559814453,79.35376739501953,22.254390716552734,60.01219940185547,25.267257690429688,18.600000381469727
2019-01-16,2332.5,52.310001373291016,16.654438018798828,96.05999755859375,1291.5999755859375,2.69350004196167,84.46387481689453,20.78143882751465,20.858877182006836,234.06893920898438,114.58660888671875,79.23944091796875,22.340763092041016,60.07431411743164,25.798044204711914,19.040000915527344
2019-01-17,2332.5,52.06999969482422,16.931007385253906,96.06999969482422,1291.0,2.700000047683716,85.7606430053711,20.971689224243164,20.82927703857422,235.84474182128906,116.39129638671875,80.33494567871094,22.733768463134766,61.10331344604492,26.347131729125977,18.059999465942383
2019-01-18,2332.5,53.79999923706055,17.0087890625,96.33999633789062,1281.300048828125,2.740999937057495,87.08060455322266,21.183895111083984,21.16475486755371,238.98385620117188,118.60197448730469,81.58294677734375,23.109495162963867,62.26543426513672,26.685741424560547,17.799999237060547
2019-01-22,2332.5,52.56999969482422,16.3173770904541,96.30000305175781,1282.5,2.688999891281128,85.02163696289062,20.627771377563477,20.691137313842773,235.7550506591797,116.23790740966797,79.46808624267578,22.789913177490234,60.97911834716797,26.2556209564209,20.799999237060547
2019-01-23,2332.5,52.619998931884766,16.36922836303711,96.12000274658203,1283.0999755859375,2.694000005722046,86.10919189453125,20.708263397216797,20.651668548583984,236.24827575683594,116.15666198730469,80.27781677246094,22.634437561035156,61.06786346435547,26.237316131591797,19.520000457763672
2019-01-24,2332.5,53.130001068115234,16.3605899810791,96.5999984741211,1279.0999755859375,2.6735000610351562,86.8853759765625,20.752168655395508,20.893409729003906,236.37388610839844,116.83341979980469,81.74486541748047,22.51350975036621,61.37833786010742,26.008533477783203,18.889999389648438
2019-01-25,2332.5,53.689998626708984,16.913721084594727,95.79000091552734,1297.4000244140625,2.73799991607666,87.66621398925781,21.161945343017578,21.253559112548828,238.37387084960938,118.26810455322266,82.46884155273438,22.941062927246094,62.15898132324219,26.94198226928711,17.420000076293945
2019-01-28,2332.5,51.9900016784668,16.81001091003418,95.75,1302.4000244140625,2.6875,87.56395721435547,20.74485206604004,21.13515281677246,236.56222534179688,117.23041534423828,82.37359619140625,22.90651512145996,61.56462860107422,26.5942325592041,18.8700008392334
2019-01-29,2332.5,53.310001373291016,16.95693588256836,95.81999969482422,1308.199951171875,2.7320001125335693,89.2464599609375,21.022912979125977,21.479511260986328,236.24827575683594,118.69220733642578,83.8215560913086,23.1440486907959,62.4162483215332,26.82301139831543,19.1299991607666
2019-01-30,2332.5,54.22999954223633,17.3977108001709,95.33999633789062,1309.9000244140625,2.7730000019073486,90.48741912841797,21.73270034790039,21.73210906982422,239.9883270263672,120.41570281982422,84.90757751464844,23.390214920043945,63.39205551147461,27.7564640045166,17.65999984741211
2019-01-31,2332.5,53.790000915527344,17.708847045898438,95.58000183105469,1319.699951171875,2.7890000343322754,90.39909362792969,21.93758773803711,22.121854782104492,242.09597778320312,120.97509765625,85.26957702636719,23.0403995513916,63.66704177856445,28.10422706604004,16.56999969482422
2019-02-01,2332.5,55.2599983215332,17.57921028137207,95.58000183105469,1316.9000244140625,2.7750000953674316,90.53854370117188,21.84246253967285,22.28466033935547,242.21253967285156,121.23678588867188,85.26005554199219,23.109495162963867,63.76461410522461,27.921194076538086,16.139999389648438
2019-02-04,2332.5,54.560001373291016,17.60513687133789,95.8499984741211,1314.300048828125,2.7950000762939453,92.42552947998047,21.813190460205078,22.19092559814453,243.91664123535156,122.76170349121094,86.96524047851562,23.07062530517578,64.5896224975586,28.09507179260254,15.729999542236328
2019-02-05,2332.5,53.65999984741211,17.70020294189453,96.0999984741211,1314.199951171875,2.816999912261963,93.420166015625,21.857097625732422,22.427732467651367,244.9390869140625,123.71818542480469,87.87977600097656,23.239059448242188,65.14849090576172,28.17743492126465,15.569999694824219
2019-02-06,2332.5,54.0099983215332,17.795270919799805,96.41999816894531,1309.5,2.8355000019073486,93.5084457397461,21.718063354492188,22.63099479675293,244.61624145507812,123.66400146484375,87.96550750732422,23.10085678100586,65.16624450683594,27.985258102416992,15.380000114440918
2019-02-07,2332.5,52.63999938964844,17.527355194091797,96.51000213623047,1309.4000244140625,2.8285000324249268,93.04830932617188,21.476591110229492,22.056734085083008,242.2843780517578,122.75267791748047,87.50827026367188,22.78127670288086,64.72271728515625,27.32634735107422,16.3700008392334
2019-02-08,2332.5,52.720001220703125,17.3977108001709,96.63999938964844,1313.699951171875,2.809999942779541,93.31790924072266,21.32292938232422,22.151458740234375,242.580322265625,122.89704132080078,87.87024688720703,22.759681701660156,64.82027435302734,27.189069747924805,15.720000267028809
2019-02-11,2332.5,52.40999984741211,17.155715942382812,97.05999755859375,1307.0,2.7915000915527344,93.69903564453125,21.286338806152344,22.345834732055664,242.71478271484375,123.65495300292969,88.3656234741211,22.79422950744629,65.16624450683594,27.253135681152344,15.970000267028809
2019-02-12,2332.5,53.099998474121094,17.233497619628906,96.70999908447266,1309.199951171875,2.7744998931884766,94.80982208251953,21.549768447875977,22.644807815551758,245.83602905273438,125.61308288574219,89.39445495605469,23.3038387298584,66.17753601074219,27.564287185668945,15.430000305175781
2019-02-13,2332.5,53.900001525878906,17.3977108001709,97.12999725341797,1310.800048828125,2.7739999294281006,94.9120864868164,21.67416000366211,22.93094825744629,246.6342010498047,126.3890609741211,89.44207000732422,23.334064483642578,66.56786346435547,27.747312545776367,15.649999618530273
2019-02-14,2332.5,54.40999984741211,17.501420974731445,96.9800033569336,1309.800048828125,2.7760000228881836,94.79586791992188,21.65952491760254,22.911216735839844,246.08712768554688,125.83861541748047,89.4992446899414,23.213144302368164,66.25738525390625,27.73816680908203,16.219999313354492
2019-02-15,2332.5,55.59000015258789,17.75206184387207,96.91999816894531,1318.0999755859375,2.802500009536743,96.76654052734375,21.8936824798584,23.276294708251953,248.768798828125,127.5891342163086,91.13776397705078,23.52840805053711,67.14446258544922,27.95779800415039,14.90999984741211
2019-02-19,2225.0,56.09000015258789,18.331119537353516,96.5199966430664,1340.0999755859375,2.881500005722046,96.69683837890625,22.14978790283203,23.286163330078125,249.1993408203125,127.6162109375,91.25206756591797,23.675251007080078,67.11786651611328,28.461132049560547,14.880000114440918
2019-02-20,2225.0,56.91999816894531,18.901538848876953,96.44999694824219,1343.300048828125,2.930000066757202,97.18949127197266,22.603471755981445,23.371023178100586,249.70164489746094,128.27493286132812,91.58548736572266,24.081207275390625,67.43720245361328,29.13833999633789,14.020000457763672
2019-02-21,2225.0,56.959999084472656,18.685470581054688,96.61000061035156,1323.5,2.9024999141693115,96.39936828613281,22.325410842895508,23.228933334350586,248.8137664794922,127.78768157958984,91.06153869628906,23.986196517944336,67.16221618652344,29.09258270263672,14.460000038146973
2019-02-22,2225.0,57.2599983215332,19.229961395263672,96.51000213623047,1329.199951171875,2.9609999656677246,97.3475112915039,22.691280364990234,23.33549690246582,250.3562774658203,128.61781311035156,91.80459594726562,24.08985137939453,67.60578155517578,29.09258270263672,13.510000228881836
2019-02-25,2225.0,55.47999954223633,19.463314056396484,96.41000366210938,1325.9000244140625,2.950000047683716,97.34286499023438,22.801040649414062,23.532838821411133,250.6970977783203,129.0148162841797,91.74744415283203,24.245325088500977,67.87190246582031,29.10173797607422,14.850000381469727
2019-02-26,2225.0,55.5,19.515167236328125,96.0,1325.0999755859375,2.944000005722046,96.69216918945312,22.89617156982422,23.621644973754883,250.51780700683594,128.50950622558594,90.93771362304688,24.107120513916016,67.68563079833984,29.01022720336914,15.170000076293945
2019-02-27,2225.0,56.939998626708984,19.1781063079834,96.1500015258789,1317.699951171875,2.9590001106262207,96.92921447753906,22.786407470703125,23.680845260620117,250.41009521484375,128.9155731201172,91.12823486328125,24.068252563476562,67.95173645019531,28.818037033081055,14.699999809265137
2019-02-28,2225.0,57.220001220703125,18.858322143554688,96.16000366210938,1312.800048828125,2.950000047683716,97.19414520263672,22.398584365844727,23.20722770690918,249.94378662109375,128.53656005859375,91.14729309082031,23.774580001831055,67.72108459472656,28.323862075805664,14.779999732971191
2019-03-01,2225.0,55.79999923706055,18.806468963623047,96.52999877929688,1296.4000244140625,2.933500051498413,97.287109375,22.347362518310547,22.939830780029297,251.5043487548828,128.87046813964844,91.10916900634766,23.74434471130371,67.78321075439453,28.415372848510742,13.569999694824219
2019-03-04,2225.0,56.59000015258789,18.892894744873047,96.68000030517578,1284.800048828125,2.9110000133514404,95.7347412109375,22.398584365844727,22.74347686767578,250.58963012695312,128.13055419921875,89.50875854492188,23.852319717407227,67.4815673828125,28.323862075805664,14.630000114440918
2019-03-05,2225.0,56.560001373291016,18.884254455566406,96.8499984741211,1282.0,2.936000108718872,95.23278045654297,22.398584365844727,22.506668090820312,250.24867248535156,127.31846618652344,89.12770080566406,23.740028381347656,67.04688262939453,28.21403694152832,14.739999771118164
2019-03-06,2225.0,56.220001220703125,18.82375144958496,96.87000274658203,1284.9000244140625,2.9184999465942383,94.34042358398438,22.361995697021484,22.098173141479492,248.73292541503906,126.10932922363281,88.27034759521484,23.79185676574707,66.41705322265625,27.34464454650879,15.739999771118164
2019-03-07,2225.0,56.65999984741211,18.348405838012695,97.66999816894531,1283.800048828125,2.9114999771118164,93.64788055419922,22.120519638061523,21.480499267578125,246.65219116210938,125.19799041748047,87.42251586914062,23.597509384155273,66.01786804199219,26.804716110229492,16.59000015258789
2019-03-08,2225.0,56.06999969482422,17.994054794311523,97.37000274658203,1297.0,2.8940000534057617,93.4108657836914,21.83514404296875,21.302892684936523,246.15892028808594,124.8641586303711,87.0700454711914,23.636381149291992,65.88477325439453,26.43865394592285,16.049999237060547
2019-03-11,2225.0,56.790000915527344,18.287904739379883,97.22000122070312,1288.800048828125,2.9000000953674316,93.12733459472656,22.20101547241211,21.66303825378418,249.72853088378906,126.12739562988281,87.08910369873047,23.973234176635742,66.44365692138672,26.914525985717773,14.329999923706055
2019-03-12,2225.0,56.869998931884766,18.503971099853516,96.94000244140625,1296.300048828125,2.927500009536743,92.1792221069336,22.266868591308594,21.697572708129883,250.670166015625,125.16188049316406,86.87000274658203,24.06393051147461,65.89366149902344,27.32634735107422,13.770000457763672
2019-03-13,2225.0,58.2599983215332,18.538545608520508,96.55000305175781,1307.5,2.933500051498413,92.7880630493164,22.5668888092041,21.82584571838379,252.3295135498047,126.22667694091797,87.20339965820312,24.180538177490234,66.47026824951172,27.536834716796875,13.40999984741211
2019-03-14,2225.0,58.61000061035156,18.365692138671875,96.79000091552734,1293.4000244140625,2.8884999752044678,92.13736724853516,22.361995697021484,21.875181198120117,252.1680145263672,125.7393798828125,86.66043090820312,23.9991512298584,66.24849700927734,27.060955047607422,13.5
2019-03-15,2225.0,58.52000045776367,18.46076011657715,96.5999984741211,1301.800048828125,2.9035000801086426,91.98860931396484,22.41322135925293,22.050813674926758,253.41384887695312,125.56795501708984,86.4031982421875,24.02908706665039,66.01475524902344,27.20997428894043,12.880000114440918
2019-03-18,2225.0,59.09000015258789,18.659543991088867,96.5199966430664,1300.300048828125,2.9035000801086426,92.62074279785156,22.76445770263672,21.830778121948242,254.33273315429688,126.6778335571289,87.80508422851562,24.08547019958496,66.65713500976562,27.403156280517578,13.100000381469727
2019-03-19,2225.0,59.029998779296875,18.8323974609375,96.37999725341797,1305.0,2.9195001125335693,92.4394760131836,22.844945907592773,22.285646438598633,254.39578247070312,126.10932922363281,87.5378646850586,24.05510902404785,66.41622924804688,27.384754180908203,13.5600004196167
2019-03-20,2225.0,59.83000183105469,18.866966247558594,95.76000213623047,1300.5,2.9154999256134033,92.09170532226562,22.83031463623047,22.102121353149414,253.63003540039062,125.17993927001953,87.18476867675781,24.033418655395508,65.96118927001953,27.366352081298828,13.90999984741211
2019-03-21,2225.0,59.97999954223633,19.08303451538086,96.5,1306.0999755859375,2.9000000953674316,92.79560852050781,22.91812515258789,22.028120040893555,256.4947204589844,126.52747344970703,88.25360107421875,24.289321899414062,66.59465789794922,27.86309051513672,13.630000114440918
2019-03-22,2225.0,59.040000915527344,18.434833526611328,96.6500015258789,1311.5999755859375,2.8359999656677246,90.56277465820312,22.325410842895508,21.37196159362793,251.55813598632812,123.29924011230469,85.68650817871094,23.564979553222656,65.08683776855469,26.777631759643555,16.479999542236328
2019-03-25,2225.0,58.81999969482422,18.39162254333496,96.56999969482422,1321.9000244140625,2.8494999408721924,91.21537017822266,22.354677200317383,21.253559112548828,251.36900329589844,123.69819641113281,86.1255111694336,23.5216121673584,65.238525390625,26.796022415161133,16.329999923706055
2019-03-26,2225.0,59.939998626708984,18.616331100463867,96.73999786376953,1314.300048828125,2.8505001068115234,91.34124755859375,22.522981643676758,21.357160568237305,253.24273681640625,124.595947265625,86.18275451660156,23.66473960876465,65.67571258544922,27.00760269165039,14.680000305175781
2019-03-27,2225.0,59.40999984741211,18.495330810546875,96.7699966430664,1309.9000244140625,2.8580000400543213,91.37386322021484,22.515663146972656,21.140087127685547,251.9185028076172,124.67758178710938,86.02052307128906,23.634382247924805,65.74707794189453,27.10879135131836,15.149999618530273
2019-03-28,2225.0,59.29999923706055,18.538545608520508,97.19999694824219,1289.800048828125,2.868499994277954,92.01248931884766,22.574199676513672,21.253559112548828,252.87338256835938,125.72042083740234,86.88893127441406,23.8642635345459,66.22887420654297,27.191577911376953,14.430000305175781
2019-03-29,2225.0,60.13999938964844,18.892894744873047,97.27999877929688,1293.0,2.936000108718872,93.03335571289062,22.735185623168945,21.859392166137695,254.4678955078125,126.86296844482422,87.60466766357422,24.072458267211914,66.94263458251953,27.301958084106445,13.710000038146973
2019-04-01,2225.0,61.59000015258789,19.385528564453125,97.25,1288.4000244140625,2.9205000400543213,95.13099670410156,23.44497299194336,22.2619686126709,257.4855651855469,129.39300537109375,89.17924499511719,24.432462692260742,68.32559204101562,27.798694610595703,13.399999618530273
2019-04-02,2225.0,62.58000183105469,19.446025848388672,97.36000061035156,1290.0,2.9040000438690186,94.52967834472656,23.53278350830078,22.082386016845703,257.6118469238281,129.31138610839844,88.46354675292969,24.514869689941406,68.29881286621094,27.63311767578125,13.359999656677246
2019-04-03,2225.0,62.459999084472656,19.558380126953125,97.08999633789062,1289.9000244140625,2.946500062942505,93.39692687988281,23.74498748779297,22.42082405090332,258.0172119140625,129.23886108398438,87.55695343017578,24.83583641052246,68.09358978271484,27.734304428100586,13.739999771118164
2019-04-04,2225.0,62.099998474121094,19.68802261352539,97.30999755859375,1289.0,2.9084999561309814,94.71145629882812,23.723033905029297,22.309329986572266,258.70172119140625,129.98240661621094,88.48262023925781,25.087404251098633,68.51295471191406,28.175844192504883,13.579999923706055
2019-04-05,2225.0,63.08000183105469,19.774446487426758,97.4000015258789,1290.4000244140625,2.8924999237060547,95.2475357055664,23.810842514038086,22.508642196655273,259.9539489746094,130.499267578125,89.60870361328125,25.078723907470703,68.70922088623047,28.415014266967773,12.819999694824219
2019-04-08,2225.0,64.4000015258789,19.981874465942383,97.05000305175781,1297.0999755859375,2.929500102996826,94.33855438232422,24.110862731933594,22.382347106933594,260.15216064453125,130.0368194580078,89.46556854248047,25.087404251098633,68.4148178100586,28.497798919677734,13.180000305175781
2019-04-09,2225.0,63.97999954223633,19.817659378051758,97.01000213623047,1303.5,2.93149995803833,93.16851043701172,23.884017944335938,22.27479362487793,258.8188781738281,128.25038146972656,88.0722885131836,24.90522575378418,67.48688507080078,27.780296325683594,14.279999732971191
2019-04-10,2225.0,64.61000061035156,19.869516372680664,96.94999694824219,1309.0999755859375,2.922499895095825,92.8795166015625,23.95719337463379,22.363597869873047,259.70166015625,128.5315399169922,88.24405670166016,24.892223358154297,67.46903991699219,27.8538875579834,13.300000190734863
2019-04-11,2225.0,63.58000183105469,19.57566261291504,97.18000030517578,1288.5999755859375,2.885999917984009,94.09615325927734,23.60595703125,22.407997131347656,259.629638671875,129.6468963623047,89.38922119140625,24.87920570373535,68.04900360107422,27.403156280517578,13.020000457763672
2019-04-12,2225.0,63.88999938964844,19.93865966796875,96.97000122070312,1290.5999755859375,2.946000099182129,95.57849884033203,23.869380950927734,22.506668090820312,261.3863220214844,131.17942810058594,90.41985321044922,25.20884895324707,68.95013427734375,27.449142456054688,12.010000228881836
2019-04-15,2225.0,63.400001525878906,19.904088973999023,96.94000244140625,1286.800048828125,2.934000015258789,94.80934143066406,23.74498748779297,22.644807815551758,261.2151184082031,130.63531494140625,89.8091049194336,25.091733932495117,68.56647491455078,27.338754653930664,12.319999694824219
2019-04-16,2225.0,64.05000305175781,19.981874465942383,97.04000091552734,1272.5999755859375,2.930500030517578,95.52255249023438,23.788890838623047,22.763212203979492,261.3863220214844,131.40614318847656,90.27669525146484,25.204511642456055,68.98580169677734,27.458337783813477,12.180000305175781
2019-04-17,2225.0,63.7599983215332,20.301651000976562,97.01000213623047,1272.199951171875,2.9755001068115234,95.0704116821289,23.73035430908203,22.86681365966797,260.74664306640625,131.4604949951172,89.52281188964844,25.048362731933594,69.07503509521484,27.46753692626953,12.600000381469727
2019-04-18,2225.0,64.0,20.120155334472656,97.47000122070312,1271.9000244140625,2.927500009536743,95.86750793457031,23.642545700073242,22.585603713989258,261.2600402832031,132.8388671875,90.18128204345703,25.078723907470703,69.86910247802734,26.961606979370117,12.09000015258789
2019-04-22,2225.0,65.69999694824219,19.921371459960938,97.27999877929688,1273.5,2.9065001010894775,95.57849884033203,23.525468826293945,22.595474243164062,261.4853820800781,132.33103942871094,90.30532836914062,24.909570693969727,69.65497589111328,26.704044342041016,12.420000076293945
2019-04-23,2225.0,66.30000305175781,19.679378509521484,97.56999969482422,1269.300048828125,2.8984999656677246,97.43839263916016,23.474245071411133,22.654674530029297,263.8365173339844,133.5280303955078,92.44295501708984,25.0223388671875,70.26168823242188,27.136388778686523,12.279999732971191
2019-04-24,2225.0,65.88999938964844,19.350954055786133,98.0999984741211,1275.5,2.9175000190734863,97.05618286132812,22.962026596069336,22.684274673461914,263.2509765625,133.41012573242188,92.10897064208984,24.866201400756836,70.05646514892578,26.998401641845703,13.140000343322754
2019-04-25,2225.0,65.20999908447266,19.005247116088867,98.19999694824219,1275.800048828125,2.877500057220459,96.99092864990234,22.793725967407227,22.2501277923584,263.0887756347656,130.85296630859375,91.61272430419922,24.549570083618164,68.64677429199219,26.391284942626953,13.25
2019-04-26,2225.0,63.29999923706055,19.013893127441406,98.01000213623047,1284.9000244140625,2.9700000286102295,97.39179992675781,22.793725967407227,22.378398895263672,264.3139343261719,131.8686065673828,92.03260040283203,24.753419876098633,69.16425323486328,26.72243881225586,12.729999542236328
2019-04-29,2225.0,63.5,18.918821334838867,97.86000061035156,1278.5999755859375,2.8949999809265137,97.53629302978516,22.727867126464844,22.378398895263672,264.7283630371094,132.22219848632812,92.27118682861328,24.705713272094727,69.3248519897461,26.759231567382812,13.109999656677246
2019-04-30,2225.0,63.90999984741211,18.65089988708496,97.4800033569336,1282.800048828125,2.9014999866485596,97.71344757080078,22.5522518157959,22.694143295288086,264.86346435546875,132.6484375,92.50975799560547,24.918245315551758,69.60144805908203,26.520065307617188,13.119999885559082
2019-05-01,2225.0,63.599998474121094,18.253337860107422,97.69000244140625,1281.4000244140625,2.802999973297119,97.93721008300781,22.17174530029297,22.528377532958984,262.87261962890625,131.6237030029297,92.90104675292969,24.467159271240234,69.14641571044922,25.866952896118164,14.800000190734863
2019-05-02,2225.0,61.810001373291016,17.93355369567871,97.83000183105469,1269.699951171875,2.7839999198913574,97.44306945800781,22.076618194580078,22.27479362487793,262.3050842285156,131.69627380371094,92.4143295288086,24.34137535095215,69.11072540283203,25.848554611206055,14.420000076293945
2019-05-03,2225.0,61.939998626708984,18.357044219970703,97.5199966430664,1279.199951171875,2.825000047683716,98.44994354248047,22.53030014038086,22.839187622070312,264.8724365234375,133.40113830566406,93.83623504638672,24.579925537109375,69.94940185546875,26.8696231842041,12.869999885559082
2019-05-06,2225.0,62.25,17.96812629699707,97.5199966430664,1281.699951171875,2.8369998931884766,98.11897277832031,22.22296714782715,22.580673217773438,263.7825927734375,132.36734008789062,93.96031188964844,24.22859764099121,69.2802734375,26.64885139465332,15.4399995803833
2019-05-07,2225.0,61.400001525878906,17.449567794799805,97.62999725341797,1283.5,2.7939999103546143,95.7509765625,21.857097625732422,22.574750900268555,259.3773498535156,129.69224548339844,92.33799743652344,23.803539276123047,67.87947082519531,26.234907150268555,19.31999969482422
2019-05-08,2225.0,62.119998931884766,17.3977108001709,97.62000274658203,1279.4000244140625,2.7855000495910645,96.57138061523438,21.74001693725586,22.054758071899414,259.0170593261719,129.52903747558594,93.12052154541016,23.78185272216797,67.87947082519531,25.903751373291016,19.399999618530273
2019-05-09,2225.0,61.70000076293945,17.164356231689453,97.37000274658203,1283.5,2.7834999561309814,96.61798095703125,21.520492553710938,21.82682991027832,258.2333984375,129.3022918701172,93.29232025146484,23.595340728759766,67.78131103515625,25.894550323486328,19.100000381469727
2019-05-10,2225.0,61.65999984741211,17.268070220947266,97.33000183105469,1285.699951171875,2.7850000858306885,96.94429779052734,21.74001693725586,22.013317108154297,259.53045654296875,129.79197692871094,93.75035095214844,23.916309356689453,68.04900360107422,25.866952896118164,16.040000915527344
2019-05-13,2225.0,61.040000915527344,16.559371948242188,97.31999969482422,1300.0999755859375,2.7295000553131104,94.12877655029297,20.986328125,21.145023345947266,253.00848388671875,126.04683685302734,91.53636932373047,23.37847328186035,66.11288452148438,24.8826847076416,20.549999237060547
2019-05-14,2225.0,61.779998779296875,16.81001091003418,97.52999877929688,1294.699951171875,2.734499931335449,95.08902740478516,21.359514236450195,21.460763931274414,255.2965850830078,127.37079620361328,92.50975799560547,23.57799530029297,66.79988861083984,25.131057739257812,18.059999465942383
2019-05-15,2225.0,62.02000045776367,16.835933685302734,97.56999969482422,1296.300048828125,2.753499984741211,95.19159698486328,21.286338806152344,21.599891662597656,256.7919616699219,127.64282989501953,92.71971130371094,23.517271041870117,66.88912200927734,25.23223876953125,16.440000534057617
2019-05-16,2225.0,62.869998931884766,16.89643669128418,97.83999633789062,1285.0,2.758500099182129,96.62733459472656,21.454639434814453,21.885046005249023,259.170166015625,128.80355834960938,93.7980728149414,23.846912384033203,67.50473022460938,25.14944839477539,15.289999961853027
2019-05-17,2225.0,62.7599983215332,16.637157440185547,98.0,1274.5,2.747999906539917,95.88616180419922,21.22048568725586,21.82584571838379,257.49462890625,127.28915405273438,92.76741790771484,23.70377540588379,66.75528717041016,24.7539005279541,15.960000038146973
2019-05-20,2225.0,63.099998474121094,16.45566177368164,97.93000030517578,1276.0999755859375,2.7360000610351562,95.92344665527344,21.118040084838867,21.3818302154541,255.7921142578125,126.94459533691406,92.90104675292969,23.365463256835938,66.58575439453125,24.247970581054688,16.309999465942383
2019-05-21,2225.0,62.9900016784668,16.516157150268555,98.05999755859375,1272.0,2.7235000133514404,97.44776153564453,21.330245971679688,21.621599197387695,258.0982360839844,128.5587615966797,94.3706283569336,23.7254695892334,67.37089538574219,24.62511444091797,14.949999809265137
2019-05-22,2225.0,61.41999816894531,16.092662811279297,98.11000061035156,1273.5999755859375,2.686000108718872,96.91635131835938,21.07413101196289,21.424257278442383,257.3055114746094,127.388916015625,94.06526947021484,23.560646057128906,66.81774139404297,24.09158706665039,14.75
2019-05-23,2225.0,57.90999984741211,15.75560474395752,97.8499984741211,1284.800048828125,2.686500072479248,95.33610534667969,20.642406463623047,20.546092987060547,254.16156005859375,125.37579345703125,92.49067687988281,23.200639724731445,65.80059814453125,23.493671417236328,16.920000076293945
2019-05-24,2225.0,58.630001068115234,15.876599311828613,97.61000061035156,1283.0,2.7065000534057617,95.79291534423828,21.015600204467773,20.434595108032227,254.73809814453125,125.55716705322266,92.94873809814453,23.330760955810547,65.8273696899414,23.502872467041016,15.850000381469727
2019-05-28,2225.0,59.13999938964844,15.980311393737793,97.95999908447266,1276.5,2.7035000324249268,95.4246826171875,21.044862747192383,20.35565948486328,252.36892700195312,124.37831115722656,92.79607391357422,23.096546173095703,65.2206802368164,23.226909637451172,17.5
2019-05-29,2225.0,58.810001373291016,16.014883041381836,98.13999938964844,1280.5999755859375,2.672499895095825,95.200927734375,20.920467376708984,20.400060653686523,250.67529296875,123.94303131103516,92.81514739990234,23.10087776184082,64.9262466430664,23.14411735534668,17.899999618530273
2019-05-30,2225.0,56.59000015258789,15.937097549438477,98.13999938964844,1287.0999755859375,2.6605000495910645,95.27550506591797,20.869247436523438,21.24862289428711,251.3600311279297,124.39643096923828,92.9296646118164,23.13991928100586,65.17605590820312,22.748567581176758,17.299999237060547
2019-05-31,2225.0,53.5,15.902525901794434,97.75,1305.800048828125,2.6459999084472656,94.1334457397461,20.547283172607422,20.64673614501953,247.9727783203125,122.62821197509766,92.1280517578125,22.879674911499023,64.28387451171875,22.445011138916016,18.709999084472656
2019-06-03,2225.0,53.25,16.170448303222656,97.13999938964844,1322.699951171875,2.6554999351501465,94.63690185546875,20.803388595581055,20.597402572631836,247.34231567382812,123.40803527832031,92.75786590576172,23.599681854248047,64.72105407714844,23.015331268310547,18.860000610351562
2019-06-04,2225.0,53.47999954223633,16.585298538208008,97.06999969482422,1323.4000244140625,2.6735000610351562,96.58069610595703,21.154626846313477,21.066083908081055,252.7112579345703,126.61814880371094,94.82872009277344,24.2632999420166,66.26456451416016,23.788034439086914,16.969999313354492
2019-06-05,2225.0,51.68000030517578,16.3173770904541,97.37000274658203,1328.300048828125,2.627000093460083,97.96051025390625,20.949739456176758,21.016748428344727,254.9001922607422,127.76069641113281,96.06928253173828,24.441131591796875,66.9069595336914,23.61325454711914,16.09000015258789
2019-06-06,2225.0,52.59000015258789,16.34330177307129,97.02999877929688,1337.5999755859375,2.6540000438690186,98.22618865966797,20.949739456176758,21.03154945373535,256.5578918457031,127.8423843383789,96.04066467285156,24.731735229492188,67.02294158935547,23.705242156982422,15.930000305175781
2019-06-07,2225.0,53.9900016784668,16.533443450927734,96.61000061035156,1341.199951171875,2.630500078201294,98.80422973632812,21.154626846313477,21.431161880493164,259.1251525878906,128.83981323242188,96.66097259521484,24.952943801879883,67.55828094482422,23.8248291015625,16.299999237060547
2019-06-10,2225.0,53.2599983215332,16.671730041503906,96.76000213623047,1324.699951171875,2.6640000343322754,98.19823455810547,21.286338806152344,21.455833435058594,260.3142395019531,129.1572265625,96.59416198730469,24.99631690979004,67.64749145507812,23.843229293823242,15.9399995803833
2019-06-11,2225.0,53.27000045776367,17.129789352416992,96.69000244140625,1326.4000244140625,2.67549991607666,95.92809295654297,21.871732711791992,21.322628021240234,260.2512512207031,128.2413330078125,94.82872009277344,24.978965759277344,67.06755828857422,24.211172103881836,15.989999771118164
2019-06-12,2225.0,51.13999938964844,17.01743507385254,97.0,1331.9000244140625,2.6589999198913574,96.22176361083984,21.769287109375,21.26835823059082,259.7917785644531,128.3411102294922,95.13408660888672,25.061382293701172,67.21031188964844,24.07318878173828,15.90999984741211
2019-06-13,2225.0,52.279998779296875,17.060646057128906,97.01000213623047,1339.199951171875,2.6610000133514404,97.05618286132812,21.95953941345215,21.41143035888672,260.8637390136719,129.1844482421875,96.43193054199219,25.20884895324707,67.54934692382812,24.52393341064453,15.819999694824219
2019-06-14,2225.0,52.5099983215332,16.87051010131836,97.56999969482422,1340.0999755859375,2.634500026702881,96.60868072509766,21.783924102783203,21.23875617980957,260.57550048828125,128.59498596191406,95.50627899169922,25.10041618347168,67.28170013427734,24.183578491210938,15.279999732971191
2019-06-17,2225.0,51.93000030517578,16.87051010131836,97.55999755859375,1338.699951171875,2.6510000228881836,96.74147033691406,21.66094398498535,21.174619674682617,260.6745910644531,128.04183959960938,94.86687469482422,24.870534896850586,67.04969787597656,24.358352661132812,15.350000381469727
2019-06-18,2225.0,53.900001525878906,17.484140396118164,97.63999938964844,1346.5999755859375,2.7070000171661377,99.00431823730469,22.211708068847656,21.50516700744629,263.40411376953125,130.3904266357422,96.57505798339844,25.065711975097656,68.35234069824219,25.07585906982422,15.149999618530273
2019-06-19,2225.0,53.7599983215332,17.475492477416992,97.12000274658203,1344.5999755859375,2.684499979019165,99.139892578125,22.234346389770508,21.57916831970215,263.99871826171875,130.499267578125,97.17630767822266,24.926918029785156,68.29881286621094,25.52660369873047,14.329999923706055
2019-06-20,2225.0,56.650001525878906,17.890342712402344,96.62999725341797,1392.9000244140625,2.7155001163482666,100.94457244873047,22.521041870117188,21.84064483642578,266.5210266113281,132.37643432617188,99.10396575927734,25.243547439575195,69.44084167480469,25.793365478515625,14.75
2019-06-21,2225.0,57.43000030517578,18.037267684936523,96.22000122070312,1396.199951171875,2.7060000896453857,100.29936218261719,22.558767318725586,21.951156616210938,266.1335754394531,131.6903076171875,98.60773468017578,25.163259506225586,69.0707778930664,25.822223663330078,15.399999618530273
2019-06-24,2225.0,57.900001525878906,18.09777069091797,95.9800033569336,1414.300048828125,2.7054998874664307,100.6079330444336,22.573854446411133,21.727174758911133,265.8077392578125,131.1533966064453,98.44816589355469,25.259248733520508,68.93634796142578,25.477689743041992,15.260000228881836
2019-06-25,2225.0,57.83000183105469,17.942203521728516,96.16000366210938,1414.9000244140625,2.7355000972747803,99.8271484375,22.4984130859375,21.51898193359375,263.2007141113281,130.42539978027344,97.779296875,25.2723445892334,68.41663360595703,25.412500381469727,16.280000686645508
2019-06-26,2225.0,59.380001068115234,18.140979766845703,96.20999908447266,1411.5999755859375,2.7109999656677246,99.79912567138672,22.76247787475586,22.037982940673828,262.9381408691406,130.67112731933594,97.55951690673828,25.22871208190918,68.58685302734375,25.90604019165039,16.209999084472656
2019-06-27,1820.0,59.43000030517578,18.12700080871582,96.19000244140625,1408.4000244140625,2.7125000953674316,99.28482818603516,22.822832107543945,22.34879493713379,263.8705139160156,131.2626190185547,97.85575103759766,25.311613082885742,68.64959716796875,25.971220016479492,15.819999694824219
2019-06-28,1820.0,58.470001220703125,18.170679092407227,96.12999725341797,1409.699951171875,2.7054998874664307,100.1497573852539,22.853010177612305,23.40456771850586,265.2284240722656,132.67306518554688,99.298583984375,25.525413513183594,69.37541961669922,26.427515029907227,15.079999923706055
2019-07-01,1793.5,59.09000015258789,18.258041381835938,96.83999633789062,1385.5999755859375,2.679500102996826,99.2520751953125,23.056718826293945,23.20722770690918,267.63623046875,133.1280517578125,99.00237274169922,25.721773147583008,69.43815612792969,26.250581741333008,14.0600004196167
2019-07-02,1778.5,56.25,18.258041381835938,96.7300033569336,1404.5999755859375,2.6575000286102295,99.90193939208984,22.981271743774414,22.901348114013672,268.3332824707031,132.79135131835938,99.72859191894531,25.69558334350586,69.34854888916016,26.06434440612793,12.930000305175781
2019-07-03,1794.0,57.34000015258789,18.16194725036621,96.7699966430664,1417.699951171875,2.679500102996826,100.27132415771484,22.890735626220703,23.226961135864258,270.4786376953125,133.41921997070312,99.919677734375,25.82648468017578,69.73387145996094,25.98053550720215,12.569999694824219
2019-07-05,1806.75,57.5099983215332,17.768831253051758,97.25,1396.699951171875,2.6584999561309814,100.31336975097656,22.347517013549805,22.80267906188965,270.1708068847656,132.9187774658203,100.23501586914062,25.70867347717285,69.45606994628906,26.06434440612793,13.279999732971191
2019-07-08,1811.75,57.65999984741211,17.646528244018555,97.37999725341797,1397.0,2.6559998989105225,99.31754302978516,22.3776912689209,22.80267906188965,268.68634033203125,131.87225341796875,99.24126434326172,25.411975860595703,68.88258361816406,25.580116271972656,13.960000038146973
2019-07-09,1838.5,57.83000183105469,17.122377395629883,97.48999786376953,1397.5,2.624500036239624,99.8271484375,22.03818130493164,22.699073791503906,269.0212097167969,131.54469299316406,99.72859191894531,25.163259506225586,68.730224609375,25.384565353393555,14.09000015258789
2019-07-10,1861.5,60.43000030517578,17.288358688354492,97.0999984741211,1410.0999755859375,2.693000078201294,99.77104949951172,22.241884231567383,22.797746658325195,270.3066101074219,131.21710205078125,99.36546325683594,25.11090660095215,68.56896209716797,25.496307373046875,13.029999732971191
2019-07-11,1865.0,60.20000076293945,17.323301315307617,97.05000305175781,1404.300048828125,2.682499885559082,100.5425033569336,22.204160690307617,22.516536712646484,270.9403076171875,131.79037475585938,100.04389190673828,25.219980239868164,69.03491973876953,25.384565353393555,12.930000305175781
2019-07-12,1860.0,60.209999084472656,17.29709243774414,96.80999755859375,1409.9000244140625,2.691499948501587,101.82817840576172,22.279611587524414,22.516536712646484,272.1532897949219,134.08352661132812,101.11410522460938,25.46869468688965,70.24462890625,25.822223663330078,12.390000343322754
2019-07-15,1860.0,59.58000183105469,17.42813491821289,96.93000030517578,1411.4000244140625,2.7074999809265137,101.14559173583984,22.39278221130371,22.457334518432617,272.2437744140625,133.69219970703125,100.37833404541016,25.486146926879883,69.95789337158203,25.868791580200195,12.680000305175781
2019-07-16,1860.0,57.619998931884766,17.2534122467041,97.4000015258789,1409.199951171875,2.69350004196167,101.37000274658203,22.370149612426758,22.45240020751953,271.36572265625,134.5385284423828,100.65544128417969,25.54723358154297,70.40593719482422,26.148151397705078,12.859999656677246
2019-07-17,1860.0,56.779998779296875,17.18352699279785,97.22000122070312,1421.300048828125,2.7100000381469727,100.53311157226562,22.355060577392578,22.52147102355957,269.51910400390625,131.87225341796875,99.36546325683594,25.320341110229492,68.90049743652344,26.194713592529297,13.970000267028809
2019-07-18,1863.0,55.29999923706055,17.174793243408203,96.79000091552734,1426.0999755859375,2.7039999961853027,100.00949096679688,22.347517013549805,22.131723403930664,270.5057678222656,132.17254638671875,99.09793090820312,25.429420471191406,69.02594757080078,26.3250789642334,13.529999732971191
2019-07-19,1880.0,55.630001068115234,17.489282608032227,97.1500015258789,1425.0999755859375,2.744499921798706,101.43547058105469,22.490863800048828,21.998517990112305,269.0030517578125,132.64578247070312,99.92924499511719,25.486146926879883,69.40229034423828,26.557886123657227,14.449999809265137
2019-07-22,1880.0,56.220001220703125,17.498016357421875,97.26000213623047,1425.300048828125,2.7144999504089355,101.37469482421875,22.573854446411133,21.9294490814209,269.6639404296875,132.77317810058594,100.03434753417969,25.420696258544922,69.45606994628906,26.595125198364258,13.529999732971191
2019-07-23,1880.0,56.77000045776367,17.4718074798584,97.70999908447266,1420.0999755859375,2.694000005722046,102.02454376220703,22.641759872436523,21.914648056030273,271.592041015625,134.46568298339844,100.5407943725586,25.944292068481445,70.3342514038086,26.73480987548828,12.609999656677246
2019-07-24,1880.0,55.880001068115234,17.4543399810791,97.7300033569336,1422.800048828125,2.7039999961853027,102.38455963134766,22.279611587524414,22.309329986572266,272.868408203125,135.4666748046875,102.01227569580078,25.926843643188477,70.63893127441406,27.060728073120117,12.069999694824219
2019-07-25,1880.0,56.02000045776367,17.20973014831543,97.81999969482422,1413.9000244140625,2.695499897003174,102.16947937011719,21.955188751220703,22.04982566833496,271.56488037109375,134.8023681640625,101.8880615234375,25.739221572875977,70.49555206298828,26.43682098388672,12.739999771118164
2019-07-26,1880.0,56.20000076293945,17.07869529724121,98.01000213623047,1418.5,2.676500082015991,101.65518951416016,21.849559783935547,22.299463272094727,273.3844299316406,134.89340209960938,101.63007354736328,25.769765853881836,70.34320831298828,26.660314559936523,12.15999984741211
2019-07-29,1880.0,56.869998931884766,17.008804321289062,98.04000091552734,1419.5999755859375,2.7095000743865967,101.16898345947266,21.83447265625,21.97385025024414,272.8864440917969,134.28372192382812,100.80831909179688,25.682497024536133,70.2177734375,26.604440689086914,12.829999923706055
2019-07-30,1875.25,58.04999923706055,16.86903190612793,98.05000305175781,1429.699951171875,2.6705000400543213,101.32794189453125,21.73638916015625,21.909713745117188,272.2165832519531,134.91156005859375,100.98988342285156,25.852670669555664,70.52242279052734,26.958295822143555,13.9399995803833
2019-07-31,1860.75,58.58000183105469,16.615694046020508,98.5199966430664,1426.0999755859375,2.6579999923706055,100.65000915527344,21.32143211364746,21.944246292114258,269.23846435546875,133.7012939453125,101.12364196777344,25.455608367919922,69.73387145996094,26.045719146728516,16.1200008392334
2019-08-01,1842.0,53.95000076293945,15.93429183959961,98.38999938964844,1420.9000244140625,2.6600000858306885,99.16795349121094,20.589590072631836,21.169687271118164,266.89398193359375,131.08062744140625,99.54704284667969,25.311613082885742,68.38076782226562,25.328691482543945,17.8700008392334
2019-08-02,1832.5,55.65999984741211,15.54117488861084,98.0999984741211,1445.5999755859375,2.565000057220459,98.79859161376953,20.15953826904297,20.474061965942383,264.8844299316406,130.1160888671875,98.80171203613281,25.01491355895996,67.94168090820312,24.900341033935547,17.610000610351562
2019-08-05,1823.5,54.689998626708984,15.034491539001465,97.5,1464.5999755859375,2.5369999408721924,96.57315063476562,19.450334548950195,20.01426124572754,256.91851806640625,126.4943618774414,96.09754943847656,24.543670654296875,66.05986022949219,24.574417114257812,24.59000015258789
2019-08-06,1820.75,53.630001068115234,14.964604377746582,97.62999725341797,1472.4000244140625,2.5510001182556152,99.03702545166016,19.495601654052734,20.365524291992188,260.5211486816406,128.468994140625,98.99281311035156,24.5742130279541,67.05453491210938,24.5557918548584,20.170000076293945
2019-08-07,1811.75,51.09000015258789,14.929662704467773,97.54000091552734,1507.300048828125,2.565000057220459,99.56533813476562,19.47296905517578,20.138586044311523,260.6751403808594,128.35980224609375,99.98658752441406,24.914552688598633,67.01872253417969,24.24850082397461,19.489999771118164
2019-08-08,1848.25,52.540000915527344,15.287833213806152,97.62000274658203,1497.699951171875,2.6019999980926514,101.76742553710938,19.933197021484375,20.182985305786133,265.78961181640625,130.6438446044922,102.18427276611328,25.39015007019043,68.15673065185547,24.92827606201172,16.90999984741211
2019-08-09,1842.0,54.5,14.851038932800293,97.48999786376953,1496.5999755859375,2.5840001106262207,101.15494537353516,19.450334548950195,20.074447631835938,263.9791564941406,129.26063537597656,100.7127685546875,25.189441680908203,67.58323669433594,24.173999786376953,17.969999313354492
2019-08-12,1832.75,54.93000030517578,14.60643196105957,97.37999725341797,1505.300048828125,2.5799999237060547,99.74769592285156,19.246627807617188,19.7439022064209,260.7656555175781,127.50448608398438,99.14569091796875,24.796743392944336,66.65130615234375,23.79220962524414,21.09000015258789
2019-08-13,1847.25,57.099998474121094,14.938397407531738,97.80999755859375,1502.199951171875,2.624500036239624,100.15910339355469,19.706857681274414,19.971830368041992,264.821044921875,128.8966827392578,99.83370208740234,25.062904357910156,67.44884490966797,24.099504470825195,17.520000457763672
2019-08-14,1839.25,55.22999954223633,14.414244651794434,97.98999786376953,1515.9000244140625,2.5864999294281006,97.51754760742188,19.03537368774414,19.54656219482422,256.99090576171875,125.02932739257812,97.5404052734375,24.268779754638672,65.38783264160156,23.177616119384766,22.100000381469727
2019-08-15,1845.5,54.470001220703125,14.187108993530273,98.13999938964844,1519.5999755859375,2.5894999504089355,98.46197509765625,18.899568557739258,19.166683197021484,257.66973876953125,124.95655059814453,98.190185546875,24.27750587463379,65.3161392211914,22.898256301879883,21.18000030517578
2019-08-16,1857.25,54.869998931884766,14.16089916229248,98.13999938964844,1512.5,2.5899999141693115,99.57469940185547,18.93729019165039,19.684701919555664,261.4717102050781,127.32246398925781,99.69035339355469,24.70511245727539,66.57964324951172,23.26142692565918,18.469999313354492
2019-08-19,1855.0,56.209999084472656,14.353093147277832,98.3499984741211,1500.4000244140625,2.5969998836517334,100.6687240600586,19.13345718383789,19.808040618896484,264.6219482421875,128.61460876464844,100.884765625,24.90146827697754,67.2069091796875,23.77358627319336,16.8799991607666
2019-08-20,1842.25,56.34000015258789,14.248261451721191,98.19000244140625,1504.5999755859375,2.5739998817443848,100.67339324951172,19.0278263092041,19.679767608642578,262.5941162109375,127.72282409667969,100.9134292602539,24.609121322631836,66.81258392333984,23.80152130126953,17.5
2019-08-21,1836.0,55.68000030517578,14.26573371887207,98.30000305175781,1504.5999755859375,2.5815000534057617,101.5102767944336,19.00519371032715,19.734037399291992,264.7304992675781,128.65098571777344,101.67786407470703,24.73565101623535,67.22480773925781,23.83877182006836,15.800000190734863
2019-08-22,1821.0,55.349998474121094,14.10848617553711,98.16999816894531,1497.300048828125,2.553499937057495,102.660400390625,18.884479522705078,19.808040618896484,264.6490478515625,128.6328125,102.25116729736328,24.569852828979492,67.32337951660156,23.522165298461914,16.68000030517578
2019-08-23,1823.75,54.16999816894531,13.846410751342773,97.63999938964844,1526.5999755859375,2.5260000228881836,100.68274688720703,18.55251121520996,19.61464500427246,257.85089111328125,125.14761352539062,99.79548645019531,23.976438522338867,65.5222396850586,23.000690460205078,19.8700008392334
2019-08-26,1823.75,53.63999938964844,13.863883018493652,98.08000183105469,1526.300048828125,2.5399999618530273,101.74871826171875,18.529876708984375,19.541629791259766,260.7022705078125,126.05763244628906,100.57899475097656,24.054975509643555,66.00614166259766,23.121742248535156,19.31999969482422
2019-08-27,1817.5,54.93000030517578,13.907560348510742,98.0,1541.0,2.5434999465942383,100.92117309570312,18.612869262695312,19.497228622436523,259.6794128417969,125.35693359375,100.07255554199219,24.072431564331055,65.66560363769531,23.019306182861328,20.309999465942383
2019-08-28,1807.0,55.779998779296875,14.04733657836914,98.20999908447266,1537.800048828125,2.5510001182556152,102.06661987304688,18.748674392700195,19.46072006225586,261.5079650878906,126.81285858154297,100.9134292602539,24.260059356689453,66.47208404541016,23.410417556762695,19.350000381469727
2019-08-29,1759.0,56.709999084472656,14.256996154785156,98.51000213623047,1526.5,2.559499979019165,103.42716217041016,18.967472076416016,19.812973022460938,264.84820556640625,129.04229736328125,102.39449310302734,24.569852828979492,67.6101303100586,23.633901596069336,17.8799991607666
2019-08-30,1758.0,55.099998474121094,14.457921981811523,98.91999816894531,1519.0999755859375,2.5329999923706055,103.70298767089844,19.2994384765625,19.88697624206543,264.7304992675781,129.5609893798828,102.66207122802734,24.73565101623535,67.88792419433594,23.70840072631836,18.979999542236328
2019-09-03,1751.75,53.939998626708984,14.187108993530273,98.94999694824219,1545.9000244140625,2.512500047683716,102.59493255615234,19.231536865234375,19.936311721801758,263.18267822265625,127.80472564697266,102.00275421142578,24.539310455322266,66.9649429321289,23.45697593688965,19.65999984741211
2019-09-04,1770.5,56.2599983215332,14.484129905700684,98.44999694824219,1550.300048828125,2.5789999961853027,103.60012817382812,19.669132232666016,20.104049682617188,266.16986083984375,129.3152618408203,102.70027923583984,24.840373992919922,67.81622314453125,23.950515747070312,17.329999923706055
2019-09-05,1785.0,56.29999923706055,14.929662704467773,98.41000366210938,1515.4000244140625,2.624500036239624,104.36689758300781,19.97846794128418,20.543132781982422,269.5915222167969,131.744873046875,103.83734893798828,24.879642486572266,69.03491973876953,24.07157325744629,16.270000457763672
2019-09-06,1788.75,56.52000045776367,14.999547958374023,98.38999938964844,1506.199951171875,2.615499973297119,104.86713409423828,20.008647918701172,20.552997589111328,269.7996826171875,131.95416259765625,104.02845001220703,24.97563934326172,69.17827606201172,23.6990909576416,15.0
2019-09-09,1799.5,57.849998474121094,15.078171730041504,98.27999877929688,1502.199951171875,2.6105000972747803,103.53936767578125,20.219898223876953,20.493797302246094,269.9355773925781,132.53656005859375,102.80535888671875,24.844738006591797,69.38439178466797,24.304372787475586,15.270000457763672
2019-09-10,1818.5,57.400001525878906,15.322779655456543,98.33000183105469,1490.300048828125,2.6105000972747803,104.15182495117188,20.446245193481445,20.543132781982422,269.87225341796875,133.61940002441406,102.7862777709961,25.089082717895508,70.02059936523438,25.133142471313477,15.199999809265137
2019-09-11,1825.25,55.75,15.410140037536621,98.6500015258789,1494.4000244140625,2.5975000858306885,105.52167510986328,20.687671661376953,20.55694580078125,271.79119873046875,135.18455505371094,104.11446380615234,25.329071044921875,70.67474365234375,25.896728515625,14.609999656677246
2019-09-12,1798.25,55.09000015258789,15.680948257446289,98.30999755859375,1498.699951171875,2.623500108718872,105.89570617675781,21.01963996887207,21.056217193603516,272.7325744628906,135.2209930419922,104.94574737548828,25.525413513183594,70.71956634521484,25.747732162475586,14.220000267028809
2019-09-13,1807.0,54.849998474121094,15.98670768737793,98.26000213623047,1490.9000244140625,2.680999994277954,106.37259674072266,21.30634117126465,21.12035369873047,272.55157470703125,135.8761749267578,105.44263458251953,25.804670333862305,71.10489654541016,25.67323875427246,13.739999771118164
2019-09-16,1791.0,62.900001525878906,15.829461097717285,98.6500015258789,1503.0999755859375,2.621000051498413,107.4712905883789,21.01963996887207,20.888479232788086,271.709716796875,135.7760467529297,107.00970458984375,25.38142204284668,71.04216003417969,25.924659729003906,14.670000076293945
2019-09-17,1778.75,59.34000015258789,15.611063957214355,98.26000213623047,1505.0999755859375,2.609499931335449,107.79389190673828,20.929100036621094,21.08285903930664,272.3977355957031,135.72145080566406,107.15303039550781,25.586505889892578,71.00634002685547,25.784982681274414,14.4399995803833
2019-09-18,1783.0,58.11000061035156,15.462554931640625,98.5999984741211,1507.5,2.5954999923706055,108.0556869506836,20.763118743896484,20.730606079101562,272.56060791015625,135.4211883544922,106.81858825683594,25.599592208862305,70.89877319335938,25.19832420349121,13.949999809265137
2019-09-19,1798.75,58.130001068115234,15.514970779418945,98.2699966430664,1498.4000244140625,2.5910000801086426,107.54608917236328,20.717849731445312,20.81941032409668,272.5425109863281,134.7477569580078,106.33126068115234,25.643230438232422,70.54032135009766,25.030704498291016,14.050000190734863
2019-09-20,1800.5,58.09000015258789,15.637272834777832,98.51000213623047,1507.300048828125,2.5899999141693115,106.09674072265625,20.68012809753418,20.671403884887695,271.2547912597656,134.01979064941406,105.12730407714844,25.58359146118164,70.09443664550781,24.81109619140625,15.319999694824219
2019-09-23,1790.5,58.63999938964844,15.383930206298828,98.5999984741211,1523.699951171875,2.5945000648498535,105.89570617675781,20.52923011779785,20.681270599365234,271.1911315917969,133.72862243652344,104.55671691894531,25.522193908691406,69.95931243896484,24.99799919128418,14.90999984741211
2019-09-24,1767.75,57.290000915527344,15.244152069091797,98.33999633789062,1532.0999755859375,2.5894999504089355,105.86992645263672,20.11427116394043,20.247121810913086,269.0631408691406,132.70947265625,103.827880859375,25.302932739257812,69.56291961669922,24.37188148498535,17.049999237060547
2019-09-25,1759.5,56.4900016784668,15.322779655456543,99.04000091552734,1504.5999755859375,2.5950000286102295,106.75584411621094,20.197263717651367,20.190879821777344,270.6546325683594,133.97425842285156,104.45122528076172,25.434490203857422,70.01335906982422,24.596155166625977,15.960000038146973
2019-09-26,1750.5,56.40999984741211,15.034491539001465,99.20999908447266,1507.5,2.559999942779541,106.75118255615234,20.129364013671875,20.202720642089844,270.09075927734375,133.96328735351562,103.827880859375,25.37748146057129,70.11244201660156,24.091535568237305,16.06999969482422
2019-09-27,1748.25,55.90999984741211,15.060699462890625,99.11000061035156,1499.0999755859375,2.5829999446868896,105.50899505615234,20.061460494995117,20.256988525390625,268.6357421875,133.204345703125,102.73469543457031,25.307315826416016,69.83319091796875,24.01677131652832,17.219999313354492
2019-09-30,1732.25,54.06999969482422,14.947134017944336,99.37999725341797,1465.699951171875,2.564500093460083,105.32617950439453,20.084096908569336,20.345792770385742,269.8817138671875,133.57012939453125,102.44699096679688,25.522193908691406,69.93228149414062,23.783143997192383,16.239999771118164
2019-10-01,1737.25,53.619998931884766,14.632643699645996,99.12999725341797,1482.0,2.552000045776367,103.01528930664062,19.812480926513672,20.222454071044922,266.6714172363281,130.5159912109375,99.64678192138672,24.921415328979492,68.25670623779297,23.55886459350586,18.559999465942383
2019-10-02,1707.25,52.63999938964844,14.283204078674316,99.04000091552734,1501.0,2.561500072479248,101.43563842773438,19.352251052856445,19.872175216674805,261.960693359375,128.16586303710938,98.50563049316406,24.474117279052734,66.968505859375,23.297203063964844,20.559999465942383
2019-10-03,1711.5,52.45000076293945,14.379297256469727,98.86000061035156,1507.0999755859375,2.5455000400543213,102.14813232421875,19.352251052856445,20.027088165283203,264.1070556640625,128.73281860351562,99.11934661865234,24.56182098388672,67.40991973876953,23.41868782043457,19.1200008392334
2019-10-04,1719.5,52.810001373291016,14.361827850341797,98.80999755859375,1506.199951171875,2.555500030517578,103.2684097290039,19.578596115112305,20.015247344970703,267.680908203125,130.12274169921875,100.06874084472656,24.693382263183594,68.11258697509766,23.708383560180664,17.040000915527344
2019-10-07,1739.75,52.75,14.326883316040039,98.98999786376953,1497.699951171875,2.572000026702881,103.10905456542969,19.47296905517578,20.054716110229492,266.52587890625,129.5283660888672,99.76187896728516,24.605674743652344,67.77027130126953,23.57755470275879,17.860000610351562
2019-10-08,1749.75,52.630001068115234,14.204583168029785,99.13999938964844,1497.199951171875,2.563499927520752,102.28873443603516,19.269264221191406,19.758705139160156,262.3882141113281,127.4160385131836,98.96592712402344,24.175918579101562,66.72529602050781,23.446720123291016,20.280000686645508
2019-10-09,1743.0,52.59000015258789,14.152168273925781,99.12000274658203,1506.0999755859375,2.562000036239624,103.02936553955078,19.3371639251709,19.847505569458008,264.8799743652344,128.63221740722656,99.63719177246094,24.44780731201172,67.29280090332031,23.381311416625977,18.639999389648438
2019-10-10,1752.0,53.54999923706055,14.53654670715332,98.70999908447266,1494.800048828125,2.6050000190734863,103.46997833251953,19.82757568359375,19.87611961364746,266.6714172363281,129.65640258789062,100.38520050048828,24.67145538330078,67.90538024902344,23.82986831665039,17.56999969482422
2019-10-11,1717.25,54.70000076293945,14.999547958374023,98.30000305175781,1482.699951171875,2.618499994277954,104.25746154785156,20.506595611572266,19.94716453552246,269.43597412109375,132.1527557373047,101.02769470214844,25.149444580078125,69.18458557128906,24.42795181274414,15.579999923706055
2019-10-14,1714.0,53.59000015258789,14.964604377746582,98.44999694824219,1491.699951171875,2.623500108718872,104.16840362548828,20.167083740234375,19.965913772583008,269.135986328125,131.796142578125,101.008544921875,24.969650268554688,69.04946899414062,24.147602081298828,14.569999694824219
2019-10-15,1724.5,52.810001373291016,14.947134017944336,98.29000091552734,1477.5999755859375,2.6040000915527344,104.3136978149414,20.250078201293945,20.059648513793945,271.8004455566406,132.89344787597656,101.34417724609375,25.145063400268555,69.60798645019531,24.091535568237305,13.539999961853027
2019-10-16,1727.5,53.36000061035156,14.894719123840332,98.01000213623047,1488.0,2.5794999599456787,104.46839904785156,20.02373695373535,20.010313034057617,271.36395263671875,132.89344787597656,101.61267852783203,25.19768524169922,69.57195281982422,23.932666778564453,13.680000305175781
2019-10-17,1731.75,53.93000030517578,14.982074737548828,97.61000061035156,1492.300048828125,2.5869998931884766,103.85433197021484,20.0388240814209,20.04484748840332,272.1641845703125,133.6341552734375,100.88385772705078,25.26346206665039,69.91426849365234,24.175636291503906,13.789999961853027
2019-10-18,1746.5,53.779998779296875,15.034491539001465,97.27999877929688,1488.199951171875,2.625,101.21063232421875,20.016189575195312,19.87710952758789,270.9728698730469,132.8751678466797,98.94674682617188,25.219614028930664,69.31070709228516,24.184982299804688,14.25
2019-10-21,1744.0,53.310001373291016,15.226683616638184,97.33000183105469,1482.4000244140625,2.634999990463257,100.62939453125,20.355703353881836,20.104049682617188,272.8099060058594,133.61585998535156,99.09060668945312,25.14068031311035,69.72508239746094,24.12890625,14.0
2019-10-22,1727.5,54.15999984741211,15.139325141906738,97.52999877929688,1481.699951171875,2.621999979019165,101.42626190185547,20.400972366333008,20.018207550048828,271.9186706542969,134.5302734375,99.25359344482422,25.035432815551758,70.27460479736328,24.521400451660156,14.460000038146973
2019-10-23,1742.0,55.970001220703125,15.279099464416504,97.47000122070312,1489.9000244140625,2.6624999046325684,101.67938995361328,20.597137451171875,20.079383850097656,272.70989990234375,134.68569946289062,99.70433044433594,25.193302154541016,70.26558685302734,24.633544921875,14.010000228881836
2019-10-24,1735.0,56.22999954223633,15.16553020477295,97.62999725341797,1498.9000244140625,2.6589999198913574,103.2215347290039,20.4688720703125,20.04484748840332,273.15545654296875,134.71311950683594,101.06608581542969,25.272233963012695,70.36469268798828,24.717647552490234,13.710000038146973
2019-10-25,1740.5,56.65999984741211,15.410140037536621,97.83000183105469,1499.5,2.6665000915527344,102.33560943603516,20.732938766479492,20.104049682617188,274.2740173339844,135.6092987060547,100.289306640625,25.548505783081055,70.80609893798828,25.016687393188477,12.649999618530273
2019-10-28,1751.0,55.810001373291016,15.637272834777832,97.76000213623047,1490.0,2.672499895095825,102.65437316894531,21.042274475097656,20.42473030090332,275.8199768066406,135.9293212890625,100.74962615966797,25.627443313598633,71.0042953491211,25.43721580505371,13.109999656677246
2019-10-29,1745.0,55.540000915527344,15.733366012573242,97.69000244140625,1487.0,2.682499885559082,103.14656066894531,21.03472900390625,20.463211059570312,275.7380676269531,136.45973205566406,100.9893569946289,25.785310745239258,71.2385025024414,25.371803283691406,13.199999809265137
2019-10-30,1760.25,55.060001373291016,15.567383766174316,97.6500015258789,1493.199951171875,2.680500030517578,103.7887191772461,20.936647415161133,20.577667236328125,276.5838623046875,136.6883544921875,101.53597259521484,25.80722999572754,71.49073791503906,24.988658905029297,12.329999923706055
2019-10-31,1763.0,54.18000030517578,15.270360946655273,97.3499984741211,1511.4000244140625,2.632999897003174,103.16997528076172,20.687671661376953,20.666471481323242,275.84722900390625,135.40811157226562,101.27704620361328,25.517803192138672,70.72502136230469,24.58681869506836,13.220000267028809
2019-11-01,1794.0,56.20000076293945,15.654744148254395,97.23999786376953,1508.0,2.6510000228881836,104.81056213378906,21.178077697753906,21.157848358154297,278.4026794433594,138.1879425048828,103.09909057617188,25.87739372253418,72.26545715332031,25.35310935974121,12.300000190734863
2019-11-04,1809.5,56.540000915527344,16.08280372619629,97.51000213623047,1508.0,2.6670000553131104,104.56684112548828,21.608131408691406,21.40156364440918,279.5211181640625,139.79737854003906,102.10176086425781,26.079120635986328,73.10325622558594,25.624122619628906,12.829999923706055
2019-11-05,1811.5,57.22999954223633,16.44097137451172,97.9800033569336,1480.800048828125,2.694999933242798,105.2652587890625,21.789203643798828,21.598901748657227,279.2120056152344,140.15399169921875,102.76344299316406,26.122976303100586,73.25637817382812,25.67084312438965,13.100000381469727
2019-11-06,1809.0,56.349998474121094,16.35361671447754,97.94999694824219,1490.199951171875,2.6610000133514404,105.58866882324219,21.683578491210938,21.613704681396484,279.2756652832031,140.03512573242188,103.20458221435547,26.105430603027344,73.30142974853516,25.455907821655273,12.619999885559082
2019-11-07,1816.5,57.150001525878906,16.598220825195312,98.13999938964844,1464.199951171875,2.7239999771118164,106.22615814208984,21.909921646118164,21.590024948120117,280.25787353515625,140.50146484375,104.096435546875,26.28084373474121,73.55365753173828,25.67084312438965,12.729999542236328
2019-11-08,1818.25,57.2400016784668,16.554540634155273,98.3499984741211,1461.300048828125,2.677999973297119,106.39492797851562,21.70621109008789,21.455833435058594,280.948974609375,140.6478271484375,105.44857025146484,26.386089324951172,73.65275573730469,25.829708099365234,12.069999694824219
2019-11-11,1794.0,56.86000061035156,16.301197052001953,98.19999694824219,1455.5,2.6600000858306885,107.42613983154297,21.351606369018555,21.416364669799805,280.4124450683594,140.7392120361328,105.66914367675781,26.346620559692383,73.68878936767578,25.698875427246094,12.6899995803833
2019-11-12,1780.75,56.79999923706055,16.091537475585938,98.30999755859375,1452.0999755859375,2.6419999599456787,107.61832427978516,21.32143211364746,21.41143035888672,281.0035705566406,140.8581085205078,106.07192993164062,26.48257064819336,73.67980194091797,25.558706283569336,12.680000305175781
2019-11-13,1770.5,57.119998931884766,15.873140335083008,98.37000274658203,1461.699951171875,2.6364998817443848,107.77300262451172,21.004552841186523,21.056217193603516,281.09442138671875,140.18142700195312,106.33081817626953,26.329086303710938,73.37348937988281,25.222280502319336,13.0
2019-11-14,1750.5,56.77000045776367,15.76830768585205,98.16000366210938,1471.800048828125,2.618499994277954,108.5745620727539,20.966825485229492,21.263423919677734,281.50372314453125,140.62948608398438,107.05963134765625,26.4913387298584,73.60771942138672,25.044721603393555,13.050000190734863
2019-11-15,1754.0,57.720001220703125,15.977971076965332,98.0,1467.300048828125,2.634999990463257,109.54017639160156,21.245981216430664,21.179553985595703,283.540771484375,141.6170654296875,107.9898452758789,26.469411849975586,74.1482162475586,25.166208267211914,12.050000190734863
2019-11-18,1752.0,57.04999923706055,15.93429183959961,97.79000091552734,1470.9000244140625,2.617500066757202,109.39952850341797,21.16299057006836,21.12035369873047,283.7499084472656,141.10498046875,107.74051666259766,26.40363311767578,73.86898040771484,25.390493392944336,12.460000038146973
2019-11-19,1745.75,55.209999084472656,16.00417709350586,97.86000061035156,1473.300048828125,2.6535000801086426,109.00580596923828,21.276161193847656,21.08088493347168,283.6680603027344,141.04100036621094,107.54871368408203,26.346620559692383,73.80589294433594,25.287694931030273,12.859999656677246
2019-11-20,1758.5,57.11000061035156,15.864402770996094,97.93000030517578,1473.300048828125,2.6465001106262207,109.12300872802734,21.05736541748047,20.92399787902832,282.6131591796875,140.05343627929688,107.74051666259766,26.017723083496094,73.22035217285156,25.184900283813477,12.779999732971191
2019-11-21,1754.0,58.58000183105469,15.794516563415527,97.98999786376953,1463.0999755859375,2.621000051498413,108.14332580566406,21.012096405029297,20.858877182006836,282.15850830078125,139.6419219970703,105.94722747802734,25.973876953125,73.19332885742188,25.016687393188477,13.130000114440918
2019-11-22,1757.5,57.77000045776367,15.82072639465332,98.2699966430664,1463.0999755859375,2.6475000381469727,108.36360931396484,21.291248321533203,20.98714828491211,282.7860412597656,140.4100799560547,105.78421020507812,26.017723083496094,73.57167053222656,25.343772888183594,12.34000015258789
2019-11-25,1755.5,58.0099983215332,15.98670768737793,98.31999969482422,1456.5999755859375,2.6475000381469727,108.59800720214844,21.608131408691406,21.376895904541016,284.9776306152344,141.60792541503906,106.3787612915039,26.188753128051758,74.10316467285156,25.726911544799805,11.869999885559082
2019-11-26,1773.5,58.40999984741211,15.995440483093262,98.25,1459.800048828125,2.674499988555908,109.12767028808594,21.58549690246582,21.406497955322266,285.6233215332031,142.1931610107422,107.09801483154297,26.3203125,74.31936645507812,25.84839630126953,11.539999961853027
2019-11-27,1785.25,58.11000061035156,16.056594848632812,98.41000366210938,1453.4000244140625,2.674499988555908,108.9729995727539,21.668489456176758,21.475566864013672,286.8964538574219,142.1656951904297,106.99251556396484,26.42555809020996,74.247314453125,25.95119285583496,11.75
2019-11-29,1785.0,55.16999816894531,15.838194847106934,98.2699966430664,1465.5999755859375,2.6419999599456787,108.5323715209961,21.42705535888672,21.500232696533203,285.8323669433594,141.2147216796875,106.3116455078125,26.329086303710938,73.90499877929688,25.84839630126953,12.619999885559082
2019-12-02,1806.75,55.959999084472656,15.76830768585205,97.86000061035156,1462.300048828125,2.632499933242798,106.15115356445312,21.49495506286621,21.253559112548828,283.404296875,139.23040771484375,104.5950698852539,26.06596565246582,72.68887329101562,26.007265090942383,14.90999984741211
2019-12-03,1782.5,56.099998474121094,15.523703575134277,97.73999786376953,1478.199951171875,2.6080000400543213,105.80432891845703,21.26861572265625,20.998001098632812,281.50372314453125,137.77650451660156,104.57592010498047,25.899328231811523,71.89610290527344,25.988574981689453,15.960000038146973
2019-12-04,1771.5,58.43000030517578,15.811990737915039,97.6500015258789,1474.0,2.6440000534057617,105.97306060791016,21.464780807495117,21.21409034729004,283.24072265625,138.17881774902344,104.8156509399414,25.95633316040039,72.1753921508789,26.28761863708496,14.800000190734863
2019-12-05,1764.75,58.43000030517578,15.829461097717285,97.41000366210938,1476.9000244140625,2.6484999656677246,106.04806518554688,21.404422760009766,21.302892684936523,283.7499084472656,138.4623260498047,104.9690933227539,26.087892532348633,72.19339752197266,26.51189613342285,14.520000457763672
2019-12-06,1770.5,59.20000076293945,16.109010696411133,97.69999694824219,1459.0999755859375,2.7109999656677246,107.1917724609375,21.766571044921875,21.460763931274414,286.3416442871094,140.16310119628906,105.93765258789062,26.355390548706055,73.0672378540039,26.726835250854492,13.619999885559082
2019-12-09,1775.5,59.02000045776367,16.27499008178711,97.63999938964844,1459.300048828125,2.746500015258789,106.427734375,21.89483070373535,21.406497955322266,285.4414367675781,139.6236114501953,105.20883178710938,26.302766799926758,72.7879638671875,26.979150772094727,15.859999656677246
2019-12-10,1772.5,59.2400016784668,16.379819869995117,97.41000366210938,1462.5999755859375,2.755500078201294,106.18399810791016,22.030635833740234,21.431161880493164,285.123046875,139.26699829101562,105.22801971435547,26.144899368286133,72.69786834716797,27.053911209106445,15.680000305175781
2019-12-11,1775.5,58.7599983215332,16.781673431396484,97.16000366210938,1469.4000244140625,2.7825000286102295,106.87303924560547,22.347517013549805,21.529834747314453,285.93255615234375,140.30946350097656,105.74586486816406,26.342239379882812,73.15730285644531,27.306228637695312,14.989999771118164
2019-12-12,1786.75,59.18000030517578,17.305828094482422,97.4000015258789,1466.699951171875,2.7894999980926514,106.92460632324219,22.641759872436523,21.737043380737305,288.3968505859375,141.40673828125,106.09107208251953,26.71059799194336,73.80589294433594,27.586578369140625,13.9399995803833
2019-12-13,1777.0,60.06999969482422,17.270885467529297,97.16999816894531,1475.5999755859375,2.7804999351501465,106.63395690917969,22.807743072509766,21.786378860473633,288.5697937011719,140.9770050048828,106.0047836303711,26.50448989868164,73.60771942138672,27.296884536743164,12.630000114440918
2019-12-16,1784.75,60.209999084472656,17.498016357421875,97.06999969482422,1475.0,2.820499897003174,105.850830078125,23.13437271118164,22.008386611938477,290.5521545410156,141.13584899902344,105.98561096191406,26.618505477905273,73.57167053222656,27.091289520263672,12.140000343322754
2019-12-17,1774.25,60.939998626708984,17.314563751220703,97.20999908447266,1474.5999755859375,2.819499969482422,105.13031768798828,23.080322265625,21.92451286315918,290.61590576171875,141.0715789794922,105.01702880859375,26.657976150512695,73.49961853027344,27.18474006652832,12.289999961853027
2019-12-18,1788.75,60.93000030517578,17.288358688354492,97.41000366210938,1472.5999755859375,2.816999912261963,104.4757080078125,22.995380401611328,22.069561004638672,290.63409423828125,140.45619201660156,104.10600280761719,26.622894287109375,73.19332885742188,27.371646881103516,12.579999923706055
2019-12-19,1807.25,61.220001220703125,17.349506378173828,97.41999816894531,1478.199951171875,2.8315000534057617,105.10675048828125,22.949052810668945,22.047853469848633,291.8253479003906,140.7501678466797,104.42247772216797,26.71498680114746,73.3915023803711,27.063255310058594,12.5
2019-12-20,1808.25,60.439998626708984,17.20973014831543,97.70999908447266,1474.699951171875,2.811000108718872,105.48821258544922,22.92588233947754,22.037982940673828,293.1047668457031,141.5399932861328,105.42939758300781,26.84462547302246,73.72919464111328,26.747905731201172,12.510000228881836
2019-12-23,1818.25,60.52000045776367,17.16604995727539,97.66000366210938,1482.5,2.816999912261963,106.63255310058594,22.84866714477539,22.008386611938477,293.5525207519531,142.32070922851562,105.91519927978516,26.919584274291992,74.33576202392578,27.08577537536621,12.609999656677246
2019-12-24,1823.0,61.11000061035156,17.29709243774414,97.6500015258789,1499.0999755859375,2.8385000228881836,106.0062255859375,22.85638999938965,22.05278778076172,293.561767578125,141.84310913085938,105.46394348144531,26.95044708251953,74.03700256347656,27.357952117919922,12.670000076293945
2019-12-26,1823.0,61.68000030517578,17.515491485595703,97.58999633789062,1509.300048828125,2.864500045776367,105.91204071044922,22.964496612548828,22.126787185668945,295.12445068359375,142.2380828857422,105.35833740234375,27.069501876831055,74.20901489257812,27.489343643188477,12.649999618530273
2019-12-27,1835.5,61.720001220703125,17.646528244018555,96.91999816894531,1513.800048828125,2.8364999294281006,105.63420104980469,23.0494327545166,22.181093215942383,295.0513000488281,141.99005126953125,104.71508026123047,26.968082427978516,74.14562225341797,27.386106491088867,13.430000305175781
2019-12-30,1834.0,61.68000030517578,17.834861755371094,96.73999786376953,1514.5,2.827500104904175,105.31077575683594,23.055620193481445,22.098155975341797,293.4245300292969,141.4757080078125,105.32954406738281,26.884305953979492,73.80162811279297,27.367340087890625,14.819999694824219
2019-12-31,1824.5,61.060001373291016,17.79982566833496,96.38999938964844,1519.5,2.7939999103546143,104.85282135009766,22.99374771118164,22.166284561157227,294.13739013671875,141.33795166015625,104.7535171508789,27.082727432250977,73.75634765625,27.489343643188477,13.779999732971191
2020-01-02,1812.5,61.18000030517578,18.141456604003906,96.8499984741211,1524.5,2.8329999446868896,107.35513305664062,23.202571868896484,22.24527359008789,296.88812255859375,143.65255737304688,107.33612060546875,26.7652530670166,75.1505355834961,27.367340087890625,12.470000267028809
2020-01-03,1830.0,63.04999923706055,17.633390426635742,96.83999633789062,1549.199951171875,2.7985000610351562,108.58270263671875,22.839065551757812,22.11197853088379,294.6400451660156,143.5239715576172,109.19861602783203,26.333127975463867,75.00568389892578,27.123319625854492,14.020000457763672
2020-01-06,1842.0,63.27000045776367,17.537033081054688,96.66999816894531,1566.199951171875,2.80049991607666,108.72907257080078,22.723052978515625,22.032989501953125,295.76409912109375,143.5147247314453,108.94903564453125,26.218482971191406,75.0328598022461,26.869916915893555,13.850000381469727
2020-01-07,1822.0,62.70000076293945,17.633390426635742,96.9800033569336,1571.800048828125,2.803999900817871,109.2200927734375,22.761720657348633,22.121850967407227,294.9325256347656,143.25759887695312,109.93791198730469,26.187618255615234,74.8789291381836,27.001314163208008,13.789999961853027
2020-01-08,1802.75,59.61000061035156,17.52827262878418,97.30000305175781,1557.4000244140625,2.819000005722046,108.49300384521484,22.9782772064209,22.354867935180664,296.50433349609375,143.6892852783203,109.82266998291016,26.280216217041016,75.13243865966797,26.550825119018555,13.449999809265137
2020-01-09,1803.5,59.560001373291016,17.431915283203125,97.44999694824219,1551.699951171875,2.810499906539917,109.31453704833984,22.78492546081543,22.62540626525879,298.514892578125,144.2036590576172,110.48513793945312,26.37721824645996,75.44929504394531,26.109718322753906,12.539999961853027
2020-01-10,1811.5,59.040000915527344,17.580829620361328,97.36000061035156,1557.5,2.81850004196167,107.91699981689453,22.723052978515625,22.516796112060547,297.65582275390625,143.3035125732422,109.24664306640625,26.271398544311523,74.9151611328125,25.86570167541504,12.5600004196167
2020-01-13,1798.0,58.08000183105469,17.957500457763672,97.3499984741211,1548.4000244140625,2.8615000247955322,108.79517364501953,23.102027893066406,22.75376319885254,299.7029113769531,144.5251007080078,110.36032104492188,26.610918045043945,75.53076934814453,26.090944290161133,12.319999694824219
2020-01-14,1809.0,58.22999954223633,18.001298904418945,97.37000274658203,1542.4000244140625,2.875999927520752,108.76210021972656,23.225772857666016,22.842626571655273,299.2459411621094,144.49757385253906,110.28353881835938,26.500680923461914,75.53983306884766,26.37250328063965,12.390000343322754
2020-01-15,1800.25,57.810001373291016,17.6947078704834,97.2300033569336,1552.0999755859375,2.869999885559082,109.01236724853516,22.9782772064209,22.820903778076172,299.9221496582031,144.78225708007812,110.61955261230469,26.681472778320312,75.65750885009766,26.29741668701172,12.420000076293945
2020-01-16,1811.0,58.52000045776367,17.668428421020508,97.31999969482422,1549.0,2.8519999980926514,110.25407409667969,23.094289779663086,22.73401641845703,302.4170837402344,146.4080352783203,111.84842681884766,26.840213775634766,76.40894317626953,26.203571319580078,12.319999694824219
2020-01-17,1809.25,58.540000915527344,17.834861755371094,97.61000061035156,1558.800048828125,2.8494999408721924,109.63558959960938,23.395925521850586,22.81596565246582,303.3583679199219,146.27023315429688,111.68522644042969,26.959266662597656,76.41799926757812,25.771848678588867,12.100000381469727
2020-01-21,1827.0,58.34000015258789,17.256717681884766,97.52999877929688,1556.4000244140625,2.7985000610351562,108.77627563476562,22.87000274658203,22.679712295532227,302.7642822265625,144.8925323486328,111.12837982177734,26.668243408203125,75.5760269165039,25.039798736572266,12.850000381469727
2020-01-22,1814.0,56.7400016784668,17.10780143737793,97.52999877929688,1555.300048828125,2.7669999599456787,108.07279205322266,22.955076217651367,22.74882698059082,302.8008728027344,144.13937377929688,110.56194305419922,26.562421798706055,75.17770385742188,24.93656349182129,12.90999984741211
2020-01-23,1792.5,55.59000015258789,16.66105842590332,97.69000244140625,1564.5999755859375,2.7260000705718994,109.1776351928711,22.645708084106445,22.758699417114258,303.14813232421875,145.3426055908203,111.22439575195312,26.53154945373535,75.99250793457031,24.758241653442383,12.979999542236328
2020-01-24,1786.0,54.189998626708984,16.46834373474121,97.8499984741211,1571.0999755859375,2.685499906539917,109.43255615234375,22.22806167602539,22.65009117126465,300.4522399902344,144.5894012451172,110.88835906982422,26.34194564819336,75.63941955566406,24.40160369873047,14.5600004196167
2020-01-27,1769.75,53.13999938964844,15.732521057128906,97.95999908447266,1576.800048828125,2.5964999198913574,108.61575317382812,21.346364974975586,22.314388275146484,295.63616943359375,142.04515075683594,110.42754364013672,25.77313232421875,74.20901489257812,23.922954559326172,18.229999542236328
2020-01-28,1764.5,53.47999954223633,15.872678756713867,98.0199966430664,1569.199951171875,2.5794999599456787,109.53641510009766,21.555187225341797,22.447683334350586,298.7342529296875,143.1106414794922,111.36841583251953,26.064151763916016,74.68883514404297,23.575702667236328,16.280000686645508
2020-01-29,1743.0,53.33000183105469,15.872678756713867,97.98999786376953,1569.800048828125,2.553499937057495,109.58837127685547,21.524253845214844,22.52667236328125,298.4874267578125,143.5791015625,110.80195617675781,26.147930145263672,75.0871810913086,23.754016876220703,16.389999389648438
2020-01-30,1751.75,52.13999938964844,15.697484970092773,97.87000274658203,1583.5,2.5234999656677246,109.65447998046875,21.431438446044922,22.34400749206543,299.45611572265625,143.68008422851562,110.36032104492188,25.984785079956055,75.16861724853516,23.8291015625,15.489999771118164
2020-01-31,1741.75,51.560001373291016,15.320815086364746,97.38999938964844,1582.9000244140625,2.5199999809265137,107.50621032714844,20.835908889770508,22.091243743896484,294.0186462402344,140.48377990722656,108.05614471435547,25.41156005859375,73.43042755126953,23.359848022460938,18.84000015258789
2020-02-03,1706.75,50.11000061035156,15.294534683227539,97.80000305175781,1577.199951171875,2.513000011444092,107.32209014892578,20.758563995361328,22.023117065429688,296.2027282714844,140.62152099609375,108.2193832397461,25.945100784301758,73.40328216552734,23.55693244934082,17.969999313354492
2020-02-04,1712.0,49.61000061035156,15.995316505432129,97.95999908447266,1550.4000244140625,2.547499895095825,109.11624145507812,21.50878143310547,22.521732330322266,300.7172546386719,143.2208709716797,110.78275299072266,26.4036808013916,74.78841400146484,24.11066246032715,16.049999237060547
2020-02-05,1728.0,50.75,16.2756290435791,98.2699966430664,1557.800048828125,2.5789999961853027,110.90090942382812,21.833616256713867,22.756725311279297,304.1899719238281,145.6089630126953,111.76202392578125,26.893125534057617,76.03775024414062,25.105499267578125,15.149999618530273
2020-02-06,1757.0,50.95000076293945,16.18802833557129,98.5,1565.0999755859375,2.5985000133514404,112.194580078125,21.802682876586914,22.595787048339844,305.2134704589844,145.66409301757812,112.43408966064453,26.879898071289062,76.28221130371094,25.049184799194336,14.960000038146973
2020-02-07,1737.0,50.31999969482422,15.609886169433594,98.68000030517578,1568.5999755859375,2.559000015258789,112.06237030029297,21.28449249267578,22.284767150878906,303.58685302734375,144.5894012451172,112.48208618164062,26.49627685546875,75.72994232177734,24.457918167114258,15.470000267028809
2020-02-10,1724.5,49.56999969482422,15.644926071166992,98.83000183105469,1574.699951171875,2.557499885559082,112.77057647705078,21.2071475982666,22.334135055541992,305.8532409667969,145.2782745361328,113.16374206542969,26.483049392700195,76.15545654296875,24.420377731323242,15.039999961853027
2020-02-11,1749.75,49.939998626708984,15.97779655456543,98.72000122070312,1565.5999755859375,2.5885000228881836,112.77531433105469,21.470111846923828,22.57208824157715,306.3832702636719,145.97634887695312,113.73019409179688,26.628562927246094,76.44514465332031,24.701929092407227,15.180000305175781
2020-02-12,1749.0,51.16999816894531,16.555940628051758,99.05000305175781,1567.4000244140625,2.6059999465942383,113.21910858154297,21.81814956665039,22.985794067382812,308.3572998046875,147.3540802001953,114.39263916015625,26.77407455444336,77.16035461425781,24.457918167114258,13.739999771118164
2020-02-13,1754.75,51.41999816894531,16.32818603515625,99.06999969482422,1575.0999755859375,2.619499921798706,112.62422943115234,21.609325408935547,22.985794067382812,308.0282287597656,146.75704956054688,114.24861907958984,26.677066802978516,76.72579193115234,24.42975616455078,14.149999618530273
2020-02-14,1739.5,52.04999923706055,16.28438949584961,99.12000274658203,1582.699951171875,2.6054999828338623,112.41175842285156,21.51651954650879,22.90680503845215,308.5217590332031,146.58253479003906,113.80701446533203,26.681472778320312,76.626220703125,24.054349899291992,13.680000305175781
2020-02-18,1718.75,52.04999923706055,16.03035545349121,99.45999908447266,1600.0,2.609999895095825,111.58078002929688,21.346364974975586,22.709333419799805,307.7266540527344,145.83860778808594,112.64530181884766,26.615327835083008,76.19164276123047,24.270204544067383,14.829999923706055
2020-02-19,1718.75,53.290000915527344,16.117952346801758,99.5999984741211,1607.5,2.612499952316284,111.41552734375,21.377302169799805,22.87520980834961,309.1979675292969,145.97634887695312,112.63569641113281,26.685882568359375,76.16450500488281,24.55176544189453,14.380000114440918
2020-02-20,1709.5,53.779998779296875,15.933995246887207,99.87000274658203,1616.5999755859375,2.5950000286102295,110.70262908935547,21.191680908203125,22.985794067382812,307.92767333984375,145.86611938476562,112.12686157226562,26.72997283935547,76.05585479736328,24.20451545715332,15.5600004196167
2020-02-21,1704.0,53.380001068115234,15.662442207336426,99.26000213623047,1644.5999755859375,2.618000030517578,110.40987396240234,21.021528244018555,22.669837951660156,304.756591796875,145.204833984375,111.87722778320312,26.606510162353516,75.67559814453125,24.073122024536133,17.079999923706055
2020-02-24,1693.25,51.43000030517578,14.90034294128418,99.29000091552734,1672.4000244140625,2.5924999713897705,107.06243133544922,19.938743591308594,21.593612670898438,294.649169921875,140.83277893066406,108.67057800292969,25.856910705566406,73.52098846435547,23.3504581451416,25.030000686645508
2020-02-25,1697.5,49.900001525878906,14.497395515441895,98.97000122070312,1646.9000244140625,2.5964999198913574,101.74612426757812,19.40508270263672,20.88271141052246,285.7207946777344,135.22080993652344,102.27649688720703,24.741321563720703,70.52436828613281,22.505788803100586,27.850000381469727
2020-02-26,1684.5,48.72999954223633,14.374760627746582,99.0,1640.0,2.5764999389648438,101.0284652709961,19.30453872680664,20.788911819458008,284.6696472167969,133.8981475830078,101.4028549194336,24.657546997070312,69.990234375,22.130374908447266,27.559999465942383
2020-02-27,1683.75,47.09000015258789,13.840415000915527,98.44000244140625,1640.0,2.571500062942505,97.08611297607422,18.57752799987793,20.19748306274414,271.8847351074219,128.9750213623047,97.87937927246094,23.502267837524414,67.39197540283203,21.173086166381836,39.15999984741211
2020-02-28,1684.0,44.7599983215332,13.665220260620117,98.12999725341797,1564.0999755859375,2.5460000038146973,94.84817504882812,18.175344467163086,19.598154067993164,270.7424621582031,127.49622344970703,95.98805236816406,23.246532440185547,66.16071319580078,20.769521713256836,40.11000061035156
2020-03-02,1708.0,46.75,14.068167686462402,97.36000061035156,1592.300048828125,2.6010000705718994,97.81318664550781,18.678068161010742,20.201431274414062,282.4673156738281,131.08758544921875,98.64745330810547,24.243059158325195,68.48738861083984,21.313859939575195,33.41999816894531
2020-03-03,1717.25,47.18000030517578,13.779095649719238,97.1500015258789,1642.0999755859375,2.5794999599456787,96.22207641601562,18.562057495117188,19.74724578857422,274.3795471191406,127.8819808959961,97.3609390258789,24.031402587890625,66.81256103515625,21.022924423217773,36.81999969482422
2020-03-04,1721.25,46.779998779296875,13.998090744018555,97.33999633789062,1641.0999755859375,2.5929999351501465,99.70648956298828,19.087980270385742,20.142189025878906,285.9126281738281,133.2184600830078,101.48925018310547,25.02793312072754,69.57377624511719,21.52972412109375,31.989999771118164
2020-03-05,1709.25,45.900001525878906,13.673978805541992,96.81999969482422,1666.4000244140625,2.5824999809265137,93.32787322998047,18.407371520996094,19.401668548583984,276.4084167480469,126.9726333618164,95.70001983642578,24.23423957824707,66.1697769165039,20.72258949279785,39.619998931884766
2020-03-06,1675.25,41.279998779296875,13.22723388671875,95.94999694824219,1670.800048828125,2.572999954223633,92.0861587524414,17.889179229736328,18.78456687927246,271.8390197753906,125.40209197998047,93.68389129638672,23.603687286376953,65.59037780761719,20.009313583374023,41.939998626708984
2020-03-09,1660.75,31.1299991607666,11.527839660644531,94.9000015258789,1674.5,2.5239999294281006,83.25712585449219,15.38330364227295,17.288713455200195,250.6099395751953,113.97598266601562,85.13922882080078,21.394561767578125,59.542842864990234,17.418991088867188,54.459999084472656
2020-03-10,1686.0,34.36000061035156,12.3862943649292,96.41000366210938,1659.0999755859375,2.5339999198913574,86.54792785644531,16.77545738220215,18.02923583984375,263.5777282714844,119.69625854492188,88.43228149414062,22.263219833374023,62.62998580932617,18.104114532470703,47.29999923706055
2020-03-11,1681.0,32.97999954223633,11.422719955444336,96.51000213623047,1641.4000244140625,2.51200008392334,78.69627380371094,15.646265983581543,17.10111427307129,250.72877502441406,112.42933654785156,82.07659912109375,21.204957962036133,58.95438766479492,16.7244815826416,53.900001525878906
2020-03-12,1655.5,31.5,10.143798828125,97.47000122070312,1589.300048828125,2.4809999465942383,69.95223236083984,13.921540260314941,15.562803268432617,226.7397003173828,100.78567504882812,72.58147430419922,19.163393020629883,52.852535247802734,14.809897422790527,75.47000122070312
2020-03-13,1668.0,31.729999542236328,11.15117073059082,98.75,1515.699951171875,2.4739999771118164,74.30535125732422,15.120338439941406,16.350719451904297,246.12278747558594,108.44039916992188,77.41063690185547,20.508270263671875,56.98078155517578,15.776576042175293,57.83000183105469
2020-03-16,1677.75,28.700000762939453,9.206504821777344,98.08999633789062,1485.9000244140625,2.3984999656677246,63.35171890258789,13.612174034118652,14.484604835510254,219.19117736816406,96.01187133789062,67.10906219482422,18.250640869140625,50.516807556152344,14.640962600708008,82.69000244140625
2020-03-17,1653.0,26.950000762939453,10.283953666687012,99.58000183105469,1524.9000244140625,2.315500020980835,64.70675659179688,14.401060104370117,15.294240951538086,231.02578735351562,99.67760467529297,70.55574798583984,19.379451751708984,52.843475341796875,16.05813217163086,75.91000366210938
2020-03-18,1631.5,20.3700008392334,9.180225372314453,101.16000366210938,1477.300048828125,2.1605000495910645,58.26676940917969,12.715008735656738,14.237764358520508,219.32823181152344,91.79205322265625,63.806419372558594,18.140405654907227,48.950599670410156,13.674285888671875,76.44999694824219
2020-03-19,1625.5,25.219999313354492,9.39921760559082,102.76000213623047,1478.5999755859375,2.200000047683716,59.27716064453125,12.92383098602295,14.879549026489258,219.79428100585938,93.01090240478516,65.6209487915039,18.6033935546875,48.98681640625,14.284324645996094,72.0
2020-03-20,1588.25,22.43000030517578,9.162704467773438,102.81999969482422,1484.0,2.190500020980835,57.01087951660156,12.761414527893066,14.563593864440918,210.32247924804688,88.4032974243164,62.51991653442383,17.93756866455078,46.53340148925781,13.646126747131348,66.04000091552734
2020-03-23,1559.0,23.360000610351562,8.479443550109863,102.48999786376953,1567.0,2.119499921798706,55.481143951416016,12.529389381408691,14.375994682312012,204.94488525390625,84.84833526611328,61.35145950317383,17.02315902709961,44.49523162841797,13.50550365447998,61.59000015258789
2020-03-24,1559.25,24.010000228881836,9.767127990722656,101.73999786376953,1660.199951171875,2.197499990463257,62.303565979003906,14.23090934753418,15.531208038330078,223.51356506347656,94.94998931884766,67.40158081054688,19.025096893310547,50.12440490722656,15.223186492919922,61.66999816894531
2020-03-25,1547.5,24.489999771118164,10.432868957519531,101.05000305175781,1632.300048828125,2.2339999675750732,68.66679382324219,14.826438903808594,16.094005584716797,226.85958862304688,99.65916442871094,72.20491790771484,19.46898651123047,52.76109313964844,15.326996803283691,63.95000076293945
2020-03-26,1530.75,22.600000381469727,10.529226303100586,99.41999816894531,1650.0999755859375,2.2079999446868896,75.54911041259766,15.19768238067627,16.68642234802246,240.10586547851562,106.1042709350586,79.52106475830078,20.38340187072754,56.091163635253906,15.610137939453125,61.0
2020-03-27,1539.0,21.510000228881836,10.091240882873535,98.37000274658203,1623.9000244140625,2.197000026702881,70.78514862060547,14.455204010009766,16.45932960510254,232.95419311523438,101.4874267578125,75.15264129638672,19.646543502807617,53.728187561035156,14.789044380187988,65.54000091552734
2020-03-30,1530.0,20.09000015258789,9.977362632751465,99.18000030517578,1622.0,2.1619999408721924,70.09169006347656,14.671757698059082,16.915489196777344,240.51956176757812,103.15872192382812,74.91101837158203,20.272428512573242,54.51280212402344,15.01555347442627,57.08000183105469
2020-03-31,1512.0,20.479999542236328,10.362792015075684,99.05000305175781,1583.4000244140625,2.240000009536743,68.32477569580078,14.926983833312988,16.95301055908203,236.93447875976562,101.85677337646484,73.53861999511719,19.99277687072754,53.8376579284668,15.223186492919922,53.540000915527344
2020-04-01,1488.75,20.309999465942383,9.81092643737793,99.66999816894531,1578.199951171875,2.191999912261963,64.81948852539062,14.416528701782227,15.69905948638916,226.2712860107422,97.00910949707031,68.75460052490234,19.0916805267334,51.41082000732422,14.921175003051758,57.060001373291016
2020-04-02,1492.5,25.31999969482422,10.073720932006836,100.18000030517578,1625.699951171875,2.2330000400543213,64.52025604248047,14.787773132324219,15.797796249389648,231.49256896972656,98.31104278564453,69.33450317382812,19.38020896911621,52.09507369995117,15.213751792907715,50.90999984741211
2020-04-03,1478.0,28.34000015258789,9.968603134155273,100.58000183105469,1633.699951171875,2.2100000381469727,64.54874420166016,14.408795356750488,15.471966743469238,228.14651489257812,96.2426986694336,68.79328155517578,18.91412353515625,51.40169143676758,14.807920455932617,46.79999923706055
2020-04-06,1457.5,26.079999923706055,10.546747207641602,100.69000244140625,1677.0,2.234999895095825,69.75447082519531,15.228620529174805,16.903642654418945,243.47030639648438,103.24182891845703,73.8382339477539,20.321250915527344,54.959861755371094,15.912149429321289,45.2400016784668
2020-04-07,1473.0,23.6299991607666,11.10737133026123,99.9800033569336,1664.800048828125,2.2885000705718994,68.83299255371094,15.476114273071289,16.834524154663086,243.71849060058594,103.43573760986328,73.04572296142578,20.8627986907959,54.832122802734375,15.940463066101074,46.70000076293945
2020-04-08,1452.0,25.09000015258789,11.32636547088623,100.12000274658203,1665.4000244140625,2.2780001163482666,71.69709777832031,15.700401306152344,17.24625587463379,251.8997039794922,107.40621948242188,76.15776062011719,21.883747100830078,56.821048736572266,16.421785354614258,43.349998474121094
2020-04-09,1460.25,22.760000228881836,11.738072395324707,99.5199966430664,1736.199951171875,2.2774999141693115,73.85345458984375,16.125783920288086,17.74289894104004,255.73297119140625,109.57613372802734,77.99406433105469,22.824792861938477,57.678646087646484,17.53544807434082,41.66999816894531
2020-04-13,1460.25,22.40999984741211,11.764350891113281,99.3499984741211,1744.800048828125,2.320499897003174,71.54508972167969,16.087114334106445,17.499021530151367,253.3980255126953,106.11351013183594,75.82916259765625,22.32319450378418,55.990806579589844,17.507137298583984,41.16999816894531
2020-04-14,1475.0,20.110000610351562,12.307456016540527,98.88999938964844,1756.699951171875,2.3469998836517334,72.74203491210938,16.38101577758789,18.10328483581543,260.8715515136719,108.0987548828125,77.17253112792969,22.611722946166992,57.058250427246094,17.695892333984375,37.7599983215332
2020-04-15,1475.25,19.8700008392334,11.56287956237793,99.45999908447266,1727.199951171875,2.3125,71.22686767578125,15.537985801696777,17.487173080444336,255.3285369873047,104.83002471923828,75.01736450195312,21.573022842407227,55.47988510131836,16.667171478271484,40.84000015258789
2020-04-16,1499.5,19.8700008392334,11.501562118530273,100.02999877929688,1720.4000244140625,2.304500102996826,70.13917541503906,15.507047653198242,17.584922790527344,256.5603332519531,103.943603515625,73.54829406738281,21.44873046875,54.98721694946289,16.619979858398438,40.11000061035156
2020-04-17,1502.5,18.270000457763672,11.860711097717285,99.77999877929688,1689.199951171875,2.3534998893737793,74.84142303466797,16.087114334106445,18.18227767944336,263.491455078125,108.77281188964844,78.0906982421875,22.309877395629883,57.56916809082031,16.94086456298828,38.150001525878906
2020-04-20,1491.0,-37.630001068115234,11.68551254272461,99.95999908447266,1701.5999755859375,2.3345000743865967,72.51879119873047,15.568922996520996,18.19708824157715,258.8492126464844,105.95655059814453,75.92581939697266,21.759458541870117,56.03642272949219,16.837051391601562,43.83000183105469
2020-04-21,1484.0,10.010000228881836,11.27380657196045,100.26000213623047,1678.199951171875,2.2669999599456787,70.03944396972656,14.996596336364746,17.456565856933594,250.98973083496094,103.25106048583984,72.61082458496094,21.222349166870117,54.71353530883789,16.468978881835938,45.40999984741211
2020-04-22,1510.0,13.779999732971191,11.720555305480957,100.38999938964844,1728.699951171875,2.317500114440918,70.78514862060547,15.360103607177734,17.772520065307617,256.5603332519531,104.28524017333984,73.94454956054688,21.639606475830078,55.28829574584961,16.846485137939453,41.97999954223633
2020-04-23,1501.25,16.5,11.957066535949707,100.43000030517578,1733.300048828125,2.3239998817443848,71.02738189697266,15.592124938964844,17.673784255981445,256.54193115234375,105.3101806640625,74.05086517333984,21.79052734375,55.726226806640625,16.97861671447754,41.380001068115234
2020-04-24,1499.5,16.940000534057617,12.141020774841309,100.37999725341797,1723.5,2.3480000495910645,70.60943603515625,15.75454330444336,17.75277328491211,260.1177062988281,106.23355102539062,73.77058410644531,22.132320404052734,56.17327117919922,16.97861671447754,35.93000030517578
2020-04-27,1497.25,12.779999732971191,12.254899978637695,100.04000091552734,1711.9000244140625,2.381999969482422,71.74933624267578,16.07938003540039,18.364938735961914,263.8683166503906,109.18832397460938,76.07079315185547,22.72269630432129,57.56916809082031,17.516576766967773,33.290000915527344
2020-04-28,1492.0,12.34000015258789,12.307456016540527,99.87000274658203,1710.5,2.378999948501587,73.11725616455078,16.14125633239746,18.493295669555664,262.6549377441406,111.29361724853516,77.89738464355469,23.144390106201172,58.64573669433594,17.87520980834961,33.56999969482422
2020-04-29,1502.5,15.0600004196167,13.13963508605957,99.56999969482422,1703.4000244140625,2.374500036239624,75.63935852050781,16.937875747680664,19.31280517578125,269.53076171875,114.20220947265625,81.18341827392578,23.734764099121094,59.76793670654297,19.092687606811523,31.229999542236328
2020-04-30,1491.25,18.84000015258789,12.622809410095215,99.0199966430664,1684.199951171875,2.3540000915527344,73.9817123413086,16.473825454711914,18.93760871887207,267.021240234375,111.5244369506836,78.61258697509766,23.028982162475586,58.58187484741211,18.2432861328125,34.150001525878906
2020-05-01,1489.5,19.780000686645508,12.193581581115723,98.80000305175781,1694.5,2.31850004196167,71.44060516357422,15.777745246887207,18.073665618896484,259.9523010253906,107.9879379272461,75.99346923828125,22.545143127441406,56.811920166015625,17.837459564208984,37.189998626708984
2020-05-04,1479.0,20.389999389648438,12.123502731323242,99.4800033569336,1706.9000244140625,2.3239998817443848,70.02995300292969,15.862820625305176,18.27607536315918,260.6693115234375,106.7044677734375,74.52442169189453,22.62504005432129,56.091163635253906,18.177223205566406,35.970001220703125
2020-05-05,1482.25,24.559999465942383,12.307456016540527,99.70999908447266,1704.4000244140625,2.3410000801086426,70.03467559814453,15.932430267333984,18.414306640625,263.07769775390625,107.27696228027344,74.9013442993164,22.6827449798584,56.31013107299805,18.082843780517578,33.61000061035156
2020-05-06,1477.75,23.989999771118164,12.219860076904297,100.08999633789062,1684.199951171875,2.3524999618530273,68.60028076171875,15.839621543884277,18.631526947021484,261.2943115234375,105.88265991210938,73.4516830444336,22.2921199798584,55.534629821777344,17.686452865600586,34.119998931884766
2020-05-07,1479.25,23.549999237060547,12.508930206298828,99.88999938964844,1721.800048828125,2.385499954223633,69.3697280883789,16.14125633239746,18.739147186279297,264.44732666015625,107.3046646118164,74.40845489501953,22.74932861328125,56.18239974975586,18.016775131225586,31.440000534057617
2020-05-08,1479.25,24.739999771118164,12.780485153198242,99.7300033569336,1709.9000244140625,2.4084999561309814,72.08181762695312,16.620777130126953,19.046218872070312,268.82293701171875,110.24097442626953,78.76725006103516,23.29531478881836,57.57829284667969,19.10212516784668,27.979999542236328
2020-05-11,1482.75,24.139999389648438,12.692886352539062,100.23999786376953,1695.300048828125,2.381999969482422,71.04163360595703,16.295940399169922,18.94254493713379,268.878173828125,108.8282241821289,77.7041015625,22.940204620361328,56.8575325012207,18.55473518371582,27.56999969482422
2020-05-12,1469.75,25.780000686645508,12.395055770874023,99.93000030517578,1704.4000244140625,2.3605000972747803,69.3744888305664,15.947901725769043,18.572284698486328,263.5189208984375,105.54102325439453,75.0849838256836,22.589529037475586,55.26092529296875,17.714767456054688,33.040000915527344
2020-05-13,1467.5,25.290000915527344,12.13226318359375,100.23999786376953,1713.9000244140625,2.3489999771118164,67.30359649658203,15.700401306152344,17.940372467041016,258.8583984375,102.57701110839844,73.08438873291016,22.11457061767578,53.8741569519043,17.091875076293945,35.279998779296875
2020-05-14,1467.5,27.559999465942383,12.08846378326416,100.47000122070312,1738.0999755859375,2.3510000705718994,67.02812194824219,15.831887245178223,17.994678497314453,261.9562683105469,103.68504333496094,72.30155944824219,22.38534164428711,54.43980407714844,17.3750057220459,32.61000061035156
2020-05-15,1467.5,29.43000030517578,12.298697471618652,100.4000015258789,1753.4000244140625,2.3334999084472656,66.82862854003906,16.07938003540039,18.216835021972656,263.1604309082031,103.73120880126953,72.45618438720703,22.58065414428711,54.24822235107422,17.894084930419922,31.889999389648438
2020-05-18,1481.25,31.81999969482422,13.13963508605957,99.66999816894531,1731.800048828125,2.4049999713897705,71.90132904052734,17.340055465698242,19.421417236328125,271.1762390136719,110.66571807861328,77.57846069335938,23.6104793548584,57.82462692260742,19.036060333251953,29.299999237060547
2020-05-19,1478.5,32.5,13.192193031311035,99.37000274658203,1744.199951171875,2.4230000972747803,70.83739471435547,17.370988845825195,19.283185958862305,268.3908996582031,109.22525024414062,75.89682006835938,23.38409423828125,57.085628509521484,19.15875816345215,30.530000686645508
2020-05-20,1498.75,33.4900016784668,13.428706169128418,99.12000274658203,1750.5999755859375,2.4674999713897705,71.27912139892578,17.71903419494629,19.86573028564453,272.95037841796875,111.35823822021484,77.0952377319336,23.756961822509766,58.153072357177734,19.498510360717773,27.989999771118164
2020-05-21,1506.75,33.91999816894531,13.192193031311035,99.37000274658203,1720.5,2.4519999027252197,72.832275390625,17.448335647583008,19.875600814819336,271.0658874511719,111.5890884399414,78.01341247558594,23.53057289123535,58.28992462158203,19.21538543701172,29.530000686645508
2020-05-22,1489.75,33.25,12.99071979522705,99.86000061035156,1734.5999755859375,2.4089999198913574,72.675537109375,17.332317352294922,20.032594680786133,271.5807189941406,111.5244369506836,78.13903045654297,23.49506378173828,58.24430465698242,19.036060333251953,28.15999984741211
2020-05-26,1502.75,34.349998474121094,13.4812650680542,98.91000366210938,1704.800048828125,2.438499927520752,75.63935852050781,17.695825576782227,21.248035430908203,274.9267272949219,116.35366821289062,81.96625518798828,24.13870620727539,60.689395904541016,19.375822067260742,28.010000228881836
2020-05-27,1513.0,32.810001373291016,13.560101509094238,99.05999755859375,1710.300048828125,2.4024999141693115,79.41065216064453,18.082536697387695,21.445507049560547,279.0173034667969,120.28721618652344,85.83210754394531,24.382844924926758,62.71482849121094,20.102529525756836,27.6200008392334
2020-05-28,1530.75,33.709999084472656,13.568862915039062,98.37999725341797,1713.300048828125,2.4130001068115234,79.0876693725586,18.175344467163086,21.109804153442383,278.50262451171875,119.00371551513672,85.30057525634766,24.609230041503906,62.121795654296875,19.781648635864258,28.59000015258789
2020-05-29,1532.25,35.4900016784668,13.621419906616211,98.33999633789062,1736.9000244140625,2.426500082015991,78.1567153930664,18.214017868041992,21.03081512451172,279.7435607910156,118.15423583984375,85.12659454345703,24.613666534423828,61.73859786987305,19.668394088745117,27.510000228881836
2020-06-01,1535.75,35.439998626708984,14.120729446411133,97.83000183105469,1737.800048828125,2.4744999408721924,78.97366333007812,18.724470138549805,21.53437042236328,280.87420654296875,118.67134094238281,86.59562683105469,24.782346725463867,61.87545394897461,20.140287399291992,28.229999542236328
2020-06-02,1557.25,36.810001373291016,14.453598976135254,97.66999816894531,1725.199951171875,2.494499921798706,79.14942169189453,19.211727142333984,21.667665481567383,283.1998596191406,120.02867889404297,87.3494873046875,25.230669021606445,62.678306579589844,20.045907974243164,26.84000015258789
2020-06-03,1572.5,37.290000915527344,14.698870658874512,97.27999877929688,1697.800048828125,2.496500015258789,83.35767364501953,19.652576446533203,22.25020980834961,286.9688415527344,124.60858154296875,90.78045654296875,25.80328941345215,65.12339782714844,20.480043411254883,25.65999984741211
2020-06-04,1569.25,37.40999984741211,14.786469459533691,96.68000030517578,1718.9000244140625,2.493000030517578,84.72083282470703,19.513362884521484,22.067548751831055,286.2150573730469,125.91974639892578,91.89187622070312,25.89650535583496,65.8167953491211,20.88587188720703,25.809999465942383
2020-06-05,1596.75,39.54999923706055,15.180659294128418,96.94000244140625,1676.199951171875,2.556999921798706,88.75811004638672,20.108890533447266,22.335121154785156,293.55059814453125,130.66586303710938,94.91691589355469,26.557905197143555,68.23450469970703,21.697519302368164,24.520000457763672
2020-06-08,1617.5,38.189998626708984,15.320815086364746,96.62000274658203,1698.300048828125,2.569999933242798,92.06865692138672,20.511070251464844,22.429908752441406,297.09881591796875,132.9835205078125,97.66169738769531,26.593412399291992,69.60305786132812,22.480857849121094,25.809999465942383
2020-06-09,1613.0,38.939998626708984,15.154379844665527,96.31999969482422,1714.699951171875,2.6005001068115234,88.90058135986328,20.263582229614258,22.48223876953125,294.8835144042969,129.659423828125,95.02323150634766,26.269372940063477,67.86956787109375,22.09391212463379,27.56999969482422
2020-06-10,1633.0,39.599998474121094,15.329572677612305,95.95999908447266,1713.300048828125,2.6570000648498535,86.00801849365234,20.22490692138672,21.949064254760742,293.23797607421875,126.62153625488281,91.79522705078125,25.971965789794922,66.2455825805664,21.886280059814453,27.56999969482422
2020-06-11,1604.0,36.34000015258789,14.015610694885254,96.7300033569336,1732.0,2.5864999294281006,78.75518798828125,18.763145446777344,20.333738327026367,276.3331604003906,117.22163391113281,83.65754699707031,23.96558952331543,61.592620849609375,19.479637145996094,40.790000915527344
2020-06-12,1604.0,36.2599983215332,14.436078071594238,97.31999969482422,1729.300048828125,2.6015000343322754,81.23452758789062,19.265865325927734,20.787925720214844,279.6424255371094,119.41923522949219,86.17037963867188,24.431673049926758,62.78779602050781,20.12140655517578,36.09000015258789
2020-06-15,1572.0,37.119998931884766,14.418556213378906,96.68000030517578,1720.300048828125,2.56850004196167,81.91924285888672,19.236812591552734,20.991321563720703,282.2531433105469,120.82278442382812,87.04020690917969,24.68912696838379,63.408203125,20.366788864135742,34.400001525878906
2020-06-16,1593.5,38.380001068115234,14.593754768371582,96.95999908447266,1729.5999755859375,2.565999984741211,83.4857177734375,19.53518295288086,21.297405242919922,287.6858215332031,123.44515991210938,88.5188980102539,25.20403289794922,64.64897918701172,20.895301818847656,33.66999816894531
2020-06-17,1602.25,37.959999084472656,14.506156921386719,97.16000366210938,1729.199951171875,2.5920000076293945,82.3858413696289,19.49592399597168,21.27765655517578,286.4908142089844,122.33711242675781,87.26248931884766,24.99540901184082,64.18368530273438,20.37623405456543,33.470001220703125
2020-06-18,1607.75,38.84000015258789,14.427318572998047,97.41999816894531,1724.800048828125,2.5910000801086426,82.01445770263672,19.15044593811035,21.080184936523438,286.60113525390625,122.00469207763672,86.30567932128906,25.013168334960938,63.94648742675781,19.885465621948242,32.939998626708984
2020-06-19,1585.5,39.75,14.532435417175293,97.62000274658203,1745.9000244140625,2.615000009536743,80.28131866455078,18.88348960876465,20.833345413208008,284.9632263183594,120.47188568115234,84.55635833740234,24.93770408630371,63.161869049072266,19.77220916748047,35.119998931884766
2020-06-22,1595.25,40.459999084472656,14.865306854248047,97.04000091552734,1756.699951171875,2.6554999351501465,80.81459045410156,19.276073455810547,20.981447219848633,286.7912902832031,120.68879699707031,85.8634262084961,25.03009796142578,63.2681770324707,20.107812881469727,31.770000457763672
2020-06-23,1586.0,40.369998931884766,15.285772323608398,96.69000244140625,1772.0999755859375,2.6600000858306885,80.03372955322266,19.597993850708008,20.991321563720703,288.1116027832031,120.8000259399414,84.74117279052734,25.08811378479004,63.27733612060547,20.212095260620117,31.3700008392334
2020-06-24,1567.25,38.0099983215332,14.856548309326172,97.1500015258789,1765.800048828125,2.6505000591278076,76.51985931396484,18.962003707885742,20.522323608398438,280.7621765136719,116.51752471923828,81.44207000732422,24.35613441467285,61.077964782714844,19.387304306030273,33.84000015258789
2020-06-25,1563.25,38.720001220703125,15.136860847473145,97.43000030517578,1762.0999755859375,2.6624999046325684,76.7912368774414,19.24466896057129,20.659568786621094,283.77215576171875,117.75963592529297,83.0577621459961,24.659639358520508,61.756107330322266,19.76651954650879,32.220001220703125
2020-06-26,1588.5,38.4900016784668,14.935384750366211,97.5,1772.5,2.671999931335449,75.32475280761719,18.88348960876465,20.36928367614746,277.0321960449219,115.96134948730469,81.77101135253906,24.320430755615234,60.61060333251953,19.131336212158203,34.72999954223633
2020-06-29,1597.75,39.70000076293945,15.077006340026855,97.54000091552734,1774.800048828125,2.679500102996826,79.62902069091797,19.040523529052734,20.62599754333496,281.10382080078125,119.54864501953125,85.4667739868164,24.793537139892578,62.59919357299805,19.785476684570312,31.780000686645508
2020-06-30,1617.5,39.27000045776367,15.516826629638672,97.38999938964844,1793.0,2.7135000228881836,78.42914581298828,19.260372161865234,20.853092193603516,284.70465087890625,120.42924499511719,84.8379135131836,25.150604248046875,62.956573486328125,20.08885383605957,30.43000030517578
2020-07-01,1619.75,39.81999969482422,15.56960391998291,97.19999694824219,1773.199951171875,2.7170000076293945,77.70066833496094,19.134742736816406,20.84815216064453,286.698974609375,119.54864501953125,84.20903778076172,25.204160690307617,62.67250442504883,19.652753829956055,28.6200008392334
2020-07-02,1617.75,40.650001525878906,15.701550483703613,97.31999969482422,1784.0,2.7335000038146973,77.89109802246094,19.417404174804688,20.941953659057617,288.27777099609375,120.50343322753906,84.07357788085938,25.677270889282227,63.21318435668945,19.690675735473633,27.68000030517578
2020-07-06,1618.25,40.630001068115234,16.493227005004883,96.79000091552734,1788.5,2.7660000324249268,79.23859405517578,19.700069427490234,21.30727767944336,292.7280578613281,122.24605560302734,84.65409088134766,26.043254852294922,64.12040710449219,20.12677574157715,27.940000534057617
2020-07-07,1609.75,40.619998931884766,16.352481842041016,96.87999725341797,1804.199951171875,2.7874999046325684,76.33415985107422,19.543031692504883,20.714859008789062,289.7088928222656,120.03993225097656,81.96453857421875,26.052181243896484,62.89243698120117,19.8613224029541,29.43000030517578
2020-07-08,1642.5,40.900001525878906,16.77470588684082,96.43000030517578,1815.5,2.814500093460083,76.49124908447266,19.95917510986328,20.91233253479004,291.9247741699219,120.13263702392578,82.13866424560547,25.681734085083008,62.89243698120117,19.785476684570312,28.079999923706055
2020-07-09,1635.75,39.619998931884766,16.985822677612305,96.69999694824219,1799.199951171875,2.828000068664551,73.62016296386719,19.849252700805664,20.813596725463867,290.26287841796875,117.59278106689453,79.57484436035156,25.440715789794922,61.52699279785156,19.482107162475586,29.260000228881836
2020-07-10,1654.5,40.54999923706055,17.0122127532959,96.6500015258789,1798.199951171875,2.88700008392334,75.2723617553711,20.092655181884766,21.099933624267578,293.2265625,119.05738067626953,81.02606201171875,25.88258171081543,62.32426452636719,20.259502410888672,27.290000915527344
2020-07-13,1653.75,40.099998474121094,17.320087432861328,96.45999908447266,1811.0,2.941999912261963,74.77718353271484,20.092655181884766,20.872838973999023,290.68756103515625,119.20569610595703,80.0682601928711,25.88258171081543,62.58086395263672,20.08885383605957,32.189998626708984
2020-07-14,1637.5,40.290000915527344,17.390457153320312,96.26000213623047,1810.5999755859375,2.9159998893737793,75.99610137939453,20.555912017822266,21.094995498657227,294.4546203613281,121.85676574707031,81.25823211669922,26.53421974182129,63.93714141845703,20.89468002319336,29.520000457763672
2020-07-15,1621.25,41.20000076293945,17.425640106201172,96.08000183105469,1811.4000244140625,2.870500087738037,78.6529312133789,20.854278564453125,21.642980575561523,297.1598815917969,125.22156524658203,84.09295654296875,26.98055076599121,65.5683364868164,21.41609764099121,27.760000228881836
2020-07-16,1629.75,40.75,17.056194305419922,96.3499984741211,1798.699951171875,2.885999917984009,77.83399200439453,20.673686981201172,21.494876861572266,296.1811218261719,125.1381607055664,84.18001556396484,27.069814682006836,65.58665466308594,21.22649574279785,28.0
2020-07-17,1632.0,40.59000015258789,17.320087432861328,95.94000244140625,1808.300048828125,2.887500047683716,77.938720703125,20.854278564453125,21.949064254760742,297.0397644042969,125.935302734375,84.98302459716797,27.297447204589844,65.980712890625,21.245452880859375,25.68000030517578
2020-07-20,1635.5,40.810001373291016,17.663145065307617,95.83000183105469,1815.9000244140625,2.8984999656677246,77.01978302001953,20.987756729125977,22.41312599182129,299.4403991699219,124.59123229980469,83.70596313476562,27.060888290405273,65.17427825927734,21.23597526550293,24.459999084472656
2020-07-21,1654.5,41.959999084472656,17.7335147857666,95.12000274658203,1842.4000244140625,2.940999984741211,78.5481948852539,20.893537521362305,22.427934646606445,300.0774230957031,126.00021362304688,85.47643280029297,27.297447204589844,66.03567504882812,21.747913360595703,24.84000015258789
2020-07-22,1651.75,41.900001525878906,17.8830509185791,94.97000122070312,1864.0999755859375,2.9084999561309814,79.6194839477539,21.003461837768555,22.590848922729492,301.7854309082031,127.02914428710938,86.6954574584961,27.614336013793945,66.56719207763672,22.032320022583008,24.31999969482422
2020-07-23,1661.25,41.06999969482422,17.847871780395508,94.69000244140625,1889.0999755859375,2.924499988555908,78.857666015625,20.8228702545166,22.304513931274414,298.1846923828125,126.78811645507812,86.08598327636719,27.529537200927734,66.3655776977539,21.84271240234375,26.079999923706055
2020-07-24,1660.25,41.290000915527344,17.619163513183594,94.44000244140625,1897.300048828125,2.881999969482422,77.7244644165039,20.862131118774414,21.919443130493164,296.2642517089844,125.76847076416016,84.74117279052734,27.435808181762695,65.8340835571289,21.823759078979492,25.84000015258789
2020-07-27,1668.5,41.599998474121094,18.12055778503418,93.66999816894531,1931.0,2.888000011444092,76.68172454833984,21.47456932067871,22.383501052856445,298.4246826171875,126.4544448852539,83.8801040649414,27.833030700683594,66.10900115966797,22.458934783935547,24.739999771118164
2020-07-28,1688.75,41.040000915527344,17.95342254638672,93.76000213623047,1944.699951171875,2.9049999713897705,76.93409729003906,21.231163024902344,22.097166061401367,296.5319519042969,125.4440689086914,84.1026382446289,27.2215633392334,65.65079498291016,22.013362884521484,25.440000534057617
2020-07-29,1688.25,41.27000045776367,18.0325927734375,93.26000213623047,1953.5,2.9054999351501465,76.31034851074219,21.443159103393555,22.269956588745117,300.17889404296875,127.52039337158203,83.70596313476562,27.44472885131836,66.64967346191406,22.373613357543945,24.100000381469727
2020-07-30,1690.0,39.91999816894531,17.522403717041016,93.0199966430664,1942.300048828125,2.9045000076293945,75.47711944580078,21.06627655029297,22.11197853088379,299.10797119140625,126.46368408203125,83.53182220458984,26.913599014282227,65.980712890625,21.918561935424805,24.760000228881836
2020-07-31,1693.0,40.27000045776367,17.443233489990234,93.48999786376953,1962.800048828125,2.8589999675750732,74.61055755615234,20.72079849243164,21.870075225830078,301.47149658203125,125.82411193847656,82.82555389404297,26.940380096435547,65.73328399658203,21.71946907043457,24.459999084472656
2020-08-03,1732.5,41.0099983215332,17.707122802734375,93.5,1966.0,2.9079999923706055,75.65803527832031,21.089832305908203,22.42299461364746,303.5672912597656,126.61200714111328,84.4218978881836,26.78862953186035,66.0081787109375,22.136606216430664,24.280000686645508
2020-08-04,1759.5,41.70000076293945,17.94462776184082,93.37999725341797,2001.199951171875,2.8894999027252197,76.27227020263672,21.207609176635742,22.571102142333984,304.7399597167969,127.1310806274414,84.73148345947266,27.168004989624023,66.17315673828125,22.515817642211914,23.760000228881836
2020-08-05,1752.0,42.189998626708984,18.67473030090332,92.83000183105469,2031.0999755859375,2.9114999771118164,78.91956329345703,21.984928131103516,22.936426162719727,306.6327209472656,129.55038452148438,87.46944427490234,27.56523895263672,67.4377670288086,23.24580955505371,22.989999771118164
2020-08-06,1759.0,41.95000076293945,19.017786026000977,92.79000091552734,2051.5,2.9054999351501465,78.49581146240234,22.039892196655273,22.966045379638672,308.6823425292969,130.03245544433594,87.73065948486328,27.44919204711914,67.69438171386719,23.27424430847168,22.649999618530273
2020-08-07,1753.25,41.220001220703125,18.525188446044922,93.44000244140625,2010.0999755859375,2.7904999256134033,78.99575805664062,21.56093406677246,22.926551818847656,308.9039611816406,132.01614379882812,87.87577819824219,27.542917251586914,68.8490219116211,23.122562408447266,22.209999084472656
2020-08-10,1764.75,41.939998626708984,18.630746841430664,93.58000183105469,2024.4000244140625,2.8585000038146973,81.52879333496094,21.898561477661133,22.827816009521484,309.8274230957031,135.04725646972656,89.93651580810547,27.81072235107422,70.54436492919922,24.00423240661621,22.1299991607666
2020-08-11,1765.75,41.61000061035156,18.446025848388672,93.62999725341797,1932.5999755859375,2.871999979019165,81.9620590209961,21.83574676513672,22.595787048339844,307.2697448730469,135.6219482421875,90.584716796875,27.761627197265625,70.92009735107422,23.50177764892578,24.030000686645508
2020-08-12,1761.5,42.66999816894531,18.472408294677734,93.44000244140625,1934.9000244140625,2.88700008392334,81.38119506835938,22.08700180053711,22.982831954956055,311.5537414550781,136.14105224609375,90.04292297363281,27.926767349243164,71.14920043945312,23.482816696166992,22.280000686645508
2020-08-13,1732.75,42.2400016784668,18.402040481567383,93.33999633789062,1956.699951171875,2.803999900817871,80.9193344116211,21.906414031982422,23.064783096313477,310.9906311035156,135.44583129882812,89.77204895019531,27.92230224609375,70.7734603881836,23.38800811767578,22.1299991607666
2020-08-14,1704.75,42.0099983215332,18.314075469970703,93.0999984741211,1937.0,2.8559999465942383,81.70020294189453,21.89070701599121,22.74882698059082,310.9998779296875,135.82586669921875,90.44927215576172,27.953540802001953,71.04839324951172,23.49229621887207,22.049999237060547
2020-08-17,1721.75,42.88999938964844,18.929826736450195,92.8499984741211,1985.0,2.8980000019073486,80.25749969482422,22.220481872558594,23.08452796936035,311.98779296875,135.1121368408203,88.95935821533203,28.07851791381836,70.71846008300781,23.871505737304688,21.350000381469727
2020-08-18,1749.0,42.88999938964844,19.00019645690918,92.2699966430664,1999.4000244140625,2.9709999561309814,79.36235809326172,22.251890182495117,23.114151000976562,312.66180419921875,134.25006103515625,87.71131134033203,27.96246910095215,70.33358764648438,23.75774574279785,21.510000228881836
2020-08-19,1772.75,42.93000030517578,19.334457397460938,92.88999938964844,1958.699951171875,3.0190000534057617,79.34807586669922,22.079153060913086,22.926551818847656,311.3599548339844,134.04611206054688,88.12730407714844,27.882131576538086,70.15032958984375,23.435415267944336,22.540000915527344
2020-08-20,1768.75,42.58000183105469,19.096954345703125,92.79000091552734,1933.800048828125,2.9700000286102295,78.76244354248047,21.8750057220459,22.896930694580078,312.32940673828125,133.48069763183594,87.19853973388672,27.78394317626953,69.77458190917969,23.482816696166992,22.719999313354492
2020-08-21,1746.0,42.34000015258789,18.727508544921875,93.25,1934.5999755859375,2.9135000705718994,78.14346313476562,21.58449363708496,22.837688446044922,313.4374084472656,133.74951171875,86.62775421142578,27.623258590698242,70.0586929321289,22.904516220092773,22.540000915527344
2020-08-24,1741.0,42.619998931884766,18.665929794311523,93.30000305175781,1927.699951171875,2.922499895095825,80.65271759033203,21.91427230834961,23.114151000976562,316.6134338378906,136.12246704101562,88.90131378173828,28.10976219177246,71.32329559326172,23.321653366088867,22.3700008392334
2020-08-25,1745.5,43.349998474121094,18.366853713989258,93.0199966430664,1911.800048828125,2.930999994277954,80.04801177978516,21.694416046142578,23.360990524291992,317.7214050292969,135.92787170410156,88.57238006591797,27.998180389404297,71.2316665649414,23.27424430847168,22.030000686645508
2020-08-26,1744.75,43.38999938964844,18.780282974243164,93.01000213623047,1940.699951171875,2.9595000743865967,79.32904052734375,21.81219482421875,23.834924697875977,320.9068298339844,135.98345947265625,87.29529571533203,28.292753219604492,71.26831817626953,23.340608596801758,23.270000457763672
2020-08-27,1746.25,43.040000915527344,18.551578521728516,93.01000213623047,1921.5999755859375,2.9649999141693115,80.0241928100586,21.600194931030273,23.563400268554688,321.6083679199219,136.4191436767578,87.9435043334961,28.21687889099121,71.52490997314453,23.293209075927734,24.469999313354492
2020-08-28,1777.25,42.970001220703125,19.22010612487793,92.37000274658203,1964.5999755859375,2.994999885559082,80.66222381591797,22.00063705444336,23.959333419799805,323.685791015625,137.6890411376953,88.47559356689453,28.551624298095703,72.20304107666016,23.75774574279785,22.959999084472656
2020-08-31,1777.25,42.61000061035156,19.536771774291992,92.13999938964844,1967.5999755859375,3.0409998893737793,79.53854370117188,21.83574676513672,24.43721580505371,322.51324462890625,136.20591735839844,87.49846649169922,28.11422348022461,71.30496215820312,23.520736694335938,26.40999984741211
2020-09-01,1793.0,42.7599983215332,19.92381477355957,92.33999633789062,1968.199951171875,3.009500026702881,79.64330291748047,22.220481872558594,24.733423233032227,325.5509033203125,137.67979431152344,87.672607421875,28.904226303100586,72.02892303466797,23.74826431274414,26.1200008392334
2020-09-02,1770.25,41.5099983215332,19.87982940673828,92.8499984741211,1934.4000244140625,3.003000020980835,81.17168426513672,22.3382625579834,25.335716247558594,330.25970458984375,139.69126892089844,89.58821868896484,29.560333251953125,73.22025299072266,23.795669555664062,26.56999969482422
2020-09-03,1762.5,41.369998931884766,19.088159561157227,92.73999786376953,1927.5999755859375,2.9579999446868896,79.40522766113281,21.600194931030273,24.21012306213379,318.89398193359375,135.61265563964844,87.42105865478516,28.743541717529297,71.16751098632812,23.340608596801758,33.599998474121094
2020-09-04,1769.25,39.77000045776367,19.56316375732422,92.72000122070312,1923.9000244140625,3.0464999675750732,79.34334564208984,21.929969787597656,24.127185821533203,316.2903137207031,135.69607543945312,86.89863586425781,28.76140022277832,71.33245849609375,23.539697647094727,30.75
2020-09-08,1781.5,36.7599983215332,18.86825180053711,93.4800033569336,1933.0,3.012500047683716,77.20071411132812,21.592344284057617,23.92378807067871,307.6482849121094,133.31382751464844,85.13782501220703,28.221343994140625,69.99449920654297,22.876075744628906,31.459999084472656
2020-09-09,1766.0,38.04999923706055,19.580753326416016,93.26000213623047,1944.699951171875,3.0399999618530273,77.33404541015625,22.06344985961914,24.7867431640625,313.7236328125,135.26046752929688,85.24425506591797,28.948854446411133,71.07585906982422,23.05620002746582,28.809999465942383
2020-09-10,1775.5,37.29999923706055,19.017786026000977,93.33999633789062,1954.199951171875,2.986999988555908,76.20081329345703,21.694416046142578,24.19037628173828,308.2761535644531,133.7865753173828,83.62857055664062,28.67659568786621,70.16864776611328,22.676984786987305,29.709999084472656
2020-09-11,1764.5,37.33000183105469,19.431217193603516,93.33000183105469,1937.800048828125,3.0339999198913574,77.61019134521484,22.126262664794922,24.269363403320312,308.4331359863281,135.1199951171875,84.81858825683594,29.042593002319336,71.1217041015625,22.714900970458984,26.8700008392334
2020-09-14,1786.5,37.2599983215332,19.607145309448242,93.06999969482422,1953.0999755859375,3.066499948501587,78.96720123291016,22.416776657104492,24.56557273864746,312.49560546875,136.91590881347656,86.90830993652344,29.462133407592773,72.08392333984375,23.463857650756836,25.850000381469727
2020-09-15,1773.0,38.279998779296875,19.67751693725586,93.05000305175781,1956.300048828125,3.062999963760376,78.40058898925781,22.660188674926758,24.911151885986328,314.0743408203125,137.19505310058594,86.5793685913086,29.60496711730957,72.12973022460938,23.568134307861328,25.59000015258789
2020-09-16,1774.25,40.15999984741211,19.862239837646484,93.20999908447266,1960.199951171875,3.058000087738037,79.83375549316406,22.691591262817383,24.81241226196289,312.8280029296875,138.59085083007812,88.17570495605469,29.627281188964844,72.86285400390625,23.814632415771484,26.040000915527344
2020-09-17,1758.75,40.970001220703125,19.906221389770508,92.97000122070312,1940.0,3.066499948501587,80.0384750366211,22.581663131713867,24.17062759399414,310.07666015625,138.79556274414062,88.64974975585938,29.845975875854492,73.00946807861328,24.18436050415039,26.459999084472656
2020-09-18,1771.75,41.11000061035156,19.915021896362305,92.93000030517578,1952.0999755859375,3.1135001182556152,78.82434844970703,22.51099967956543,23.60881805419922,306.50677490234375,137.2509002685547,88.26277923583984,29.332700729370117,72.19387817382812,24.288644790649414,25.829999923706055
2020-09-21,1758.5,39.310001373291016,19.070568084716797,93.54000091552734,1901.199951171875,3.0295000076293945,76.02467346191406,21.57663917541504,23.07366943359375,303.0954895019531,132.68206787109375,85.58304595947266,28.34525489807129,69.79737854003906,22.543014526367188,27.780000686645508
2020-09-22,1761.25,39.599998474121094,18.806676864624023,93.98999786376953,1898.5999755859375,3.059000015258789,76.77694702148438,21.348941802978516,22.926551818847656,306.1823425292969,133.8638153076172,85.58304595947266,28.399066925048828,70.48738098144531,22.457447052001953,26.860000610351562
2020-09-23,1744.75,39.93000030517578,17.90944480895996,94.38999938964844,1859.9000244140625,2.993499994277954,74.79981231689453,20.964202880859375,22.49211311340332,299.0816345214844,131.37936401367188,82.71639251708984,27.564990997314453,69.22701263427734,21.658788681030273,28.579999923706055
2020-09-24,1732.75,40.310001373291016,17.971017837524414,94.3499984741211,1868.300048828125,2.9690001010894775,74.10765838623047,20.924943923950195,22.33907127380371,299.8787841796875,131.5096435546875,82.36775207519531,27.762296676635742,69.32821655273438,21.820419311523438,28.510000228881836
2020-09-25,1743.75,40.25,17.988611221313477,94.58000183105469,1857.699951171875,2.9730000495910645,75.63037109375,20.940649032592773,22.551353454589844,304.72698974609375,133.43576049804688,84.45962524414062,28.008935928344727,70.36776733398438,21.896480560302734,26.3799991607666
2020-09-28,1768.75,40.599998474121094,18.102964401245117,94.26000213623047,1872.800048828125,2.989500045776367,77.24381256103516,21.144794464111328,23.13192367553711,309.7883605957031,136.04124450683594,86.72582244873047,28.461849212646484,71.6373062133789,22.628582000732422,26.190000534057617
2020-09-29,1786.5,39.290000915527344,17.971017837524414,93.88999938964844,1894.300048828125,2.9835000038146973,76.30821228027344,20.948503494262695,23.69669532775879,308.1011962890625,135.08282470703125,85.78642272949219,28.25109100341797,71.00253295898438,22.181713104248047,26.270000457763672
2020-09-30,1778.5,40.220001220703125,18.226110458374023,93.88999938964844,1887.5,3.0285000801086426,75.61604309082031,21.027019500732422,23.637454986572266,310.4371643066406,134.71060180664062,84.58552551269531,28.5380802154541,70.81852722167969,22.096145629882812,26.3700008392334
2020-10-01,1743.0,38.720001220703125,18.12055778503418,93.70999908447266,1908.4000244140625,2.8635001182556152,75.9883804321289,21.042722702026367,24.054119110107422,312.43023681640625,134.81297302246094,85.79609680175781,28.134490966796875,70.60696411132812,22.343347549438477,26.700000762939453
2020-10-02,1781.0,37.04999923706055,18.217317581176758,93.83999633789062,1900.199951171875,2.9784998893737793,76.79510498046875,21.042722702026367,23.81517791748047,309.4638366699219,136.27386474609375,86.54183197021484,28.38561248779297,71.39810943603516,22.828248977661133,27.6299991607666
2020-10-05,1783.5,39.220001220703125,18.472408294677734,93.51000213623047,1912.5,2.9649999141693115,77.41563415527344,21.427457809448242,24.24468231201172,314.9516296386719,138.58151245117188,87.18099212646484,28.92820930480957,72.54808044433594,23.408222198486328,27.959999084472656
2020-10-06,1779.0,40.66999816894531,18.0325927734375,93.83000183105469,1901.0999755859375,2.9655001163482666,75.9883804321289,21.05057144165039,24.406606674194336,310.4742431640625,137.1485595703125,86.24158477783203,28.564990997314453,71.6649169921875,22.79021644592285,29.479999542236328
2020-10-07,1800.5,39.95000076293945,18.446025848388672,93.62999725341797,1883.5999755859375,3.0344998836517334,77.654296875,21.498119354248047,25.109609603881836,315.87860107421875,140.03314208984375,88.12041473388672,29.300411224365234,73.24723052978516,23.550840377807617,28.059999465942383
2020-10-08,1826.5,41.189998626708984,18.6131534576416,93.61000061035156,1888.5999755859375,3.0420000553131104,78.97177124023438,21.74938201904297,25.512454986572266,318.6780700683594,141.40103149414062,89.79584503173828,29.596376419067383,73.97400665283203,23.98819923400879,26.360000610351562
2020-10-09,1870.5,40.599998474121094,18.9122314453125,93.05999755859375,1919.5,3.0794999599456787,78.40374755859375,22.05559730529785,26.066364288330078,321.52392578125,141.8848419189453,89.19539642333984,29.825077056884766,74.24999237060547,24.111801147460938,25.0
2020-10-12,1875.75,39.43000030517578,18.753894805908203,93.06999969482422,1922.5,3.061000108718872,78.68537139892578,21.992780685424805,26.6390323638916,326.6964416503906,142.77813720703125,89.52467346191406,29.775745391845703,74.67317199707031,24.0167236328125,25.06999969482422
2020-10-13,1866.75,40.20000076293945,18.525188446044922,93.52999877929688,1888.5,3.0425000190734863,77.654296875,21.733675003051758,26.095985412597656,324.564453125,141.25209045410156,88.18820190429688,29.51117515563965,73.84522247314453,23.674436569213867,26.06999969482422
2020-10-14,1859.75,41.040000915527344,18.70111656188965,93.37999725341797,1901.300048828125,3.047499895095825,78.08392333984375,21.74938201904297,26.15522575378418,322.5249328613281,141.7918243408203,88.60465240478516,29.596376419067383,74.25920104980469,23.959678649902344,26.399999618530273
2020-10-15,1861.5,40.959999084472656,18.630746841430664,93.86000061035156,1903.199951171875,3.0829999446868896,78.44669342041016,21.733675003051758,26.066364288330078,322.1263732910156,142.4059295654297,89.00171661376953,29.51117515563965,74.52599334716797,23.997709274291992,26.969999313354492
2020-10-16,1871.75,40.880001068115234,18.648340225219727,93.68000030517578,1900.800048828125,3.065000057220459,79.0290756225586,21.733675003051758,26.165102005004883,321.9317626953125,143.03868103027344,89.6408920288086,29.717451095581055,75.06877136230469,23.96918487548828,27.40999984741211
2020-10-19,1858.0,40.83000183105469,18.630746841430664,93.43000030517578,1906.4000244140625,3.0810000896453857,78.45623779296875,21.63945770263672,25.770156860351562,317.0373229980469,141.31724548339844,89.4084701538086,29.372159957885742,74.13958740234375,23.798044204711914,29.18000030517578
2020-10-20,1841.0,41.459999084472656,19.21131134033203,93.06999969482422,1910.4000244140625,3.1435000896453857,77.9645767211914,21.89070701599121,25.98737335205078,318.3072509765625,141.93136596679688,89.15666961669922,29.439422607421875,74.52599334716797,23.78853416442871,29.350000381469727
2020-10-21,1851.5,40.029998779296875,19.67751693725586,92.61000061035156,1924.5999755859375,3.194499969482422,76.75214385986328,22.079153060913086,25.90838623046875,317.7046813964844,140.61936950683594,87.45218658447266,29.327316284179688,73.77164459228516,23.760009765625,28.649999618530273
2020-10-22,1845.25,40.63999938964844,19.61594009399414,92.94999694824219,1901.0999755859375,3.1500000953674316,78.28919219970703,22.204784393310547,26.283584594726562,319.4474792480469,141.74525451660156,89.21477508544922,29.48875617980957,74.37879180908203,24.168851852416992,28.110000610351562
2020-10-23,1845.5,39.849998474121094,19.739091873168945,92.7699966430664,1902.0,3.125499963760376,78.68537139892578,22.244041442871094,26.119680404663086,320.5320129394531,142.46177673339844,89.5440444946289,29.596376419067383,74.67317199707031,24.339996337890625,27.549999237060547
2020-10-26,1831.25,38.560001373291016,19.27288055419922,93.05000305175781,1902.699951171875,3.0885000228881836,76.58030700683594,21.788637161254883,24.82228660583496,314.6086730957031,138.8699951171875,86.61930084228516,28.856468200683594,72.8056640625,23.664936065673828,32.459999084472656
2020-10-27,1825.0,39.56999969482422,19.26408576965332,92.94000244140625,1908.800048828125,3.0899999141693115,74.17446899414062,21.61589813232422,24.70380401611328,313.52398681640625,136.06918334960938,84.53711700439453,28.582927703857422,71.21411895751953,23.683950424194336,33.349998474121094
2020-10-28,1811.5,37.38999938964844,18.639543533325195,93.41000366210938,1876.199951171875,3.056999921798706,71.33904266357422,20.634431838989258,23.647327423095703,302.80816650390625,131.87255859375,81.64140319824219,27.775745391845703,68.87743377685547,22.552518844604492,40.279998779296875
2020-10-29,1801.25,36.16999816894531,18.885841369628906,93.95999908447266,1865.5999755859375,3.052000045776367,72.21259307861328,20.924943923950195,23.706567764282227,305.88568115234375,133.51954650878906,82.73575592041016,28.349740982055664,69.88018035888672,23.199050903320312,37.59000015258789
2020-10-30,1830.25,35.790000915527344,18.9122314453125,94.04000091552734,1877.4000244140625,3.0434999465942383,72.09326934814453,20.932798385620117,23.316560745239258,302.6968994140625,133.24037170410156,82.43553924560547,28.331802368164062,69.79737854003906,23.227575302124023,38.02000045776367
2020-11-02,1873.25,36.810001373291016,19.105749130249023,94.05000305175781,1890.4000244140625,3.073499917984009,73.9310302734375,21.144794464111328,23.726316452026367,306.0897216796875,136.99966430664062,84.86637878417969,29.273509979248047,71.6833267211914,23.864599227905273,37.130001068115234
2020-11-03,1901.75,37.65999984741211,19.774276733398438,93.55000305175781,1908.5,3.0869998931884766,76.28433990478516,21.780784606933594,24.46683692932129,311.4939880371094,140.7310028076172,87.72332763671875,29.73090362548828,73.79924011230469,24.3590030670166,35.54999923706055
2020-11-04,1908.75,39.150001525878906,19.519180297851562,93.41000366210938,1894.5999755859375,3.1010000705718994,76.25092315673828,21.490270614624023,24.782793045043945,318.4555969238281,139.7446746826172,86.96794891357422,29.22417640686035,73.03565216064453,23.12299156188965,29.56999969482422
2020-11-05,1895.5,38.790000915527344,20.0909481048584,92.52999877929688,1945.300048828125,3.1045000553131104,77.1340103149414,22.039892196655273,25.671417236328125,324.666259765625,143.234130859375,88.62401580810547,30.41700553894043,74.75598907470703,24.339996337890625,27.579999923706055
2020-11-06,1905.25,37.13999938964844,20.583541870117188,92.2300033569336,1950.300048828125,3.1489999294281006,77.07674407958984,22.51099967956543,25.81952476501465,324.59222412109375,143.5318603515625,87.5974349975586,30.493234634399414,74.82957458496094,24.57767677307129,24.860000610351562
2020-11-09,1900.25,40.290000915527344,20.952993392944336,92.7300033569336,1853.199951171875,3.1514999866485596,82.43253326416016,23.288326263427734,26.421815872192383,328.6709289550781,148.54734802246094,93.48570251464844,31.179336547851562,77.37786102294922,25.595014572143555,25.75
2020-11-10,1905.5,41.36000061035156,20.768266677856445,92.75,1875.4000244140625,3.1505000591278076,85.18202209472656,23.46891212463379,26.459335327148438,328.1889343261719,150.8643035888672,97.21427917480469,31.547046661376953,78.73941040039062,25.880252838134766,24.799999237060547
2020-11-11,1909.75,41.45000076293945,20.680307388305664,93.04000091552734,1860.699951171875,3.128999948501587,83.65929412841797,23.47676658630371,26.510677337646484,330.6268615722656,149.74771118164062,95.61631774902344,31.07619285583496,78.07703399658203,25.614036560058594,23.450000762939453
2020-11-12,1916.5,41.119998931884766,20.68910026550293,92.95999908447266,1872.5999755859375,3.1429998874664307,82.61392211914062,23.00566291809082,26.244089126586914,327.4195251464844,148.0169677734375,94.51226806640625,30.42148208618164,77.18467712402344,25.18618392944336,25.350000381469727
2020-11-13,1922.5,40.130001068115234,21.058547973632812,92.76000213623047,1885.699951171875,3.17549991607666,85.32044982910156,23.46891212463379,26.4613094329834,331.9524841308594,151.30166625976562,98.17304992675781,30.94615364074707,78.89579772949219,26.374658584594727,23.100000381469727
2020-11-16,1945.75,41.34000015258789,21.867816925048828,92.56999969482422,1887.300048828125,3.2200000286102295,87.73580932617188,23.987131118774414,26.67359161376953,336.0960693359375,155.32147216796875,101.05906677246094,31.556013107299805,80.81849670410156,27.57263946533203,22.450000762939453
2020-11-17,1967.5,41.43000030517578,21.89420509338379,92.41999816894531,1884.5,3.196500062942505,88.38024139404297,24.152015686035156,26.836505889892578,334.2883605957031,154.92141723632812,102.59894561767578,31.439424514770508,80.60693359375,27.458545684814453,22.709999084472656
2020-11-18,1984.25,41.81999969482422,21.876611709594727,92.31999969482422,1873.5,3.197999954223633,88.11768341064453,23.92431640625,26.688404083251953,330.2653503417969,153.98153686523438,101.71765899658203,31.179336547851562,80.24813842773438,26.850051879882812,23.84000015258789
2020-11-19,1971.0,41.7400016784668,21.735868453979492,92.29000091552734,1861.0999755859375,3.2035000324249268,88.55208587646484,24.034242630004883,27.014232635498047,331.6557922363281,154.46546936035156,102.54080963134766,31.309383392333984,80.45051574707031,26.86906623840332,23.110000610351562
2020-11-20,1971.75,42.150001525878906,22.281248092651367,92.38999938964844,1872.5999755859375,3.2934999465942383,86.93865966796875,24.22268295288086,27.122840881347656,329.3846435546875,153.33949279785156,100.84601593017578,31.2824764251709,79.72376251220703,26.86906623840332,23.700000762939453
2020-11-23,1947.5,43.060001373291016,22.57152557373047,92.51000213623047,1837.800048828125,3.259500026702881,89.22990417480469,24.75660514831543,27.32524871826172,331.3591613769531,155.82400512695312,104.3421401977539,31.54255485534668,81.05769348144531,27.63920021057129,22.65999984741211
2020-11-24,1960.0,44.90999984741211,23.319223403930664,92.2300033569336,1804.800048828125,3.299999952316284,91.43999481201172,25.730222702026367,27.784374237060547,336.6986083984375,158.77369689941406,107.08291625976562,32.32731628417969,82.47444152832031,28.78013801574707,21.639999389648438
2020-11-25,1948.75,45.709999084472656,23.134498596191406,91.98999786376953,1805.699951171875,3.312000036239624,90.87195587158203,25.753772735595703,28.090456008911133,336.17950439453125,157.39657592773438,106.69552612304688,31.990989685058594,81.84888458251953,28.637516021728516,21.25
2020-11-27,1977.75,45.529998779296875,23.697463989257812,91.79000091552734,1781.9000244140625,3.3994998931884766,90.37552642822266,25.86370086669922,28.465654373168945,337.11572265625,157.3406982421875,106.08538818359375,32.15690612792969,81.71088409423828,28.685056686401367,20.84000015258789
2020-11-30,2029.75,45.34000015258789,23.697463989257812,91.87000274658203,1775.699951171875,3.4205000400543213,88.21791076660156,25.408300399780273,28.79642105102539,335.6233215332031,155.665771484375,103.33496856689453,31.834033966064453,80.9841079711914,27.87689208984375,20.56999969482422
2020-12-01,2052.75,44.54999923706055,24.190061569213867,91.30999755859375,1814.0999755859375,3.4679999351501465,88.87189483642578,26.35051155090332,28.959335327148438,339.294189453125,155.423828125,105.01040649414062,32.183815002441406,80.78170776367188,29.16044807434082,20.770000457763672
2020-12-02,2058.5,45.279998779296875,24.445159912109375,91.12000274658203,1825.699951171875,3.4749999046325684,89.716796875,26.884431838989258,28.90009307861328,340.00799560546875,155.47039794921875,106.50181579589844,31.771263122558594,80.89212036132812,29.683374404907227,21.170000076293945
2020-12-03,2023.75,45.63999938964844,24.85858726501465,90.70999908447266,1836.800048828125,3.4790000915527344,91.21087646484375,27.449758529663086,29.304914474487305,339.91522216796875,156.01937866210938,108.72930145263672,31.551528930664062,81.10372924804688,29.578784942626953,21.280000686645508
2020-12-04,2043.5,46.2599983215332,25.623870849609375,90.69999694824219,1835.9000244140625,3.5139999389648438,92.22284698486328,28.172121047973633,30.045434951782227,342.8445129394531,158.28981018066406,110.84053802490234,32.188297271728516,82.06965637207031,30.985950469970703,20.790000915527344
2020-12-07,2017.75,45.7599983215332,25.192848205566406,90.79000091552734,1861.800048828125,3.508500099182129,92.11783599853516,28.101449966430664,30.035560607910156,342.1399841308594,157.50819396972656,111.33448028564453,31.9775390625,81.67406463623047,30.957422256469727,21.299999237060547
2020-12-08,1991.75,45.599998474121094,25.0784969329834,90.97000122070312,1870.800048828125,3.49399995803833,92.54744720458984,28.164262771606445,30.252779006958008,343.1412048339844,158.41079711914062,112.53533172607422,32.15690612792969,82.06965637207031,31.59444236755371,20.68000030517578
2020-12-09,2038.25,45.52000045776367,24.99053382873535,91.08999633789062,1834.5999755859375,3.507999897003174,92.0510025024414,27.991527557373047,30.094802856445312,340.0635070800781,158.69923400878906,111.22795104980469,32.174835205078125,82.25365447998047,30.995450973510742,22.270000457763672
2020-12-10,2054.75,46.779998779296875,25.465539932250977,90.79000091552734,1833.5999755859375,3.570499897003174,91.78370666503906,28.619667053222656,29.882518768310547,339.9523010253906,157.4430694580078,111.4410171508789,31.9775390625,81.47167205810547,31.870168685913086,22.520000457763672
2020-12-11,2018.0,46.56999969482422,24.98173713684082,90.9800033569336,1839.800048828125,3.5239999294281006,91.86961364746094,28.525453567504883,29.532005310058594,339.5536804199219,157.6105499267578,111.3053970336914,31.793682098388672,81.66487121582031,31.2236385345459,23.309999465942383
2020-12-14,2050.0,46.9900016784668,24.87618064880371,90.70999908447266,1828.699951171875,3.5220000743865967,90.51397705078125,28.19380760192871,30.075054168701172,338.0334777832031,155.665771484375,108.75835418701172,31.39008903503418,80.60693359375,30.634157180786133,24.719999313354492
2020-12-15,2025.0,47.619998931884766,25.377573013305664,90.47000122070312,1852.300048828125,3.5380001068115234,91.3176040649414,28.75847816467285,30.272525787353516,342.60345458984375,158.1409454345703,110.34662628173828,31.95960807800293,81.72926330566406,31.613454818725586,22.889999389648438
2020-12-16,2044.25,47.81999969482422,25.527114868164062,90.44999694824219,1856.0999755859375,3.553999900817871,90.21739959716797,28.822097778320312,30.49962043762207,343.1412048339844,157.26629638671875,108.63246154785156,31.869916915893555,81.22329711914062,31.641979217529297,22.5
2020-12-17,2061.0,48.36000061035156,26.30119514465332,89.81999969482422,1887.199951171875,3.5969998836517334,89.77729797363281,29.283384323120117,31.022924423217773,345.05999755859375,158.267578125,108.42906188964844,32.23762893676758,81.72007751464844,31.98426628112793,21.93000030517578
2020-12-18,2071.25,49.099998474121094,26.186843872070312,90.0199966430664,1885.699951171875,3.628499984741211,90.12171936035156,29.227710723876953,31.092037200927734,343.6822204589844,158.20220947265625,108.22569274902344,32.38112258911133,81.72926330566406,30.824308395385742,21.56999969482422
2020-12-21,2035.25,47.7400016784668,26.125268936157227,90.04000091552734,1879.199951171875,3.572999954223633,89.44246673583984,28.989116668701172,31.156217575073242,342.4533386230469,157.59507751464844,108.30616760253906,32.20942306518555,81.2359848022461,31.13123321533203,25.15999984741211
2020-12-22,2007.5,47.02000045776367,25.44794464111328,90.6500015258789,1866.5999755859375,3.5179998874664307,89.15544128417969,28.551698684692383,31.91154670715332,341.8761291503906,157.24009704589844,107.97659301757812,32.01112365722656,80.85722351074219,30.59745216369629,24.229999542236328
2020-12-23,2022.75,48.119998931884766,26.22202491760254,90.41000366210938,1874.699951171875,3.552000045776367,90.70529174804688,29.076601028442383,32.2966194152832,342.1833801269531,158.13682556152344,110.4775161743164,32.05618667602539,81.28217315673828,31.074047088623047,23.309999465942383
2020-12-24,2022.75,48.22999954223633,26.327585220336914,90.33000183105469,1879.9000244140625,3.559999942779541,90.11215209960938,28.973209381103516,31.753570556640625,343.51458740234375,158.23959350585938,109.87651062011719,32.258995056152344,81.29141235351562,31.074047088623047,21.530000686645508
2020-12-28,2022.75,47.619998931884766,26.644256591796875,90.33999633789062,1877.199951171875,3.569999933242798,90.25565338134766,29.172039031982422,31.29938507080078,346.4657287597656,158.1554718017578,110.08008575439453,32.132808685302734,81.39303588867188,30.88341522216797,21.700000762939453
2020-12-29,2002.25,48.0,26.556291580200195,90.01000213623047,1879.699951171875,3.552999973297119,89.8155517578125,29.187942504882812,30.78595542907715,345.8046875,157.10935974121094,109.35304260253906,32.05618667602539,80.90342712402344,30.769031524658203,23.079999923706055
2020-12-30,2024.5,48.400001525878906,27.092451095581055,89.62999725341797,1891.0,3.5429999828338623,90.65747833251953,29.50606918334961,31.220396041870117,346.2980651855469,158.16482543945312,110.76834869384766,32.49784851074219,81.42074584960938,31.836606979370117,22.770000457763672
2020-12-31,1990.0,48.52000045776367,26.994646072387695,89.94000244140625,1893.0999755859375,3.5139999389648438,90.61919403076172,29.30724334716797,31.072290420532227,348.0576477050781,158.7812957763672,111.22392272949219,32.6240348815918,81.79949188232422,31.87473487854004,22.75
2021-01-04,2023.25,47.619998931884766,28.283910751342773,89.87999725341797,1944.699951171875,3.552999973297119,86.88804626464844,30.182085037231445,30.78595542907715,343.3191223144531,155.18519592285156,106.73578643798828,32.31307601928711,79.8226318359375,32.07489776611328,26.969999313354492
2021-01-05,2050.0,49.93000030517578,28.915212631225586,89.44000244140625,1952.699951171875,3.640500068664551,88.8684310913086,30.850149154663086,31.348752975463867,345.68365478515625,156.88519287109375,109.45967102050781,33.038658142089844,80.6078109741211,33.457035064697266,25.34000015258789
2021-01-06,2038.0,50.630001068115234,29.430917739868164,89.52999877929688,1906.9000244140625,3.6500000953674316,89.77729797363281,32.03516387939453,31.733823776245117,347.7503356933594,161.3406524658203,111.22392272949219,34.39066696166992,82.52925872802734,35.53498458862305,25.06999969482422
2021-01-07,2039.25,50.83000183105469,30.58681297302246,89.83000183105469,1912.300048828125,3.695499897003174,89.60511779785156,32.82251739501953,35.93999099731445,352.91705322265625,163.0312957763672,110.97190856933594,34.647560119628906,82.98189544677734,35.268089294433594,22.3700008392334
2021-01-08,2022.25,52.2400016784668,30.142240524291992,90.0999984741211,1834.0999755859375,3.6735000610351562,89.2798080444336,32.74298095703125,36.3941764831543,354.9278869628906,162.5736083984375,110.51630401611328,34.48080825805664,82.7786636352539,34.658058166503906,21.559999465942383
2021-01-11,2000.75,52.25,28.9952335357666,90.54000091552734,1849.5999755859375,3.563999891281128,89.32764434814453,32.011295318603516,37.30254364013672,352.5353698730469,162.5549774169922,111.18514251708984,34.48080825805664,82.75096130371094,34.45787811279297,24.079999923706055
2021-01-12,2015.5,53.209999084472656,29.555400848388672,90.05000305175781,1842.9000244140625,3.6050000190734863,90.84881591796875,32.25784683227539,36.46329116821289,352.60980224609375,164.73129272460938,113.47280883789062,34.91795349121094,83.5731201171875,35.268089294433594,23.329999923706055
2021-01-13,2007.5,52.90999984741211,29.09303855895996,90.31999969482422,1853.5999755859375,3.617000102996826,90.52352905273438,31.892004013061523,35.89555358886719,353.5594177246094,163.31150817871094,113.10446166992188,34.561912536621094,82.85259246826172,34.35302734375,22.209999084472656
2021-01-14,1997.75,53.56999969482422,29.342002868652344,90.23999786376953,1850.300048828125,3.6679999828338623,92.08294677734375,32.57596969604492,38.40839385986328,352.3211975097656,163.96534729003906,116.943115234375,34.44473648071289,83.13894653320312,34.8105583190918,23.25
2021-01-15,1973.25,52.36000061035156,28.47063446044922,90.77999877929688,1829.300048828125,3.6029999256134033,90.21739959716797,31.367097854614258,37.10507583618164,349.7518310546875,161.45274353027344,114.5972900390625,33.953514099121094,82.05814361572266,33.63814163208008,24.34000015258789
2021-01-19,1953.25,52.97999954223633,28.835186004638672,90.5,1839.5,3.635999917984009,91.12626647949219,31.510255813598633,38.42813491821289,352.4980773925781,162.5269012451172,116.96250915527344,34.07069396972656,82.32603454589844,34.03847885131836,23.239999771118164
2021-01-20,1929.5,53.2400016784668,29.342002868652344,90.47000122070312,1865.9000244140625,3.6475000381469727,91.20278930664062,31.8760986328125,39.37601089477539,357.37628173828125,163.60105895996094,117.1272964477539,34.183353424072266,82.83409118652344,33.905029296875,21.579999923706055
2021-01-21,2000.25,53.130001068115234,29.386457443237305,90.12999725341797,1865.300048828125,3.6554999351501465,89.80599975585938,31.796567916870117,39.15878677368164,357.7020263671875,162.4335174560547,115.16920471191406,33.68312072753906,82.1874771118164,32.885108947753906,21.31999969482422
2021-01-22,1993.5,52.27000045776367,28.808513641357422,90.23999786376953,1855.699951171875,3.635499954223633,89.88252258300781,31.20803451538086,39.59816360473633,356.43597412109375,162.03184509277344,115.65386199951172,33.52086639404297,81.76252746582031,32.885108947753906,21.90999984741211
2021-01-25,2015.5,52.77000045776367,28.275022506713867,90.38999938964844,1854.9000244140625,3.640500068664551,89.26069641113281,30.86605453491211,40.165897369384766,357.8416748046875,160.9110107421875,115.47938537597656,33.3451042175293,81.20828247070312,32.37992477416992,23.190000534057617
2021-01-26,2020.25,52.61000061035156,27.82155418395996,90.16999816894531,1850.699951171875,3.628000020980835,88.23699188232422,30.83423614501953,40.837303161621094,357.28314208984375,159.43521118164062,113.83148193359375,32.88542938232422,80.46001434326172,31.607839584350586,23.020000457763672
2021-01-27,1996.25,52.849998474121094,26.461153030395508,90.6500015258789,1844.9000244140625,3.571500062942505,86.05570220947266,29.537883758544922,39.928932189941406,348.5509338378906,155.65223693847656,110.67137908935547,31.916486740112305,78.86192321777344,30.873882293701172,37.209999084472656
2021-01-28,1984.75,52.34000015258789,27.350299835205078,90.45999908447266,1837.9000244140625,3.5829999446868896,86.87847900390625,29.967350006103516,39.93880844116211,351.548583984375,157.59507751464844,110.93311309814453,32.466304779052734,80.03509521484375,31.617366790771484,30.209999084472656
2021-01-29,1982.0,52.20000076293945,26.40780258178711,90.58000183105469,1847.300048828125,3.573499917984009,85.223388671875,29.044790267944336,39.20815658569336,344.5107421875,154.10166931152344,108.34494018554688,31.83536148071289,78.30763244628906,30.835752487182617,33.09000015258789
2021-02-01,1963.0,53.54999923706055,28.017169952392578,91.0199966430664,1860.800048828125,3.562000036239624,86.68714904785156,29.89577293395996,40.94591522216797,350.24530029296875,156.25933837890625,111.40809631347656,32.20942306518555,79.12057495117188,32.17974090576172,30.239999771118164
2021-02-02,1966.5,54.7599983215332,27.697072982788086,91.19999694824219,1830.5,3.5390000343322754,89.08847045898438,29.776470184326172,41.78517532348633,355.1978454589844,159.4724884033203,113.67638397216797,32.63304901123047,80.80180358886719,31.788944244384766,25.559999465942383
2021-02-03,1973.25,55.689998626708984,27.928253173828125,91.12000274658203,1832.199951171875,3.5785000324249268,90.40870666503906,29.927589416503906,42.851524353027344,355.4771423339844,159.8461151123047,115.90591430664062,32.696144104003906,80.85722351074219,31.7794132232666,22.90999984741211
2021-02-04,1994.0,56.22999954223633,27.80377197265625,91.52999877929688,1788.9000244140625,3.565999984741211,92.18820190429688,29.983259201049805,43.335330963134766,359.5174255371094,161.77027893066406,117.96094512939453,32.57897186279297,81.72557830810547,32.198814392089844,21.770000457763672
2021-02-05,2018.75,56.849998474121094,28.41728401184082,91.04000091552734,1810.9000244140625,3.6389999389648438,91.83422088623047,30.532020568847656,45.073089599609375,360.932373046875,162.64833068847656,118.22265625,33.13780212402344,82.20594024658203,32.913692474365234,20.8700008392334
2021-02-08,2035.5,57.970001220703125,29.3775691986084,90.93000030517578,1831.9000244140625,3.678999900817871,93.18317413330078,31.327329635620117,48.045047760009766,363.5390625,164.5538330078125,121.05318450927734,33.41271209716797,82.90800476074219,34.21958541870117,21.239999771118164
2021-02-09,2063.5,58.36000061035156,29.72433853149414,90.44000244140625,1835.300048828125,3.7335000038146973,93.97723388671875,31.430723190307617,49.31874465942383,363.2969055175781,164.7686767578125,121.97408294677734,33.16484069824219,83.12047576904297,33.61906814575195,21.6299991607666
2021-02-10,2080.75,58.68000030517578,30.284503936767578,90.37000274658203,1840.5999755859375,3.7855000495910645,93.39364624023438,31.58184051513672,47.24528121948242,363.13873291015625,164.53514099121094,120.9659652709961,33.12879180908203,82.99112701416016,33.49515914916992,21.989999771118164
2021-02-11,2084.0,58.2400016784668,30.373416900634766,90.41999816894531,1824.9000244140625,3.7874999046325684,93.9389877319336,31.557979583740234,47.20579528808594,363.7251892089844,164.5725555419922,122.83680725097656,33.16033935546875,82.81562042236328,33.56188201904297,21.25
2021-02-12,2091.75,59.470001220703125,30.373416900634766,90.4800033569336,1821.5999755859375,3.802000045776367,93.67109680175781,31.788616180419922,47.22553634643555,365.5218505859375,165.41314697265625,122.10009002685547,33.502838134765625,83.41607666015625,33.92409896850586,19.969999313354492
2021-02-16,2083.0,60.04999923706055,32.22285842895508,90.51000213623047,1797.199951171875,3.8480000495910645,93.42237091064453,33.116783142089844,46.54425811767578,365.2054138183594,165.18898010253906,120.56848907470703,33.43974685668945,83.33292388916016,34.47694396972656,21.459999084472656
2021-02-17,2116.25,61.13999938964844,32.73855972290039,90.94999694824219,1771.0999755859375,3.8359999656677246,93.85285186767578,33.30766296386719,44.63864517211914,365.2891540527344,164.5725555419922,120.56848907470703,33.421714782714844,83.10197448730469,34.18145751953125,21.5
2021-02-18,2141.5,60.52000045776367,33.04087829589844,90.58999633789062,1773.4000244140625,3.9165000915527344,92.60916900634766,33.29175567626953,42.70341873168945,363.7345275878906,163.41427612304688,118.36808776855469,33.214412689208984,82.68629455566406,33.48562240600586,22.489999771118164
2021-02-19,2132.0,59.2400016784668,34.97922134399414,90.36000061035156,1775.800048828125,4.090000152587891,94.72349548339844,34.110931396484375,44.13509750366211,363.0921936035156,166.22576904296875,121.1307373046875,33.822818756103516,84.04423522949219,34.877281188964844,22.049999237060547
2021-02-22,2167.0,61.4900016784668,35.868370056152344,90.01000213623047,1806.699951171875,4.152500152587891,93.74763488769531,34.65968704223633,42.96013259887695,360.29937744140625,166.28187561035156,120.19046020507812,33.953514099121094,84.3121337890625,36.554908752441406,23.450000762939453
2021-02-23,2156.25,61.66999816894531,36.00175476074219,90.16999816894531,1804.4000244140625,4.1875,93.84330749511719,34.747169494628906,40.89654541015625,360.7369079589844,166.66477966308594,119.57009887695312,34.07069396972656,84.57076263427734,36.57395935058594,23.110000610351562
2021-02-24,2189.75,63.220001220703125,35.743900299072266,90.18000030517578,1796.4000244140625,4.301000118255615,96.88563537597656,35.24822235107422,41.52845764160156,364.7120056152344,169.56971740722656,121.5087890625,34.36812973022461,86.16887664794922,37.889366149902344,21.34000015258789
2021-02-25,2253.25,63.529998779296875,34.18787384033203,90.12999725341797,1774.4000244140625,4.265999794006348,93.1640396118164,34.0711555480957,39.454994201660156,355.9239501953125,165.77743530273438,117.34056091308594,33.574954986572266,84.58000946044922,35.64937973022461,28.889999389648438
2021-02-26,2182.5,61.5,32.880828857421875,90.93000030517578,1728.0999755859375,4.0945000648498535,91.47067260742188,33.03725814819336,39.37601089477539,354.09002685546875,164.64724731445312,115.5181655883789,33.14682388305664,83.70242309570312,34.18145751953125,27.950000762939453
2021-03-01,2146.25,60.63999938964844,33.698848724365234,91.04000091552734,1722.5,4.119500160217285,94.53211212158203,34.1745491027832,41.6173210144043,362.6732177734375,169.13076782226562,119.14356994628906,33.98505783081055,85.84557342529297,35.81141662597656,23.350000381469727
2021-03-02,2231.25,59.75,33.68105697631836,90.79000091552734,1733.0999755859375,4.231500148773193,94.19727325439453,34.548343658447266,40.13628005981445,359.84326171875,168.12193298339844,118.1451187133789,34.174346923828125,85.59615325927734,36.07830810546875,24.100000381469727
2021-03-03,2221.0,61.279998779296875,33.796653747558594,90.94999694824219,1715.300048828125,4.1529998779296875,94.50341796875,34.596065521240234,38.181297302246094,355.0767822265625,167.9445037841797,117.73798370361328,33.836334228515625,85.68856048583984,36.697879791259766,26.670000076293945
2021-03-04,2186.0,63.83000183105469,31.44040298461914,91.62999725341797,1700.199951171875,3.990999937057495,92.72395324707031,33.132686614990234,36.08808898925781,350.68280029296875,164.93675231933594,115.0334701538086,33.17835998535156,84.32135772705078,35.01072692871094,28.56999969482422
2021-03-05,2194.75,66.08999633789062,32.35622787475586,91.9800033569336,1698.0,4.086999893188477,93.80503845214844,33.864376068115234,35.95973205566406,357.1342468261719,168.822509765625,116.06101989746094,33.93999481201172,86.31670379638672,36.240352630615234,24.65999984741211
2021-03-08,2190.5,65.05000305175781,32.19617462158203,92.30999755859375,1677.699951171875,4.103499889373779,94.13987731933594,34.007530212402344,35.031612396240234,355.3560791015625,170.34500122070312,116.25487518310547,34.395179748535156,87.22197723388672,37.22212219238281,25.469999313354492
2021-03-09,2185.0,64.01000213623047,32.28509521484375,91.95999908447266,1716.5999755859375,4.019499778747559,94.30252838134766,33.95186233520508,37.430904388427734,360.42974853515625,170.29833984375,116.71047973632812,34.606990814208984,86.8617172241211,37.67013931274414,24.030000686645508
2021-03-10,2187.25,64.44000244140625,32.365116119384766,91.79000091552734,1721.5,4.041999816894531,96.88563537597656,33.6496467590332,37.579010009765625,362.6732177734375,172.98838806152344,118.95938110351562,35.179344177246094,88.14575958251953,38.747249603271484,22.559999465942383
2021-03-11,2195.75,66.0199966430664,34.098960876464844,91.41999816894531,1722.300048828125,4.14300012588501,98.26329803466797,34.588111877441406,39.593223571777344,366.3503723144531,173.651611328125,121.343994140625,35.36861801147461,88.21040344238281,39.614646911621094,21.90999984741211
2021-03-12,2187.5,65.61000061035156,33.85000228881836,91.68000030517578,1719.5,4.145500183105469,100.98987579345703,34.6437873840332,39.3068962097168,366.8437805175781,176.08953857421875,123.27301788330078,35.463260650634766,89.39282989501953,39.54792404174805,20.690000534057617
2021-03-15,2233.5,65.38999938964844,33.698848724365234,91.83000183105469,1728.9000244140625,4.146500110626221,101.4682388305664,34.24612808227539,40.2547607421875,369.0315856933594,177.3411102294922,124.29083251953125,35.50381851196289,90.14110565185547,39.09992980957031,20.030000686645508
2021-03-16,2211.5,64.80000305175781,33.01420211791992,91.87000274658203,1730.5999755859375,4.078999996185303,99.38262939453125,33.72122573852539,38.793460845947266,368.5660705566406,174.69776916503906,121.89653778076172,35.21087646484375,88.85704040527344,37.99422836303711,19.790000915527344
2021-03-17,2249.5,64.5999984741211,33.38764572143555,91.4000015258789,1726.800048828125,4.127999782562256,101.22907257080078,33.73712921142578,39.25752258300781,369.8228454589844,176.08953857421875,123.88371276855469,35.52635955810547,89.88243103027344,39.02366256713867,19.229999542236328
2021-03-18,2232.5,60.0,32.68520736694336,91.8499984741211,1732.199951171875,4.117000102996826,99.63137817382812,33.30766296386719,37.983829498291016,364.44207763671875,175.41700744628906,121.2276840209961,35.32806396484375,89.7992935180664,38.12766647338867,21.579999923706055
2021-03-19,2256.25,61.41999816894531,32.19617462158203,91.91999816894531,1741.4000244140625,4.123499870300293,99.46874237060547,33.15654754638672,38.46763229370117,363.7677001953125,174.40818786621094,121.28582763671875,35.15229797363281,89.11571502685547,37.93702697753906,20.950000762939453
2021-03-22,2283.5,61.54999923706055,32.41846466064453,91.80000305175781,1737.800048828125,4.14900016784668,98.6555404663086,32.74298095703125,38.61574172973633,366.67242431640625,173.76370239257812,120.93116760253906,35.17402267456055,89.065673828125,37.06507873535156,18.8799991607666
2021-03-23,2240.0,57.7599983215332,30.684621810913086,92.33999633789062,1724.699951171875,4.0879998207092285,96.02459716796875,31.605695724487305,37.193939208984375,363.7864074707031,170.158203125,117.63774108886719,34.44085693359375,87.50896453857422,35.04994583129883,20.299999237060547
2021-03-24,2248.5,61.18000030517578,30.195587158203125,92.52999877929688,1732.9000244140625,4.071499824523926,95.90978240966797,31.717042922973633,36.226322174072266,361.93707275390625,171.0175323486328,117.28694152832031,34.68976974487305,88.14832305908203,35.030845642089844,21.200000762939453
2021-03-25,2247.25,58.560001373291016,29.99108123779297,92.87999725341797,1724.9000244140625,3.984999895095825,98.16033935546875,31.796567916870117,36.83848571777344,363.97320556640625,173.7356414794922,119.91780853271484,35.19211959838867,89.55677795410156,35.79487609863281,19.809999465942383
2021-03-26,2295.75,60.970001220703125,31.33370590209961,92.7699966430664,1732.199951171875,4.078499794006348,98.50582122802734,33.275848388671875,37.51976776123047,369.8385314941406,176.9154510498047,120.87269592285156,36.065589904785156,91.10420227050781,38.067874908447266,18.860000610351562
2021-03-29,2277.75,61.560001373291016,31.18255043029785,92.94000244140625,1712.0999755859375,4.043000221252441,99.02408599853516,33.06906509399414,36.8187370300293,369.65185546875,176.33474731445312,120.8921890258789,35.94339370727539,91.12272644042969,37.151031494140625,20.739999771118164
2021-03-30,2237.25,60.54999923706055,31.422618865966797,93.30000305175781,1683.9000244140625,3.9830000400543213,99.65750122070312,33.1804084777832,37.539512634277344,368.6711120605469,177.4024658203125,121.9737548828125,35.83930969238281,91.52119445800781,37.54259490966797,19.610000610351562
2021-03-31,2215.0,59.15999984741211,31.61823081970215,93.2300033569336,1713.800048828125,4.002999782562256,99.91661071777344,33.50648880004883,38.349151611328125,370.16546630859375,177.2713623046875,122.37325286865234,35.66279983520508,91.22467803955078,38.12516784667969,19.399999618530273
2021-04-01,2234.5,61.45000076293945,32.37400817871094,92.93000030517578,1726.5,4.003499984741211,100.23334503173828,33.840518951416016,39.36613464355469,374.162841796875,178.45147705078125,123.25019836425781,35.97507095336914,91.53046417236328,38.54539489746094,17.329999923706055
2021-04-05,2234.5,58.650001525878906,33.29872512817383,92.5999984741211,1727.0,4.14900016784668,101.77848815917969,34.651737213134766,39.73146057128906,379.5333251953125,180.3059844970703,124.7215347290039,36.41860580444336,92.66091918945312,38.917850494384766,17.90999984741211
2021-04-06,2273.75,59.33000183105469,33.5299072265625,92.33999633789062,1741.5,4.126500129699707,101.24102783203125,34.40518569946289,39.41550064086914,379.30914306640625,180.20294189453125,124.57537078857422,36.50006866455078,92.43852996826172,38.54539489746094,18.1200008392334
2021-04-07,2266.25,59.77000045776367,33.183135986328125,92.45999908447266,1740.0999755859375,4.064000129699707,100.76116943359375,34.43699645996094,38.3787727355957,379.7480773925781,178.97593688964844,123.57176208496094,35.87097930908203,92.01229858398438,38.220672607421875,17.15999984741211
2021-04-08,2290.5,59.599998474121094,33.67216873168945,92.05999755859375,1756.800048828125,4.103499889373779,101.53854370117188,34.90623474121094,38.72434997558594,381.5506896972656,179.5847625732422,124.86766815185547,35.91624069213867,92.23465728759766,38.14426040649414,16.950000762939453
2021-04-09,2266.75,59.31999969482422,33.325401306152344,92.16000366210938,1743.300048828125,4.05049991607666,101.52896118164062,34.548343658447266,38.921817779541016,384.32464599609375,181.21444702148438,124.81896209716797,36.22852325439453,93.13348388671875,37.72404861450195,16.690000534057617
2021-04-12,2270.0,59.70000076293945,32.080589294433594,92.13999938964844,1731.199951171875,4.03000020980835,101.78807830810547,34.19045639038086,38.260284423828125,384.46478271484375,181.78579711914062,124.96513366699219,36.35523986816406,93.47633361816406,37.42799377441406,16.90999984741211
2021-04-13,2304.5,60.18000030517578,32.711891174316406,91.8499984741211,1746.199951171875,4.043000221252441,101.4521713256836,34.39723587036133,38.497257232666016,385.60418701171875,181.00839233398438,123.91278839111328,36.269248962402344,93.02230072021484,37.40888977050781,16.649999618530273
2021-04-14,2336.5,63.150001525878906,34.072288513183594,91.69000244140625,1734.9000244140625,4.139999866485596,101.82644653320312,35.399330139160156,38.21092224121094,384.28729248046875,181.28001403808594,124.55587768554688,36.531742095947266,93.14274597167969,38.640899658203125,16.989999771118164
2021-04-15,2347.25,63.459999084472656,35.37934112548828,91.66999816894531,1765.4000244140625,4.230500221252441,101.64412689208984,36.15487289428711,38.112186431884766,388.4154968261719,181.8794403076172,124.19535827636719,36.96168518066406,93.51338958740234,39.01335525512695,16.56999969482422
2021-04-16,2327.5,63.130001068115234,35.33488464355469,91.55999755859375,1779.0,4.179999828338623,101.71128845214844,36.40937423706055,38.42813491821289,389.7137451171875,182.69427490234375,124.45844268798828,37.40974044799805,93.7172622680664,39.26167297363281,16.25
2021-04-19,2340.75,63.380001068115234,35.15705871582031,91.06999969482422,1769.4000244140625,4.25,101.02029418945312,36.472999572753906,37.30254364013672,387.7990417480469,181.53289794921875,123.75688934326172,37.23775863647461,93.32807922363281,38.78414535522461,17.290000915527344
2021-04-20,2320.25,62.439998626708984,34.09006881713867,91.23999786376953,1777.300048828125,4.223999977111816,99.02408599853516,35.61406707763672,37.0063362121582,384.9597473144531,179.40679931640625,121.65220642089844,36.880226135253906,92.29953002929688,37.59989547729492,18.68000030517578
2021-04-21,2377.25,61.349998474121094,34.65024185180664,91.16000366210938,1792.300048828125,4.286499977111816,100.34848022460938,36.18669128417969,37.91471481323242,388.602294921875,182.01058959960938,123.3866195678711,37.55003356933594,93.55973815917969,38.80324935913086,17.5
2021-04-22,2368.0,61.43000030517578,34.05450439453125,91.33000183105469,1781.199951171875,4.2804999351501465,99.99341583251953,35.74131393432617,37.944332122802734,385.05316162109375,181.24256896972656,122.99687194824219,36.91643524169922,93.08714294433594,38.16337585449219,18.709999084472656
2021-04-23,2372.5,62.13999938964844,34.872528076171875,90.86000061035156,1777.0,4.3429999351501465,101.2314453125,36.480953216552734,38.536746978759766,389.22796630859375,183.6590118408203,124.11739349365234,37.52286911010742,94.10639953613281,39.09930419921875,17.329999923706055
2021-04-26,2406.25,61.90999984741211,36.108436584472656,90.80999755859375,1779.199951171875,4.447999954223633,101.72089385986328,37.39556121826172,39.3068962097168,390.0406188964844,183.30311584472656,124.76049041748047,37.74463653564453,93.8284683227539,40.102108001708984,17.639999389648438
2021-04-27,2398.0,62.939998626708984,36.019535064697266,90.91000366210938,1778.0,4.743000030517578,102.19117736816406,37.2126350402832,39.2180290222168,389.9565124511719,184.7080078125,124.91638946533203,37.64507293701172,94.60680389404297,39.882442474365234,17.559999465942383
2021-04-28,2397.0,63.86000061035156,36.1351203918457,90.61000061035156,1773.199951171875,4.5370001792907715,101.71128845214844,37.53076171875,39.17853546142578,389.8444519042969,184.12730407714844,124.75076293945312,37.74916458129883,94.4122085571289,40.22625732421875,17.280000686645508
2021-04-29,2419.0,65.01000213623047,36.07288360595703,90.61000061035156,1768.0999755859375,4.493000030517578,102.39270782470703,37.33988952636719,38.52687454223633,392.3288879394531,185.11073303222656,125.56922912597656,37.984500885009766,95.07937622070312,39.29031753540039,17.610000610351562
2021-04-30,2413.0,63.58000183105469,35.08592224121094,91.27999877929688,1767.300048828125,4.479000091552734,102.1528091430664,36.43323516845703,37.7764778137207,389.75115966796875,183.6215362548828,124.79949188232422,37.581729888916016,94.44926452636719,38.640899658203125,18.610000610351562
2021-05-03,2413.0,64.48999786376953,35.56606674194336,90.94999694824219,1791.4000244140625,4.543000221252441,102.6422348022461,36.981998443603516,37.58888626098633,390.5917663574219,185.51345825195312,124.74102020263672,38.142906188964844,95.4222183227539,40.589168548583984,18.309999465942383
2021-05-04,2436.0,65.69000244140625,36.019535064697266,91.29000091552734,1775.800048828125,4.535999774932861,102.02802276611328,37.15696716308594,36.6607666015625,388.18194580078125,185.94432067871094,123.01636505126953,38.55927658081055,95.83917999267578,41.802066802978516,19.479999542236328
2021-05-05,2456.75,65.62999725341797,37.38882827758789,91.30999755859375,1784.0999755859375,4.539000034332275,101.01070404052734,38.23063659667969,36.937217712402344,388.30340576171875,185.98178100585938,120.58039093017578,39.04804992675781,95.93183135986328,42.43240737915039,19.149999618530273
2021-05-06,2504.75,64.70999908447266,38.05569076538086,90.94999694824219,1815.5,4.61899995803833,101.71128845214844,39.02595520019531,36.532405853271484,391.4042053222656,186.93710327148438,122.11017608642578,39.3784294128418,96.5989990234375,43.167781829833984,18.389999389648438
2021-05-07,2555.25,64.9000015258789,39.41609191894531,90.2300033569336,1831.0999755859375,4.765999794006348,103.28524780273438,40.1473388671875,36.98659133911133,394.25286865234375,188.9508514404297,123.6107177734375,39.76765060424805,97.61827087402344,43.683494567871094,16.690000534057617
2021-05-10,2549.0,64.91999816894531,40.011817932128906,90.20999908447266,1837.5,4.733500003814697,102.26792907714844,40.42570495605469,35.90049362182617,390.348876953125,188.65106201171875,122.0322265625,39.59114456176758,97.71092224121094,43.377891540527344,19.65999984741211
2021-05-11,2542.75,65.27999877929688,40.011817932128906,90.13999938964844,1835.9000244140625,4.778500080108643,101.11627197265625,40.54499435424805,36.443538665771484,386.8651123046875,186.150390625,120.58039093017578,39.722381591796875,96.26543426513672,44.36157989501953,21.84000015258789
2021-05-12,2513.75,66.08000183105469,38.38466262817383,90.70999908447266,1822.5999755859375,4.752500057220459,98.12193298339844,39.20092010498047,34.942752838134766,378.64605712890625,181.15823364257812,117.30642700195312,38.72220230102539,93.95816802978516,42.260494232177734,27.59000015258789
2021-05-13,2474.5,63.81999969482422,37.25545120239258,90.75,1823.800048828125,4.70550012588501,99.6670913696289,38.44537353515625,35.001991271972656,383.1945495605469,184.66119384765625,119.15779113769531,39.31507110595703,95.71874237060547,42.47060012817383,23.1299991607666
2021-05-14,2475.75,65.37000274658203,37.335479736328125,90.31999969482422,1837.9000244140625,4.664000034332275,101.70169067382812,38.381752014160156,36.226322174072266,389.0786437988281,187.49913024902344,121.36964416503906,39.78574752807617,97.04376983642578,43.06272506713867,18.809999465942383
2021-05-17,2525.75,66.2699966430664,37.753379821777344,90.22000122070312,1867.5,4.721499919891357,101.7304916381836,38.652156829833984,36.0584716796875,388.088623046875,187.002685546875,121.03836059570312,40.13423156738281,96.74726867675781,45.05876159667969,19.719999313354492
2021-05-18,2499.75,65.48999786376953,38.11792755126953,89.75,1867.800048828125,4.735499858856201,100.43486022949219,38.835079193115234,36.334930419921875,384.7450256347656,184.3427276611328,119.4988021850586,39.69070053100586,95.33882141113281,44.227874755859375,21.34000015258789
2021-05-19,2434.75,63.36000061035156,36.1795768737793,90.19000244140625,1881.300048828125,4.5894999504089355,99.95500183105469,37.55462646484375,36.078216552734375,383.7361755371094,183.0127716064453,118.99214172363281,39.08426284790039,94.80138397216797,42.8621711730957,22.18000030517578
2021-05-20,2424.5,62.04999923706055,35.992855072021484,89.80999755859375,1881.800048828125,4.581999778747559,100.95313262939453,37.355796813964844,36.59164810180664,387.86444091796875,183.50914001464844,120.00550079345703,39.10688400268555,95.01449584960938,42.7093620300293,20.670000076293945
2021-05-21,2388.5,63.58000183105469,35.548282623291016,90.0199966430664,1876.699951171875,4.495999813079834,101.80728149414062,37.093345642089844,36.95697021484375,387.5469055175781,184.5206756591797,120.43421936035156,39.1928825378418,95.47779846191406,42.55655288696289,20.149999618530273
2021-05-24,2406.5,66.05000305175781,35.53049850463867,89.83000183105469,1884.5999755859375,4.541500091552734,102.89176177978516,37.19673538208008,37.401283264160156,391.4977111816406,185.663330078125,122.39274597167969,39.541351318359375,96.07083129882812,43.31103515625,18.399999618530273
2021-05-25,2393.5,66.06999969482422,34.99700927734375,89.63999938964844,1898.0999755859375,4.521999835968018,102.78617858886719,36.48890686035156,37.18406677246094,390.6290283203125,184.86724853515625,121.9835205078125,39.206459045410156,95.78358459472656,42.28913879394531,18.84000015258789
2021-05-26,2424.5,66.20999908447266,35.46826171875,90.04000091552734,1901.300048828125,4.5329999923706055,103.29483032226562,36.679786682128906,37.855472564697266,391.4042053222656,185.67271423339844,123.02609252929688,39.220035552978516,96.08937072753906,43.014976501464844,17.360000610351562
2021-05-27,2501.25,66.8499984741211,36.784202575683594,89.97000122070312,1895.699951171875,4.666500091552734,106.13561248779297,37.6262092590332,38.240543365478516,391.6097412109375,187.92056274414062,126.35848999023438,39.53230285644531,97.40515899658203,44.628990173339844,16.739999771118164
2021-05-28,2519.5,66.31999969482422,36.66861343383789,90.02999877929688,1902.5,4.682499885559082,105.85730743408203,37.81707763671875,37.72711181640625,392.31024169921875,188.2296600341797,126.25131225585938,39.491573333740234,97.40515899658203,44.390228271484375,16.760000228881836
2021-06-01,2493.0,67.72000122070312,37.282127380371094,89.83000183105469,1902.9000244140625,4.6620001792907715,106.95138549804688,38.81916809082031,37.835723876953125,391.96466064453125,189.1756134033203,127.31340026855469,40.04371643066406,97.7850570678711,45.6126823425293,17.899999618530273
2021-06-02,2465.25,68.83000183105469,36.82865905761719,89.9000015258789,1907.5,4.599999904632568,107.02816009521484,38.76350402832031,38.47751235961914,392.5810546875,188.398193359375,127.68364715576172,39.70881652832031,97.50706481933594,44.94416427612305,17.479999542236328
2021-06-03,2427.75,68.80999755859375,35.841705322265625,90.5,1871.199951171875,4.471499919891357,106.50991821289062,38.13520050048828,37.786354064941406,391.1240234375,187.5646209716797,127.23545837402344,39.69976043701172,97.2939682006836,44.371124267578125,18.040000915527344
2021-06-04,2478.25,69.62000274658203,36.4640998840332,90.13999938964844,1889.800048828125,4.537499904632568,107.39286804199219,38.4135627746582,38.40839385986328,394.701171875,188.4918975830078,128.7262420654297,39.78574752807617,97.6090087890625,44.57168960571289,16.420000076293945
2021-06-07,2452.75,69.2300033569336,35.64609146118164,89.94999694824219,1896.800048828125,4.534999847412109,107.65196228027344,38.015907287597656,38.3787727355957,394.3182678222656,187.6114959716797,129.52523803710938,39.301490783691406,96.93258666992188,44.17057418823242,16.420000076293945
2021-06-08,2470.75,70.05000305175781,35.503822326660156,90.08000183105469,1892.199951171875,4.563000202178955,108.35258483886719,38.015907287597656,38.220794677734375,394.40228271484375,188.25775146484375,131.10377502441406,39.37390899658203,97.18275451660156,45.0014533996582,17.06999969482422
2021-06-09,2475.25,69.95999908447266,35.33488464355469,90.12000274658203,1893.199951171875,4.536499977111816,106.99935913085938,37.79322814941406,37.657997131347656,393.8139343261719,186.31898498535156,129.26214599609375,39.0661506652832,96.19129943847656,44.87730407714844,17.889999389648438
2021-06-10,2500.75,70.29000091552734,35.26374816894531,90.08000183105469,1894.199951171875,4.489999771118164,106.8349838256836,37.59463119506836,37.450653076171875,395.6445007324219,185.31680297851562,129.24267578125,38.83081817626953,95.71874237060547,44.714935302734375,16.100000381469727
2021-06-11,2488.75,70.91000366210938,35.60163116455078,90.55999755859375,1877.4000244140625,4.541500091552734,107.2771987915039,38.08706283569336,37.80610275268555,396.29833984375,185.94432067871094,130.0221710205078,38.97563552856445,95.91331481933594,44.97280502319336,15.649999618530273
2021-06-14,2518.0,70.87999725341797,35.130374908447266,90.5199966430664,1864.0,4.5320000648498535,106.9406967163086,37.73186492919922,37.62837600708008,397.18560791015625,184.94215393066406,129.9539794921875,38.49591827392578,95.47779846191406,43.81721115112305,16.389999389648438
2021-06-15,2479.75,72.12000274658203,33.56547164916992,90.54000091552734,1854.5,4.340000152587891,107.49829864501953,37.11833572387695,37.13469314575195,396.4571228027344,185.53219604492188,130.10987854003906,38.41444396972656,95.88552856445312,43.59755325317383,17.020000457763672
2021-06-16,2488.25,72.1500015258789,32.614078521728516,91.12999725341797,1859.5,4.392499923706055,106.46968078613281,36.327213287353516,37.0754508972168,394.2435607910156,183.808837890625,129.6519012451172,37.98903274536133,94.9774398803711,42.97677230834961,18.149999618530273
2021-06-17,2420.0,71.04000091552734,31.031394958496094,91.88999938964844,1773.800048828125,4.184500217437744,105.1237564086914,34.97907257080078,37.065582275390625,394.11279296875,181.0552215576172,128.35598754882812,37.1427116394043,93.51338958740234,40.598724365234375,17.75
2021-06-18,2401.75,71.63999938964844,30.826887130737305,92.2300033569336,1767.9000244140625,4.162499904632568,104.0182113647461,34.50278091430664,36.631141662597656,388.7960510253906,178.73243713378906,126.51439666748047,36.540802001953125,92.29953002929688,39.45267868041992,20.700000762939453
2021-06-21,2420.5,73.66000366210938,31.965002059936523,91.86000061035156,1781.800048828125,4.1875,106.53695678710938,35.172813415527344,37.29267501831055,394.3620300292969,182.46949768066406,129.16421508789062,37.29941177368164,94.32966613769531,40.27190017700195,17.889999389648438
2021-06-22,2439.25,73.05999755859375,32.40958023071289,91.7300033569336,1776.300048828125,4.234499931335449,106.27738952636719,35.4957275390625,38.59599304199219,396.4703369140625,183.12513732910156,129.1251983642578,37.44940948486328,94.431884765625,40.52071762084961,16.65999984741211
2021-06-23,2447.25,73.08000183105469,33.031986236572266,91.80000305175781,1782.300048828125,4.330999851226807,105.96977233886719,35.82670211791992,38.9613151550293,395.9924621582031,182.74114990234375,129.2812042236328,37.20851516723633,94.21812438964844,40.922672271728516,16.31999969482422
2021-06-24,2454.0,73.30000305175781,33.2009162902832,91.81999969482422,1775.5999755859375,4.311500072479248,107.06571960449219,36.50481414794922,39.168663024902344,398.3350830078125,184.25482177734375,130.53932189941406,37.32670211791992,94.95243835449219,42.1093864440918,15.970000267028809
2021-06-25,2502.0,74.05000305175781,33.55657958984375,91.80999755859375,1776.5999755859375,4.298999786376953,107.68096923828125,36.74699401855469,39.40563201904297,399.7499694824219,184.7618865966797,133.06524658203125,37.33123779296875,95.13836669921875,41.171504974365234,15.619999885559082
2021-06-28,2511.5,72.91000366210938,33.10311508178711,91.87999725341797,1779.5999755859375,4.2779998779296875,105.71980285644531,36.31914138793945,39.6623420715332,400.55584716796875,183.7477264404297,130.89041137695312,37.33123779296875,94.63638305664062,40.44416046142578,15.760000228881836
2021-06-29,2569.0,72.9800033569336,32.9254035949707,92.05000305175781,1762.800048828125,4.276500225067139,104.33546447753906,36.48866653442383,39.46487045288086,400.7714538574219,183.20314025878906,128.8520965576172,37.313053131103516,94.45047760009766,40.501590728759766,16.020000457763672
2021-06-30,2548.75,73.47000122070312,33.175453186035156,92.44000244140625,1770.800048828125,4.296500205993652,105.29680633544922,36.464447021484375,39.27727127075195,401.1087341308594,184.4708251953125,129.02764892578125,37.413047790527344,95.18482208251953,41.20977783203125,15.829999923706055
2021-07-01,2534.75,75.2300033569336,33.02363586425781,92.5999984741211,1775.9000244140625,4.242000102996826,105.8159408569336,36.327213287353516,39.050174713134766,403.32940673828125,185.59762573242188,129.3592529296875,37.61760330200195,95.86339569091797,41.42033386230469,15.479999542236328
2021-07-02,2585.75,75.16000366210938,33.22902297973633,92.2300033569336,1782.5999755859375,4.2820000648498535,105.72943115234375,36.58553695678711,38.84283447265625,406.4123840332031,185.71029663085938,129.32022094726562,37.67213821411133,96.01212310791016,41.5543212890625,15.069999694824219
2021-07-06,2556.0,73.37000274658203,32.353878021240234,92.55000305175781,1793.5,4.257999897003174,104.90265655517578,35.94779968261719,38.517005920410156,405.6721496582031,183.954345703125,128.2182159423828,37.11306381225586,95.09186553955078,40.2623291015625,16.440000534057617
2021-07-07,2524.0,72.19999694824219,33.0414924621582,92.63999938964844,1801.5,4.328999996185303,104.80652618408203,36.50481414794922,38.023319244384766,407.10577392578125,185.29713439941406,127.9646224975586,37.49941635131836,96.04000854492188,40.98009490966797,16.200000762939453
2021-07-08,2467.0,72.94000244140625,32.30922317504883,92.36000061035156,1799.5999755859375,4.271500110626221,104.75845336914062,35.80248260498047,37.687618255615234,403.7886657714844,182.7617645263672,127.7208251953125,36.99033737182617,94.70147705078125,40.118770599365234,19.0
2021-07-09,2521.75,74.55999755859375,33.577301025390625,92.12999725341797,1810.0,4.352499961853027,106.06590270996094,37.13448715209961,38.28003692626953,408.0989990234375,185.78541564941406,129.26170349121094,37.71760177612305,96.19801330566406,41.77444076538086,16.18000030517578
2021-07-12,2511.25,74.0999984741211,33.577301025390625,92.2300033569336,1805.5,4.322999954223633,105.2103042602539,37.31208801269531,37.746856689453125,409.56085205078125,186.07650756835938,127.42823791503906,37.84031677246094,96.32814025878906,41.793575286865234,16.170000076293945
2021-07-13,2559.25,75.25,33.086143493652344,92.75,1809.4000244140625,4.314499855041504,103.55677795410156,36.90845489501953,37.193939208984375,408.16461181640625,184.06700134277344,125.73125457763672,37.494873046875,95.39862060546875,40.83654022216797,17.1200008392334
2021-07-14,2542.5,73.12999725341797,32.612850189208984,92.41000366210938,1824.300048828125,4.2769999504089355,102.50887298583984,36.96495819091797,36.868106842041016,408.77362060546875,183.466064453125,123.58568572998047,37.41759490966797,95.38933563232422,40.645137786865234,16.329999923706055
2021-07-15,2534.75,71.6500015258789,32.76466751098633,92.62000274658203,1828.4000244140625,4.333000183105469,102.00898742675781,37.06990051269531,36.334930419921875,407.3775634765625,183.73834228515625,122.62017822265625,37.42214584350586,95.57523345947266,40.549434661865234,17.010000228881836
2021-07-16,2506.25,71.80999755859375,31.4340763092041,92.69000244140625,1814.5,4.332499980926514,100.88422393798828,36.19805145263672,35.604286193847656,404.1822509765625,181.95420837402344,121.62539672851562,36.8585205078125,94.72936248779297,39.008609771728516,18.450000762939453
2021-07-19,2440.0,66.41999816894531,30.103487014770508,92.88999938964844,1808.699951171875,4.2104997634887695,97.77904510498047,34.87412643432617,35.10072708129883,398.2132568359375,178.36717224121094,118.36800384521484,36.06761932373047,92.74942779541016,37.716617584228516,22.5
2021-07-20,2485.25,67.41999816894531,30.442825317382812,92.97000122070312,1810.9000244140625,4.273499965667725,101.73982238769531,35.45535659790039,35.969608306884766,403.91986083984375,183.33462524414062,122.58114624023438,36.47670364379883,95.34284210205078,38.893768310546875,19.729999542236328
2021-07-21,2478.0,70.30000305175781,31.710906982421875,92.75,1802.9000244140625,4.28249979019165,103.40294647216797,36.327213287353516,36.631141662597656,407.19012451171875,185.30653381347656,124.96080780029297,36.87669372558594,96.2538070678711,40.33889389038086,17.90999984741211
2021-07-22,2508.75,71.91000366210938,31.916297912597656,92.81999969482422,1805.0,4.3480000495910645,102.56658935546875,36.42408752441406,36.532405853271484,408.0428161621094,184.29238891601562,123.54666137695312,36.89033889770508,95.90057373046875,40.00392532348633,17.690000534057617
2021-07-23,2531.25,72.06999969482422,32.21099853515625,92.91000366210938,1801.4000244140625,4.406499862670898,102.88383483886719,36.84386444091797,36.67063522338867,412.24072265625,185.2032470703125,123.73197937011719,37.14942169189453,96.30957794189453,40.22404098510742,17.200000762939453
2021-07-26,2542.0,71.91000366210938,33.104007720947266,92.6500015258789,1798.699951171875,4.589000225067139,103.38373565673828,37.84488296508789,36.68050765991211,413.25274658203125,185.25958251953125,124.17081451416016,37.463050842285156,96.26311492919922,41.382049560546875,17.579999923706055
2021-07-27,2515.25,71.6500015258789,33.032569885253906,92.43000030517578,1799.5,4.546000003814697,103.61444091796875,37.53004837036133,36.3941764831543,411.36932373046875,184.3299102783203,123.8392562866211,37.5130500793457,95.73326110839844,40.999237060546875,19.360000610351562
2021-07-28,2557.0,72.38999938964844,33.37191390991211,92.31999969482422,1799.5,4.479000091552734,104.6527099609375,38.08706283569336,37.22356033325195,411.2005310058594,184.2642059326172,124.98029327392578,37.62213897705078,95.51016235351562,41.506465911865234,18.309999465942383
2021-07-29,2620.75,73.62000274658203,34.34529495239258,91.86000061035156,1831.199951171875,4.519999980926514,104.98917388916016,39.128448486328125,37.37165832519531,412.906005859375,185.65402221679688,125.43867492675781,38.035770416259766,96.26311492919922,43.449249267578125,17.700000762939453
2021-07-30,2624.25,73.94999694824219,33.8005485534668,92.16999816894531,1812.5999755859375,4.480500221252441,103.7970962524414,38.305023193359375,37.51976776123047,410.9007873535156,185.29713439941406,124.17081451416016,38.1903076171875,96.07718658447266,43.04729461669922,18.239999771118164
2021-08-02,2647.0,71.26000213623047,33.863067626953125,92.05000305175781,1818.0999755859375,4.432000160217285,103.48947143554688,38.08706283569336,37.657997131347656,410.0387268066406,184.04823303222656,124.07330322265625,37.726680755615234,95.41722106933594,42.147682189941406,19.459999084472656
2021-08-03,2607.75,70.55999755859375,33.791629791259766,92.08000183105469,1810.0999755859375,4.382999897003174,104.36430358886719,38.57950210571289,37.786354064941406,413.3746032714844,186.29249572753906,124.39514923095703,38.11758804321289,96.66277313232422,42.81760787963867,18.040000915527344
2021-08-04,2589.25,68.1500015258789,33.28261184692383,92.2699966430664,1810.5,4.329999923706055,102.19166564941406,38.305023193359375,37.66787338256836,411.34124755859375,183.7195587158203,119.57733154296875,37.75395584106445,95.35213470458984,41.09494400024414,17.969999313354492
2021-08-05,2610.25,69.08999633789062,33.220096588134766,92.23999786376953,1805.0999755859375,4.3454999923706055,103.35490417480469,37.643062591552734,38.220794677734375,413.9461669921875,184.77130126953125,120.87443542480469,37.699405670166016,95.79832458496094,40.81740188598633,17.280000686645508
2021-08-06,2601.25,68.27999877929688,33.246891021728516,92.80000305175781,1760.0,4.3454999923706055,104.24897003173828,37.65113830566406,37.66787338256836,414.63018798828125,185.54129028320312,122.5518798828125,38.24486541748047,96.24451446533203,41.65958786010742,16.149999618530273
2021-08-09,2570.75,66.4800033569336,32.91646957397461,92.94999694824219,1723.4000244140625,4.2870001792907715,103.7682876586914,37.61077880859375,37.6777458190918,414.2928771972656,184.83700561523438,122.02525329589844,38.199405670166016,95.86339569091797,41.630882263183594,16.719999313354492
2021-08-10,2596.75,68.29000091552734,33.488006591796875,93.05999755859375,1728.800048828125,4.351500034332275,104.41236114501953,38.183937072753906,38.35902404785156,414.8081970214844,186.54605102539062,122.27881622314453,38.77666091918945,96.83941650390625,43.286537170410156,16.790000915527344
2021-08-11,2607.75,69.25,34.11310577392578,92.91000366210938,1750.4000244140625,4.363999843597412,105.41217041015625,38.732887268066406,38.201045989990234,415.8389587402344,188.86538696289062,122.90299987792969,39.32211685180664,98.09427642822266,44.29142379760742,16.170000076293945
2021-08-12,2593.5,69.08999633789062,33.8005485534668,93.04000091552734,1749.0,4.355999946594238,104.63348388671875,38.490699768066406,38.902076721191406,417.0853271484375,188.583740234375,121.79118347167969,39.258487701416016,97.90839385986328,44.00432205200195,15.59000015258789
2021-08-13,2618.0,68.44000244140625,34.26492691040039,92.5199966430664,1775.199951171875,4.38700008392334,103.53752899169922,38.5714225769043,37.894962310791016,417.84429931640625,187.69161987304688,119.76263427734375,39.29483413696289,97.60163879394531,43.90862274169922,15.449999809265137
2021-08-16,2616.25,67.29000091552734,33.300472259521484,92.62999725341797,1786.9000244140625,4.322000026702881,103.12415313720703,38.038631439208984,37.539512634277344,418.828125,188.06729125976562,119.29449462890625,39.09938049316406,97.93626403808594,43.01858139038086,16.1200008392334
2021-08-17,2613.75,66.58999633789062,31.82699966430664,93.12999725341797,1785.0,4.199999809265137,102.04743957519531,36.88423538208008,36.79899597167969,416.0826416015625,185.9920196533203,118.46552276611328,38.64939880371094,96.8765869140625,41.812713623046875,17.90999984741211
2021-08-18,2572.5,65.45999908447266,31.201889038085938,93.13999938964844,1781.5999755859375,4.116000175476074,101.02842712402344,36.036590576171875,36.87797927856445,411.5285949707031,183.98251342773438,117.3439712524414,38.199405670166016,95.81690216064453,41.42033386230469,21.56999969482422
2021-08-19,2562.75,63.689998626708984,29.674833297729492,93.56999969482422,1780.199951171875,4.03849983215332,99.1922378540039,34.45433807373047,36.55215072631836,412.165771484375,182.51760864257812,115.18862915039062,37.85850143432617,95.14764404296875,39.79338836669922,21.670000076293945
2021-08-20,2566.5,62.31999969482422,29.665904998779297,93.5,1781.0,4.134500026702881,100.07669067382812,34.438194274902344,37.016212463378906,415.4454345703125,183.30642700195312,116.44670867919922,38.08121871948242,95.39862060546875,39.84122848510742,18.559999465942383
2021-08-23,2620.0,65.63999938964844,30.880401611328125,92.95999908447266,1803.199951171875,4.234499931335449,101.43219757080078,35.09209060668945,37.796226501464844,419.0998840332031,184.9873046875,118.09492492675781,38.40848922729492,96.17945098876953,41.286354064941406,17.149999618530273
2021-08-24,2647.5,67.54000091552734,31.621610641479492,92.88999938964844,1805.5999755859375,4.255000114440918,102.06666564941406,35.9800910949707,38.06281280517578,419.7651672363281,186.03895568847656,119.22624206542969,38.64939880371094,96.66277313232422,42.1285400390625,17.219999313354492
2021-08-25,2648.5,68.36000061035156,31.76448631286621,92.83000183105469,1788.199951171875,4.264999866485596,102.28778839111328,36.15768814086914,38.181297302246094,420.6459655761719,187.24090576171875,119.32377624511719,38.8266716003418,97.28559875488281,41.78400802612305,16.790000915527344
2021-08-26,2655.5,67.41999816894531,31.4340763092041,93.05999755859375,1792.199951171875,4.245999813079834,101.24951934814453,35.61681365966797,37.944332122802734,418.162841796875,186.29249572753906,118.43627166748047,38.55849075317383,96.85801696777344,41.047088623046875,18.84000015258789
2021-08-27,2680.0,68.73999786376953,32.746803283691406,92.69000244140625,1816.5999755859375,4.316500186920166,102.55696105957031,36.69855880737305,38.47751235961914,421.9015808105469,188.02032470703125,120.33805084228516,39.06756591796875,97.52725982666016,42.89415740966797,16.389999389648438
2021-08-30,2673.0,69.20999908447266,32.99684524536133,92.6500015258789,1809.0,4.361000061035156,101.69173431396484,37.013389587402344,38.6354866027832,423.75689697265625,187.71041870117188,119.22624206542969,39.02666473388672,97.41571044921875,42.607051849365234,16.190000534057617
2021-08-31,2746.25,68.5,32.970054626464844,92.62999725341797,1815.0,4.360000133514404,101.88401794433594,36.76313781738281,38.862579345703125,423.1291198730469,187.06253051757812,119.56758117675781,38.913021087646484,97.14616394042969,42.386924743652344,16.479999542236328
2021-09-01,2717.5,68.58999633789062,32.7557258605957,92.44999694824219,1813.0999755859375,4.263000011444092,101.38411712646484,36.57746887207031,39.06005096435547,423.35406494140625,186.74325561523438,119.29449462890625,38.81303787231445,96.77433776855469,42.50177764892578,16.110000610351562
2021-09-02,2723.25,69.98999786376953,33.14866256713867,92.2300033569336,1808.699951171875,4.289999961853027,102.06666564941406,36.74699401855469,39.721580505371094,424.6565246582031,188.668212890625,119.94792938232422,39.06302261352539,97.81541442871094,42.942012786865234,16.40999984741211
2021-09-03,2753.75,69.29000091552734,33.69339370727539,92.04000091552734,1830.9000244140625,4.325500011444092,101.05726623535156,37.19099044799805,39.46487045288086,424.553466796875,187.40052795410156,118.76785278320312,38.80393981933594,97.22051239013672,43.03771209716797,16.40999984741211
2021-09-07,2787.75,68.3499984741211,33.38084411621094,92.5199966430664,1795.9000244140625,4.277500152587891,99.79786682128906,36.79542922973633,39.484619140625,423.0353698730469,184.61166381835938,117.3537368774414,38.54939651489258,95.53804779052734,43.104713439941406,18.139999389648438
2021-09-08,2818.5,69.30000305175781,32.30922317504883,92.6500015258789,1790.699951171875,4.23199987411499,99.39411163330078,36.18998336791992,38.605865478515625,422.5201110839844,184.54592895507812,116.95386505126953,38.18122482299805,95.66818237304688,42.1093864440918,17.959999084472656
2021-09-09,2864.25,68.13999938964844,32.612850189208984,92.4800033569336,1797.4000244140625,4.2835001945495605,99.81713104248047,36.246490478515625,38.951438903808594,420.71160888671875,183.7665252685547,116.6807861328125,38.19485855102539,95.20342254638672,42.37736511230469,18.799999237060547
2021-09-10,2948.0,69.72000122070312,33.22902297973633,92.58000183105469,1789.5999755859375,4.447999954223633,98.77885437011719,36.44023132324219,38.48738098144531,417.3944396972656,182.696044921875,115.51049041748047,38.1857795715332,94.77583312988281,42.77933120727539,20.950000762939453
2021-09-13,2929.5,70.44999694824219,33.5594482421875,92.62000274658203,1792.0,4.363500118255615,99.55754089355469,36.682411193847656,38.25041961669922,418.462646484375,183.30642700195312,116.49547576904297,38.17667770385742,95.02681732177734,42.69318771362305,19.3700008392334
2021-09-14,2866.5,70.45999908447266,33.12186813354492,92.6500015258789,1804.699951171875,4.317999839782715,98.4808349609375,36.060813903808594,37.894962310791016,416.2044372558594,180.9776153564453,114.81804656982422,37.758506774902344,93.88347625732422,41.860565185546875,19.459999084472656
2021-09-15,2928.25,72.61000061035156,33.80949020385742,92.48999786376953,1792.4000244140625,4.403500080108643,99.615234375,36.5936164855957,38.329402923583984,419.68084716796875,182.95896911621094,115.62750244140625,38.158485412597656,94.91526794433594,43.23869323730469,18.18000030517578
2021-09-16,2918.0,72.61000061035156,32.40745544433594,92.86000061035156,1754.5999755859375,4.278500080108643,98.56734466552734,35.35041427612305,38.586116790771484,419.0155944824219,181.8884735107422,114.59371948242188,37.744869232177734,94.26458740234375,41.573455810546875,18.690000534057617
2021-09-17,2919.5,71.97000122070312,31.37156105041504,93.19999694824219,1749.4000244140625,4.245500087738037,98.44237518310547,34.0829963684082,38.23066711425781,414.93389892578125,180.20762634277344,114.55471801757812,36.96760940551758,93.26070404052734,40.52071762084961,20.809999465942383
2021-09-20,2896.5,70.29000091552734,29.871301651000977,93.23999786376953,1761.800048828125,4.117000102996826,97.85595703125,32.629905700683594,36.96683883666992,408.01519775390625,178.066650390625,113.87248229980469,36.25724411010742,92.19104766845703,39.03209686279297,25.709999084472656
2021-09-21,2883.5,70.55999755859375,29.907014846801758,93.19999694824219,1776.0,4.127999782562256,97.05802154541016,32.767147064208984,36.7940559387207,407.6297607421875,177.23097229003906,113.13069915771484,36.170509338378906,91.70613861083984,38.64867401123047,24.360000610351562
2021-09-22,2976.0,72.2300033569336,30.648221969604492,93.45999908447266,1776.699951171875,4.252500057220459,99.35565948486328,33.49369430541992,37.342037200927734,411.6061096191406,179.09957885742188,115.07298278808594,36.54486083984375,92.43352508544922,39.42510986328125,20.8700008392334
2021-09-23,2987.5,73.30000305175781,31.166170120239258,93.0999984741211,1747.699951171875,4.230999946594238,101.03803253173828,33.961910247802734,37.84560012817383,416.6070861816406,181.87908935546875,116.96646118164062,37.0653076171875,93.85098266601562,39.89479064941406,18.6299991607666
2021-09-24,2958.0,73.9800033569336,30.83575439453125,93.33000183105469,1749.699951171875,4.287499904632568,101.41455841064453,33.57441711425781,37.045833587646484,417.2933349609375,182.22653198242188,117.02501678466797,37.01051712036133,94.04681396484375,39.645572662353516,17.75
2021-09-27,2923.25,75.44999694824219,31.01435661315918,93.37999725341797,1750.0,4.293499946594238,102.5509033203125,33.7197265625,36.87797927856445,416.0995788574219,182.86508178710938,118.94779205322266,37.29813003540039,94.14006042480469,41.02587127685547,18.760000228881836
2021-09-28,2974.25,75.29000091552734,30.505338668823242,93.7699966430664,1735.800048828125,4.244999885559082,101.20269775390625,32.847869873046875,35.68326950073242,407.7143859863281,180.45179748535156,117.02501678466797,36.837039947509766,93.04898071289062,40.81500244140625,23.25
2021-09-29,2965.25,74.83000183105469,29.924880981445312,94.33999633789062,1721.5,4.199999809265137,101.80940246582031,32.63798522949219,35.20934295654297,408.40057373046875,180.44236755371094,117.29830169677734,36.68638610839844,93.15158081054688,39.933135986328125,22.559999465942383
2021-09-30,2903.0,75.02999877929688,30.541059494018555,94.25,1755.300048828125,4.090000152587891,100.3841323852539,32.920528411865234,35.24883270263672,403.4090270996094,177.02230834960938,116.4101333618164,36.115726470947266,91.2398681640625,40.00981521606445,23.139999389648438
2021-10-01,2902.25,75.87999725341797,30.880401611328125,94.04000091552734,1757.0,4.19350004196167,102.27163696289062,33.17884826660156,35.42655944824219,408.203125,179.7545928955078,118.5183334350586,36.69095230102539,92.48947143554688,40.66162872314453,21.100000381469727
2021-10-04,2957.25,77.62000274658203,30.77324104309082,93.80999755859375,1766.199951171875,4.246500015258789,101.63605499267578,32.847869873046875,34.41945266723633,402.93902587890625,178.7371063232422,117.7570571899414,36.531166076660156,91.98588562011719,40.81500244140625,22.959999084472656
2021-10-05,2966.5,78.93000030517578,31.059003829956055,93.9800033569336,1759.5999755859375,4.202000141143799,102.21385192871094,33.02547073364258,34.97237014770508,407.131591796875,180.44236755371094,117.91322326660156,36.85530090332031,93.0116958618164,41.09298324584961,21.299999237060547
2021-10-06,2942.0,77.43000030517578,30.56784439086914,94.2699966430664,1760.5,4.1570000648498535,102.74352264404297,32.73485565185547,34.814395904541016,408.8235778808594,181.07363891601562,118.38170623779297,36.78681945800781,93.42201232910156,40.287803649902344,21.0
2021-10-07,2991.0,78.30000305175781,31.621610641479492,94.22000122070312,1757.9000244140625,4.250999927520752,103.87025451660156,33.566341400146484,35.377193450927734,412.3581848144531,182.73178100585938,119.77739715576172,37.266170501708984,94.14939880371094,41.07380676269531,19.540000915527344
2021-10-08,3011.25,79.3499984741211,31.621610641479492,94.06999969482422,1756.300048828125,4.2829999923706055,103.7931900024414,33.671287536621094,35.06123352050781,411.6061096191406,182.54339599609375,119.62125396728516,37.06074142456055,94.14006042480469,40.690391540527344,18.770000457763672
2021-10-11,3111.5,80.5199966430664,32.38960266113281,94.31999969482422,1754.5999755859375,4.374499797821045,103.73542022705078,34.22023391723633,34.77490234375,408.626220703125,181.01710510253906,119.66028594970703,37.0653076171875,93.38470458984375,41.35179138183594,20.0
2021-10-12,3108.75,80.63999938964844,32.66643524169922,94.5199966430664,1758.300048828125,4.328999996185303,103.6294937133789,34.357479095458984,34.7650260925293,407.620361328125,180.75328063964844,120.06046295166016,37.11552429199219,93.07696533203125,41.45722579956055,19.850000381469727
2021-10-13,3038.75,80.44000244140625,33.46121597290039,94.08000183105469,1793.699951171875,4.520500183105469,103.3598403930664,34.607723236083984,35.33769989013672,409.0868225097656,181.224365234375,119.72860717773438,37.39400100708008,93.2728042602539,42.06111526489258,18.639999389648438
2021-10-14,3130.5,81.30999755859375,34.53282928466797,93.95999908447266,1796.699951171875,4.631499767303467,103.41761779785156,35.43921661376953,35.83137893676758,415.9678955078125,184.46539306640625,120.26542663574219,38.302490234375,95.03530883789062,42.31032943725586,16.860000610351562
2021-10-15,3171.0,82.27999877929688,35.49728775024414,93.94000244140625,1767.199951171875,4.734000205993652,103.9569091796875,35.85898971557617,35.841251373291016,419.1358337402344,185.96340942382812,120.21660614013672,38.41661071777344,95.94918823242188,42.91421890258789,16.299999237060547
2021-10-18,3202.5,82.44000244140625,35.80983352661133,93.94999694824219,1764.800048828125,4.730500221252441,103.7161636352539,35.907432556152344,35.83137893676758,420.3767395019531,186.3308563232422,119.36746978759766,38.38923645019531,96.01448059082031,43.3839111328125,16.309999465942383
2021-10-19,3138.25,82.95999908447266,35.684814453125,93.79000091552734,1769.699951171875,4.714000225067139,104.17841339111328,35.72982406616211,36.74962615966797,423.61981201171875,187.18820190429688,120.1971206665039,38.5900993347168,96.58332824707031,42.5403938293457,15.699999809265137
2021-10-20,3108.75,83.87000274658203,35.72053909301758,93.55999755859375,1784.0999755859375,4.75600004196167,104.3709945678711,35.592594146728516,36.720001220703125,425.28375244140625,188.39419555664062,120.65581512451172,38.900535583496094,97.18946075439453,42.86629104614258,15.489999771118164
2021-10-21,2935.5,82.5,34.54176330566406,93.7699966430664,1781.199951171875,4.58650016784668,104.44802856445312,34.640018463134766,37.0853271484375,426.3929443359375,188.940673828125,120.72415161132812,38.80009460449219,97.38530731201172,42.13778305053711,15.010000228881836
2021-10-22,2907.75,83.76000213623047,34.15776062011719,93.61000061035156,1795.5,4.526000022888184,104.39988708496094,34.61580276489258,36.62126922607422,425.9512023925781,189.2232666015625,120.64608764648438,38.72705841064453,97.7303466796875,42.6554069519043,15.430000305175781
2021-10-25,2908.0,83.76000213623047,34.916831970214844,93.80999755859375,1806.0,4.551499843597412,104.1302490234375,35.447288513183594,37.282798767089844,428.2354431152344,190.11831665039062,120.63629150390625,39.115108489990234,97.95414733886719,43.80567169189453,15.239999771118164
2021-10-26,2866.5,84.6500015258789,34.49710464477539,93.94999694824219,1792.699951171875,4.486499786376953,101.79975891113281,35.30197525024414,36.98659133911133,428.6208801269531,188.7333984375,118.38170623779297,39.224666595458984,97.34803009033203,43.25929260253906,15.979999542236328
2021-10-27,2716.5,82.66000366210938,33.28261184692383,93.86000061035156,1797.9000244140625,4.38700008392334,100.65379333496094,34.42205047607422,36.512657165527344,426.7219543457031,186.2083740234375,116.70294189453125,38.66313934326172,96.21031188964844,41.75437927246094,16.979999542236328
2021-10-28,2794.5,82.80999755859375,33.47013854980469,93.3499984741211,1801.5999755859375,4.4375,100.50934600830078,34.48663330078125,36.92735290527344,430.83935546875,188.87466430664062,116.3125228881836,39.04661560058594,97.41329193115234,42.128204345703125,16.530000686645508
2021-10-29,2758.5,83.56999969482422,33.3272590637207,94.12000274658203,1783.0,4.375500202178955,100.634521484375,34.252525329589844,36.887855529785156,431.7136535644531,189.04429626464844,116.48821258544922,38.85945129394531,97.44126892089844,41.811893463134766,16.260000228881836
2021-11-01,2776.25,84.05000305175781,33.505863189697266,93.87999725341797,1795.0999755859375,4.4019999504089355,101.46270751953125,34.43012619018555,38.260284423828125,432.456298828125,190.37274169921875,118.13770294189453,38.950748443603516,97.7116928100586,42.3965950012207,16.40999984741211
2021-11-02,2754.75,83.91000366210938,32.6396369934082,94.08999633789062,1788.699951171875,4.374000072479248,100.7500991821289,33.71165084838867,37.90483474731445,434.2046813964844,191.1641082763672,117.23977661132812,39.39358139038086,98.0380859375,41.907737731933594,16.030000686645508
2021-11-03,2712.5,80.86000061035156,32.398529052734375,93.86000061035156,1763.5999755859375,4.326000213623047,101.55901336669922,34.00227355957031,38.31953430175781,436.85565185546875,191.09815979003906,118.31336975097656,39.80445098876953,97.8236083984375,42.789608001708984,15.100000381469727
2021-11-04,2616.25,78.80999755859375,32.22885513305664,94.3499984741211,1793.0,4.326000213623047,101.36640930175781,33.445255279541016,38.67497634887695,438.914306640625,191.89901733398438,118.42074584960938,39.78163528442383,98.21527862548828,42.597896575927734,15.4399995803833
2021-11-05,2595.75,81.2699966430664,32.22885513305664,94.31999969482422,1816.4000244140625,4.348999977111816,104.92955780029297,33.40488815307617,38.46763229370117,440.4371337890625,194.03773498535156,122.60786437988281,40.092063903808594,99.21308135986328,43.489349365234375,16.479999542236328
2021-11-08,2604.75,81.93000030517578,33.13972473144531,94.05000305175781,1827.4000244140625,4.40500020980835,104.486572265625,34.212162017822266,39.139041900634766,440.81317138671875,194.9610595703125,121.95394134521484,40.594242095947266,99.62342071533203,44.7162971496582,17.219999313354492
2021-11-09,2560.5,84.1500015258789,32.53247833251953,93.95999908447266,1830.199951171875,4.380000114440918,104.61174774169922,33.856964111328125,38.41826629638672,439.35614013671875,195.23428344726562,122.1491470336914,40.78142166137695,99.87519836425781,44.38079833984375,17.780000686645508
2021-11-10,2567.0,81.33999633789062,31.710906982421875,94.8499984741211,1847.5999755859375,4.328000068664551,103.58134460449219,32.94474792480469,36.917476654052734,435.8215637207031,193.9717559814453,120.68510437011719,40.5029296875,99.31568145751953,43.201786041259766,18.729999542236328
2021-11-11,2634.0,81.58999633789062,33.14866256713867,95.18000030517578,1863.199951171875,4.4045000076293945,102.74352264404297,34.47856140136719,37.322296142578125,435.9626159667969,193.60435485839844,119.63101959228516,40.82707595825195,98.90535736083984,45.061370849609375,17.65999984741211
2021-11-12,2645.25,80.79000091552734,33.72018814086914,95.12999725341797,1867.9000244140625,4.45550012588501,102.90723419189453,34.47856140136719,37.579010009765625,439.2527770996094,195.1023406982422,119.70907592773438,41.132938385009766,99.68868255615234,45.34893798828125,16.290000915527344
2021-11-15,2607.75,80.87999725341797,32.79145050048828,95.41000366210938,1866.0999755859375,4.4070000648498535,104.34212493896484,33.856964111328125,37.15444564819336,439.4030456542969,195.21542358398438,120.69486999511719,40.945777893066406,99.87519836425781,44.34245681762695,16.489999771118164
2021-11-16,2540.5,80.76000213623047,32.42531204223633,95.91999816894531,1853.5999755859375,4.358500003814697,102.97464752197266,33.445255279541016,36.67063522338867,441.1422119140625,195.4980926513672,118.97706604003906,40.831634521484375,99.89384460449219,43.49893569946289,16.3700008392334
2021-11-17,2598.5,78.36000061035156,32.085975646972656,95.83000183105469,1869.699951171875,4.2729997634887695,102.76276397705078,33.21922302246094,36.483036041259766,440.070556640625,194.4240264892578,119.33818817138672,40.562286376953125,99.29702758789062,42.818359375,17.110000610351562
2021-11-18,2603.0,79.01000213623047,32.16634750366211,95.54000091552734,1861.0,4.309999942779541,102.58942413330078,33.20307159423828,36.157203674316406,441.5652160644531,193.73626708984375,118.38170623779297,40.38881301879883,99.09185791015625,42.8375358581543,17.59000015258789
2021-11-19,2662.75,76.0999984741211,32.14847946166992,96.06999969482422,1851.199951171875,4.4085001945495605,100.32636260986328,33.065834045410156,35.989356994628906,440.7756042480469,193.03904724121094,116.16612243652344,40.31576919555664,98.59761810302734,42.099456787109375,17.90999984741211
2021-11-22,2657.5,76.75,32.30029296875,96.5,1806.0,4.395500183105469,100.68268585205078,33.57441711425781,35.396934509277344,439.53472900390625,193.37820434570312,116.76150512695312,40.37967300415039,98.86804962158203,42.818359375,19.170000076293945
2021-11-23,2648.0,78.5,32.55033874511719,96.48999786376953,1783.5,4.423500061035156,100.61528778076172,34.19601821899414,34.7205924987793,440.11761474609375,193.56663513183594,116.81029510498047,40.4207649230957,99.03591918945312,42.96215057373047,19.3799991607666
2021-11-24,2664.5,78.38999938964844,32.55033874511719,96.83999633789062,1784.0999755859375,4.458000183105469,100.65379333496094,34.066856384277344,34.92300033569336,441.29266357421875,193.4441680908203,116.90790557861328,40.133155822753906,98.92400360107422,42.75127029418945,18.579999923706055
2021-11-26,2581.25,68.1500015258789,31.06793785095215,96.08999633789062,1785.300048828125,4.281499862670898,96.18540954589844,32.573402404785156,33.9158935546875,431.45037841796875,187.64048767089844,111.51049041748047,39.44380187988281,96.24758911132812,41.12173080444336,28.6200008392334
2021-11-29,2596.0,69.94999694824219,31.719839096069336,96.33999633789062,1782.300048828125,4.336999893188477,96.31062316894531,33.09812545776367,34.21210479736328,436.7427978515625,188.20578002929688,111.51049041748047,39.62641525268555,96.41545867919922,40.80541229248047,22.959999084472656
2021-11-30,2591.25,66.18000030517578,31.710906982421875,95.98999786376953,1773.5999755859375,4.2779998779296875,94.47124481201172,32.83980178833008,33.83690643310547,428.244873046875,183.12750244140625,109.06069946289062,38.64487838745117,93.97221374511719,39.47303009033203,27.190000534057617
2021-12-01,2628.5,65.56999969482422,31.273332595825195,96.05000305175781,1781.5999755859375,4.247499942779541,91.99633026123047,32.48460388183594,33.1556282043457,423.4882507324219,180.24447631835938,106.47422790527344,38.25226593017578,92.66664123535156,38.61033630371094,31.1200008392334
2021-12-02,2585.25,66.5,31.77341651916504,96.12999725341797,1760.699951171875,4.298999786376953,95.43428039550781,33.42910385131836,33.560447692871094,429.97454833984375,185.69020080566406,109.7048568725586,39.03292465209961,95.41764068603516,39.51136779785156,27.950000762939453
2021-12-03,2596.25,66.26000213623047,31.380495071411133,96.12000274658203,1782.0,4.266499996185303,94.7216567993164,32.79136657714844,32.73106002807617,426.233154296875,184.9458770751953,108.83621215820312,38.94618225097656,95.30573272705078,39.2142219543457,30.670000076293945
2021-12-06,2566.75,69.48999786376953,31.92523193359375,96.29000091552734,1777.5,4.336999893188477,97.19658660888672,33.50983810424805,33.214866638183594,431.2811584472656,188.15866088867188,111.85210418701172,39.516849517822266,96.91903686523438,39.69350051879883,27.18000030517578
2021-12-07,2601.75,72.05000305175781,32.800384521484375,96.37000274658203,1782.5999755859375,4.3379998207092285,97.96700286865234,34.37361526489258,34.468814849853516,440.2021789550781,190.29734802246094,111.91067504882812,40.11945343017578,97.90752410888672,40.57536315917969,21.889999389648438
2021-12-08,2576.25,72.36000061035156,33.12186813354492,95.88999938964844,1783.4000244140625,4.390999794006348,99.0551986694336,34.49470520019531,34.76008987426758,441.3678283691406,190.74961853027344,112.97453308105469,40.28837203979492,98.1500015258789,41.0833854675293,19.899999618530273
2021-12-09,2579.5,70.94000244140625,32.89861297607422,96.2699966430664,1774.5999755859375,4.329999923706055,98.28477478027344,34.260597229003906,34.08374786376953,438.3878173828125,189.64724731445312,112.09612274169922,40.06467056274414,97.84225463867188,40.65203857421875,21.579999923706055
2021-12-10,2550.75,71.66999816894531,32.6396369934082,96.05000305175781,1782.9000244140625,4.2829999923706055,98.09217834472656,34.260597229003906,33.896148681640625,442.51458740234375,190.11831665039062,112.04731750488281,40.31119918823242,98.24325561523438,40.65203857421875,18.690000534057617
2021-12-13,2601.75,71.29000091552734,32.62178039550781,96.31999969482422,1786.300048828125,4.28000020980835,96.32520294189453,34.13262176513672,33.204994201660156,438.5947570800781,188.1398162841797,110.31976318359375,40.069236755371094,97.2267837524414,40.057743072509766,20.309999465942383
2021-12-14,2569.0,70.7300033569336,32.255645751953125,96.56999969482422,1770.4000244140625,4.254000186920166,95.65969848632812,34.25049591064453,32.59282684326172,435.5771179199219,186.21780395507812,109.86101531982422,40.02815246582031,96.3035659790039,40.00022888183594,21.889999389648438
2021-12-15,2540.0,70.87000274658203,31.880582809448242,96.51000213623047,1762.5999755859375,4.179500102996826,96.17088317871094,34.25891876220703,33.28398132324219,442.3830871582031,187.97019958496094,110.61257934570312,40.11489486694336,97.14286041259766,39.856449127197266,19.290000915527344
2021-12-16,2611.25,72.37999725341797,32.16634750366211,96.04000091552734,1796.5999755859375,4.30049991607666,94.98455047607422,34.64621353149414,32.612571716308594,438.48199462890625,187.3540802001953,109.56822204589844,40.5257568359375,97.18946075439453,40.709564208984375,20.56999969482422
2021-12-17,2653.75,70.86000061035156,31.943092346191406,96.56999969482422,1803.800048828125,4.290999889373779,95.00382995605469,34.553592681884766,33.12600326538086,433.815185546875,184.80247497558594,110.43688201904297,40.01902389526367,95.52954864501953,41.246341705322266,21.56999969482422
2021-12-20,2602.0,68.2300033569336,31.041147232055664,96.55000305175781,1793.699951171875,4.288000106811523,93.59565734863281,34.14946365356445,32.7113151550293,429.20220947265625,181.69325256347656,108.69483184814453,39.30415344238281,93.99908447265625,40.327239990234375,22.8700008392334
2021-12-21,2716.75,71.12000274658203,31.934165954589844,96.48999786376953,1787.9000244140625,4.3379998207092285,97.14505004882812,34.93247604370117,33.51107406616211,436.82452392578125,185.79476928710938,112.83745574951172,39.79969024658203,95.87122344970703,41.940711975097656,21.010000228881836
2021-12-22,2803.75,72.76000213623047,32.55033874511719,96.08000183105469,1801.5999755859375,4.389500141143799,97.61763763427734,35.31977081298828,33.81715774536133,441.1921691894531,186.68307495117188,113.00354766845703,40.11629867553711,96.1426773071289,42.55536651611328,18.6299991607666
2021-12-23,2808.0,73.79000091552734,32.84503173828125,96.0199966430664,1811.199951171875,4.38700008392334,98.68824005126953,35.49658203125,34.133113861083984,443.9372253417969,188.85665893554688,114.62541961669922,40.52006912231445,97.27531433105469,42.61299133300781,17.959999084472656
2021-12-27,2808.0,75.56999969482422,33.104007720947266,96.08999633789062,1808.0999755859375,4.465000152587891,98.99688720703125,35.723907470703125,34.300968170166016,450.21990966796875,190.87904357910156,114.74266815185547,41.13032913208008,98.30497741699219,43.5541877746582,17.68000030517578
2021-12-28,2808.0,75.9800033569336,32.970054626464844,96.19999694824219,1810.199951171875,4.420000076293945,99.5948715209961,35.563941955566406,34.0936164855957,449.85198974609375,191.3799285888672,114.77198028564453,41.368927001953125,98.80109405517578,43.2276496887207,17.540000915527344
2021-12-29,2781.25,76.55999755859375,33.112937927246094,95.93000030517578,1805.0999755859375,4.4019999504089355,99.1705093383789,35.62287521362305,33.985992431640625,450.4274597167969,191.7863006591797,113.32596588134766,41.538692474365234,98.97893524169922,42.968353271484375,16.950000762939453
2021-12-30,2782.5,76.98999786376953,33.072330474853516,95.97000122070312,1812.699951171875,4.384500026702881,99.07405090332031,35.52845001220703,34.15385055541992,449.18231201171875,191.0397186279297,113.52136993408203,41.391868591308594,98.62322998046875,42.71864318847656,17.329999923706055
2021-12-31,2752.5,75.20999908447266,33.306949615478516,95.66999816894531,1827.5,4.454999923706055,99.1319351196289,35.933135986328125,33.86750411987305,448.0501708984375,191.80519104003906,113.7949447631836,41.575401306152344,99.0444564819336,43.00676345825195,17.219999313354492
2022-01-03,2752.5,76.08000183105469,33.18061065673828,96.23999786376953,1799.4000244140625,4.4145002365112305,100.0674819946289,35.874122619628906,34.3513298034668,450.6444396972656,190.6239013671875,114.72310638427734,41.033973693847656,98.23008728027344,43.73666763305664,16.600000381469727
2022-01-04,2802.75,76.98999786376953,33.758140563964844,96.29000091552734,1814.0,4.466000080108643,102.48839569091797,36.29567337036133,34.08473587036133,450.4935607910156,194.05438232421875,116.90190887451172,41.538692474365234,100.20516967773438,44.360923767089844,16.90999984741211
2022-01-05,2876.0,77.8499984741211,33.306949615478516,96.19000244140625,1824.5999755859375,4.4045000076293945,101.45638275146484,36.28723907470703,32.86036682128906,441.8431091308594,191.46498107910156,114.65471649169922,41.53411102294922,99.25039672851562,44.41854476928711,19.729999542236328
2022-01-06,2890.0,79.45999908447266,33.1264762878418,96.25,1788.699951171875,4.3480000495910645,101.79395294189453,36.32096862792969,32.593772888183594,441.427978515625,191.8618927001953,114.88921356201172,41.011024475097656,99.70906829833984,43.765472412109375,19.610000610351562
2022-01-07,2884.5,78.9000015258789,33.89350128173828,95.73999786376953,1797.0,4.4029998779296875,102.63307189941406,37.1472053527832,32.475284576416016,439.682861328125,191.16258239746094,115.67085266113281,40.974327087402344,99.68098449707031,44.24567794799805,18.760000228881836
2022-01-10,2898.75,78.2300033569336,33.821311950683594,95.98999786376953,1798.4000244140625,4.3445000648498535,101.67821502685547,36.95329284667969,31.951969146728516,439.13568115234375,189.244140625,114.94784545898438,40.556785583496094,98.55772399902344,43.88072967529297,19.399999618530273
2022-01-11,2951.0,81.22000122070312,34.7688102722168,95.62000274658203,1818.5999755859375,4.420499801635742,102.85491180419922,37.85541915893555,32.70238494873047,443.13543701171875,190.65225219726562,116.24727630615234,41.001861572265625,99.14742279052734,44.6490478515625,18.40999984741211
2022-01-12,2973.75,82.63999938964844,36.64576721191406,95.0,1827.199951171875,4.564000129699707,102.89349365234375,39.04419708251953,32.58389663696289,444.3334655761719,190.96412658691406,115.85646057128906,41.414817810058594,99.4656753540039,45.657466888427734,17.6200008392334
2022-01-13,2944.0,82.12000274658203,36.212623596191406,94.79000091552734,1821.199951171875,4.533999919891357,103.3853988647461,38.85871124267578,31.69524574279785,438.2111511230469,191.0680694580078,114.77198028564453,41.093624114990234,99.68098449707031,44.91795349121094,20.309999465942383
2022-01-14,2962.75,83.81999969482422,35.842647552490234,95.16999816894531,1816.5,4.411499977111816,104.2437973022461,38.749107360839844,31.665624618530273,438.39044189453125,189.9812774658203,115.67085266113281,40.74490737915039,99.08189392089844,45.11964797973633,19.190000534057617
2022-01-18,3001.0,85.43000030517578,36.14043426513672,95.7300033569336,1812.300048828125,4.375999927520752,102.90314483642578,38.12520980834961,30.579496383666992,430.626708984375,187.51470947265625,113.69722747802734,40.20806121826172,97.93991088867188,44.3801383972168,22.790000915527344
2022-01-19,3038.25,86.95999908447266,36.808197021484375,95.51000213623047,1843.0999755859375,4.462500095367432,101.56248474121094,38.690086364746094,30.470882415771484,426.15521240234375,184.93478393554688,112.60294342041016,40.10711669921875,96.8447265625,44.351314544677734,23.850000381469727
2022-01-20,3102.25,86.9000015258789,36.50138854980469,95.73999786376953,1842.5,4.576499938964844,100.51114654541016,38.2938232421875,30.372142791748047,421.4385681152344,182.51544189453125,112.13397216796875,39.52438735961914,95.60911560058594,42.73783874511719,25.59000015258789
2022-01-21,3026.0,85.13999938964844,35.34634017944336,95.63999938964844,1831.800048828125,4.512499809265137,98.59180450439453,37.04602813720703,29.601978302001953,413.1653747558594,180.54029846191406,109.87702941894531,38.56082534790039,94.72921752929688,40.59614562988281,28.850000381469727
2022-01-24,3015.5,83.30999755859375,34.49810028076172,95.91999816894531,1841.699951171875,4.4029998779296875,99.2669448852539,36.29567337036133,29.33538246154785,414.9200134277344,181.66490173339844,111.18627166748047,38.583770751953125,95.27214050292969,40.970706939697266,29.899999618530273
2022-01-25,3077.75,85.5999984741211,34.588340759277344,95.94999694824219,1852.699951171875,4.442999839782715,98.97759246826172,36.337825775146484,28.84168815612793,409.8542785644531,179.55746459960938,109.20289611816406,38.23505401611328,94.3360824584961,41.105167388916016,31.15999984741211
2022-01-26,3078.0,87.3499984741211,34.49810028076172,96.48999786376953,1829.9000244140625,4.504499912261963,97.19324493408203,36.21136474609375,28.634334564208984,408.8260803222656,177.82803344726562,107.80570220947266,37.83586502075195,93.5123519897461,40.01991271972656,31.959999084472656
2022-01-27,3090.25,86.61000061035156,34.02885437011719,97.26000213623047,1793.300048828125,4.413000106811523,95.31248474121094,36.245086669921875,27.972782135009766,406.80731201171875,175.51271057128906,104.80622100830078,37.96433639526367,92.67925262451172,39.395660400390625,30.489999771118164
2022-01-28,3128.25,86.81999969482422,33.35206985473633,97.2699966430664,1784.9000244140625,4.302999973297119,96.15160369873047,35.68020248413086,28.594839096069336,416.91046142578125,177.1287078857422,105.45108032226562,38.18458557128906,93.32513427734375,39.73179626464844,27.65999984741211
2022-01-31,3078.25,88.1500015258789,33.758140563964844,96.54000091552734,1795.0,4.317999839782715,97.54045867919922,36.05116653442383,29.809329986572266,424.4194641113281,179.77481079101562,107.62985229492188,38.74895095825195,94.29862976074219,40.067935943603516,24.829999923706055
2022-02-01,3077.5,88.19999694824219,34.40785217285156,96.38999938964844,1800.300048828125,4.428999900817871,98.7075424194336,37.088191986083984,30.189476013183594,427.28729248046875,182.3737335205078,109.07587432861328,39.3454475402832,95.5997543334961,41.902305603027344,21.959999084472656
2022-02-02,3029.0,88.26000213623047,34.687591552734375,95.94000244140625,1809.199951171875,4.491000175476074,99.30553436279297,37.46758270263672,29.878448486328125,431.43798828125,183.12973022460938,108.80230712890625,39.469322204589844,96.26436614990234,42.440120697021484,22.09000015258789
2022-02-03,3080.0,90.2699966430664,34.30860137939453,95.37999725341797,1803.0,4.4664998054504395,98.66895294189453,37.071327209472656,29.13790512084961,421.2969665527344,179.88827514648438,107.56146240234375,38.78107452392578,94.72921752929688,42.084774017333984,24.350000381469727
2022-02-04,3114.25,92.30999755859375,34.5341911315918,95.4800033569336,1806.5999755859375,4.483500003814697,98.78470611572266,37.36640930175781,29.463743209838867,423.2780456542969,178.30059814453125,107.57124328613281,38.13869857788086,93.70892333984375,42.50734329223633,23.219999313354492
2022-02-07,3167.75,91.31999969482422,34.94025802612305,95.4000015258789,1820.5999755859375,4.46150016784668,100.0771255493164,37.95658874511719,29.631601333618164,421.9196472167969,178.50851440429688,108.65573120117188,37.95056915283203,93.78382110595703,42.805076599121094,22.860000610351562
2022-02-08,3240.25,89.36000061035156,35.743385314941406,95.63999938964844,1826.5999755859375,4.459499835968018,101.32135772705078,38.917728424072266,30.03643035888672,425.3911437988281,180.76712036132812,110.31670379638672,38.53788757324219,94.7198715209961,44.476173400878906,21.440000534057617
2022-02-09,3313.0,89.66000366210938,36.988677978515625,95.48999786376953,1835.199951171875,4.600500106811523,102.54627990722656,39.609073638916016,30.934955596923828,431.6172180175781,183.64007568359375,112.20234680175781,39.377559661865234,96.02098083496094,45.4749870300293,19.959999084472656
2022-02-10,3319.0,89.87999725341797,37.17817306518555,95.55000305175781,1836.199951171875,4.65749979019165,101.8036117553711,39.5500602722168,30.33758544921875,423.8628845214844,180.37965393066406,110.17992401123047,39.14814376831055,94.44840240478516,45.43657684326172,23.90999984741211
2022-02-11,3282.25,93.0999984741211,36.799171447753906,96.08000183105469,1840.800048828125,4.505000114440918,101.44673156738281,39.297122955322266,29.572357177734375,415.50494384765625,177.29881286621094,110.2092514038086,38.542476654052734,93.00688171386719,46.483421325683594,27.360000610351562
2022-02-14,3272.0,95.45999908447266,37.04281997680664,96.37000274658203,1868.0,4.507500171661377,100.39543151855469,39.1622314453125,29.3748779296875,414.14642333984375,176.9491729736328,109.23220825195312,38.22587203979492,92.6605453491211,46.89638900756836,28.329999923706055
2022-02-15,3272.5,92.06999969482422,37.20524215698242,95.98999786376953,1854.800048828125,4.531499862670898,102.14118194580078,39.3055534362793,30.490629196166992,420.8253479003906,180.11505126953125,112.231689453125,38.92790222167969,94.05526733398438,47.77994918823242,25.700000762939453
2022-02-16,3320.0,93.66000366210938,37.54814910888672,95.69999694824219,1870.199951171875,4.540500164031982,103.1731948852539,39.794559478759766,30.63874053955078,421.2969665527344,181.0506591796875,113.42367553710938,39.212371826171875,94.55138397216797,48.02965545654297,24.290000915527344
2022-02-17,3315.75,91.76000213623047,37.04281997680664,95.80000305175781,1900.699951171875,4.525000095367432,101.8421859741211,39.06105041503906,29.611852645874023,412.2974548339844,177.6863250732422,111.42074584960938,38.542476654052734,92.81966400146484,47.77994918823242,28.110000610351562
2022-02-18,3304.5,91.06999969482422,36.871360778808594,96.04000091552734,1898.5999755859375,4.519499778747559,100.59796142578125,39.09477615356445,29.15765380859375,409.6279296875,176.1080780029297,109.99429321289062,38.478233337402344,92.05209350585938,47.44380569458008,27.75
2022-02-22,3342.0,92.3499984741211,36.82624435424805,96.02999877929688,1906.0999755859375,4.510000228881836,99.20909118652344,39.035762786865234,28.49610137939453,405.23199462890625,174.0289764404297,108.48965454101562,37.932212829589844,91.16285705566406,47.050048828125,28.809999465942383
2022-02-23,3345.75,92.0999984741211,36.591617584228516,96.19000244140625,1909.199951171875,4.481500148773193,98.08060455322266,38.808128356933594,27.962909698486328,398.04364013671875,170.60794067382812,106.85802459716797,37.44585037231445,89.4872817993164,47.64550018310547,31.020000457763672
2022-02-24,3457.5,92.80999755859375,36.311885833740234,97.13999938964844,1925.0999755859375,4.453999996185303,100.78121948242188,38.386573791503906,28.723201751708984,404.03387451171875,173.376953125,111.7920150756836,37.335731506347656,90.6292724609375,47.05964660644531,30.31999969482422
2022-02-25,3406.0,91.58999633789062,37.800811767578125,96.62000274658203,1886.5,4.4720001220703125,103.80976104736328,40.1739616394043,29.256391525268555,412.9484558105469,177.4689483642578,114.68402862548828,38.698482513427734,92.79158020019531,49.71996307373047,27.59000015258789
2022-02-28,3417.0,95.72000122070312,38.441505432128906,96.70999908447266,1899.4000244140625,4.444499969482422,107.92821502685547,40.460609436035156,29.552610397338867,411.8918762207031,178.89596557617188,120.13587188720703,38.25800323486328,93.50299835205078,50.53630828857422,30.149999618530273
2022-03-01,3516.0,103.41000366210938,38.45053482055664,97.41000366210938,1942.4000244140625,4.58650016784668,106.78045654296875,40.426883697509766,29.0292911529541,405.61871337890625,176.1080780029297,119.1002197265625,37.37702178955078,92.1082534790039,51.79442596435547,33.31999969482422
2022-03-02,3615.5,110.5999984741211,39.57851791381836,97.38999938964844,1920.9000244140625,4.6554999351501465,107.58100891113281,41.91918182373047,29.36500358581543,413.08050537109375,179.897705078125,120.8588638305664,38.19834899902344,94.073974609375,53.75365447998047,30.739999771118164
2022-03-03,3767.75,107.66999816894531,40.49893569946289,97.79000091552734,1934.4000244140625,4.771500110626221,105.95096588134766,42.138389587402344,28.515846252441406,411.02398681640625,179.54803466796875,119.19792938232422,38.244232177734375,94.17693328857422,55.491973876953125,30.479999542236328
2022-03-04,3873.0,115.68000030517578,40.156036376953125,98.6500015258789,1965.0999755859375,4.928999900817871,105.44943237304688,41.986629486083984,27.597576141357422,407.6845703125,178.68807983398438,119.27609252929688,38.111167907714844,93.97102355957031,56.76930618286133,31.979999542236328
2022-03-07,3745.5,119.4000015258789,38.91074752807617,99.29000091552734,1993.9000244140625,4.7220001220703125,103.30823516845703,41.15195846557617,26.926151275634766,395.6663818359375,173.59426879882812,117.99617767333984,36.789703369140625,91.45301818847656,55.3191032409668,36.45000076293945
2022-03-08,3485.5,123.69999694824219,38.45053482055664,99.05999755859375,2040.0999755859375,4.700500011444092,101.32135772705078,40.08121109008789,27.07425880432129,392.6665344238281,173.0933837890625,115.40704345703125,36.60158157348633,90.89139556884766,54.8196907043457,35.130001068115234
2022-03-09,3286.5,108.69999694824219,38.68515396118164,97.97000122070312,1985.9000244140625,4.564000129699707,103.70367431640625,40.013763427734375,28.2393798828125,403.19427490234375,176.74127197265625,118.1134033203125,37.734920501708984,92.5388412475586,54.8196907043457,32.45000076293945
2022-03-10,3361.25,106.0199966430664,39.53339385986328,98.51000213623047,1998.0999755859375,4.643499851226807,103.60721588134766,40.75569534301758,27.597576141357422,401.3736267089844,176.61842346191406,117.67375946044922,37.83586502075195,92.41716003417969,57.32633590698242,30.229999542236328
2022-03-11,3446.5,109.33000183105469,38.73027420043945,99.12000274658203,1982.699951171875,4.616000175476074,102.08330535888672,40.50276565551758,27.064382553100586,396.2701416015625,175.31422424316406,115.8271713256836,37.55596923828125,91.67767333984375,56.000999450683594,30.75
2022-03-14,3321.5,103.01000213623047,37.03379440307617,99.05999755859375,1959.5999755859375,4.512499809265137,101.6106948852539,38.7996940612793,26.38308334350586,393.3741149902344,175.35208129882812,114.45933532714844,37.50091552734375,91.98655700683594,52.78364181518555,31.770000457763672
2022-03-15,3204.5,96.44000244140625,36.44723892211914,99.06999969482422,1928.5,4.501500129699707,103.337158203125,38.344417572021484,26.7484188079834,402.0245361328125,178.1021270751953,116.74556732177734,37.932212829589844,93.44681549072266,53.39828872680664,29.829999923706055
2022-03-16,3238.75,95.04000091552734,38.206886291503906,98.37999725341797,1908.0,4.5879998207092285,103.10568237304688,39.609073638916016,28.27887535095215,410.9390869140625,181.17347717285156,116.95074462890625,38.52872085571289,94.68241119384766,53.64800262451172,26.670000076293945
2022-03-17,3316.25,102.9800033569336,39.09122085571289,98.01000213623047,1942.0999755859375,4.690499782562256,104.70677185058594,40.57864761352539,28.881181716918945,416.080322265625,183.72509765625,119.36402130126953,39.26744842529297,95.89929962158203,55.99138259887695,25.670000076293945
2022-03-18,3357.25,104.69999694824219,39.623626708984375,98.2300033569336,1928.199951171875,4.730500221252441,105.32404327392578,40.924320220947266,29.463743209838867,420.6375427246094,184.55674743652344,120.87843322753906,39.506038665771484,96.26436614990234,56.24108123779297,23.8700008392334
2022-03-21,3469.75,112.12000274658203,40.58015823364258,98.5,1928.5999755859375,4.701499938964844,106.67434692382812,42.087799072265625,29.10828399658203,420.5146179199219,184.58511352539062,121.79385375976562,39.83441925048828,96.48131561279297,58.55302429199219,23.530000686645508
2022-03-22,3460.25,111.76000213623047,40.76966094970703,98.48999786376953,1920.699951171875,4.689000129699707,107.95714569091797,42.28172302246094,29.424245834350586,425.4351501464844,185.54901123046875,123.37825775146484,40.05088424682617,97.00724792480469,58.18771743774414,22.940000534057617
2022-03-23,3572.75,114.93000030517578,41.211822509765625,98.62000274658203,1936.5999755859375,4.762499809265137,107.53275299072266,42.72856140136719,29.01941680908203,419.9563293457031,183.6022491455078,122.15571594238281,39.86666488647461,96.07746887207031,59.23554611206055,23.56999969482422
2022-03-24,3593.5,112.33999633789062,41.67204284667969,98.79000091552734,1961.5999755859375,4.729000091552734,108.72080993652344,43.436771392822266,29.276138305664062,426.2868347167969,184.94931030273438,124.1606674194336,40.66804504394531,96.81002044677734,60.860145568847656,21.670000076293945
2022-03-25,3571.5,113.9000015258789,41.93373107910156,98.80999755859375,1953.800048828125,4.685999870300293,109.09751892089844,43.63911819458008,29.13790512084961,428.3686218261719,185.64132690429688,123.80858612060547,41.12400817871094,97.41109466552734,60.8793830871582,20.809999465942383
2022-03-28,3585.5,105.95999908447266,41.52765655517578,99.08999633789062,1939.5999755859375,4.714000225067139,107.62934112548828,43.150108337402344,29.236644744873047,431.4156188964844,185.7835235595703,121.85253143310547,40.939781188964844,97.43927764892578,59.47587585449219,19.6299991607666
2022-03-29,3431.5,104.23999786376953,41.07646179199219,98.4000015258789,1912.0,4.7164998054504395,108.19922637939453,42.84660339355469,30.34252166748047,436.7525939941406,188.12501525878906,124.0335464477539,41.28520965576172,98.34086608886719,58.62993240356445,18.899999618530273
2022-03-30,3553.5,107.81999969482422,41.43742370605469,97.79000091552734,1933.5,4.739500045776367,108.41171264648438,43.41147994995117,29.789581298828125,434.0556945800781,187.2149658203125,123.96507263183594,41.147037506103516,98.2281723022461,59.27400588989258,19.329999923706055
2022-03-31,3500.0,100.27999877929688,41.06743621826172,98.30999755859375,1949.199951171875,4.743000030517578,107.01118469238281,43.183841705322266,29.009544372558594,427.3751220703125,184.35208129882812,121.9405517578125,40.59895706176758,96.71610260009766,58.9183235168457,20.559999465942383
2022-04-01,3466.5,99.2699966430664,42.14127731323242,98.62999725341797,1919.0999755859375,4.682499885559082,107.83219909667969,44.26301574707031,29.07866096496582,428.5862731933594,183.35671997070312,123.39781188964844,41.02729797363281,95.96477508544922,60.00459289550781,19.6299991607666
2022-04-04,3441.5,103.27999877929688,42.276634216308594,98.98999786376953,1929.199951171875,4.776500225067139,107.53277587890625,44.4484977722168,29.483491897583008,432.25787353515625,183.3851776123047,123.45649719238281,41.036495208740234,95.84265899658203,59.668128967285156,18.56999969482422
2022-04-05,3430.5,101.95999908447266,41.06743621826172,99.47000122070312,1922.9000244140625,4.790999889373779,106.2577896118164,43.504215240478516,28.723201751708984,426.7978210449219,180.26632690429688,121.39285278320312,40.709503173828125,94.48086547851562,58.226173400878906,21.030000686645508
2022-04-06,3405.0,96.2300033569336,40.26431655883789,99.5999984741211,1918.4000244140625,4.733500003814697,105.85210418701172,42.92247772216797,27.725934982299805,422.5301208496094,178.37985229492188,119.9160385131836,40.23973083496094,93.7483139038086,57.81281280517578,22.100000381469727
2022-04-07,3352.75,96.02999877929688,40.66136932373047,99.75,1933.800048828125,4.695000171661377,107.37820434570312,43.04051208496094,27.8049259185791,424.65924072265625,178.60739135742188,120.99186706542969,40.50224304199219,94.0676498413086,59.11057662963867,21.549999237060547
2022-04-08,3340.75,98.26000213623047,41.0042724609375,99.80000305175781,1941.5999755859375,4.71999979019165,105.91972351074219,43.310306549072266,27.291484832763672,423.5237121582031,177.3750457763672,118.48811340332031,40.75095748901367,93.54169464111328,58.99522018432617,21.15999984741211
2022-04-11,3209.75,94.29000091552734,40.165061950683594,99.93000030517578,1944.300048828125,4.628499984741211,106.2867660522461,42.71169662475586,26.718795776367188,416.28472900390625,176.92945861816406,118.7424087524414,40.548309326171875,93.24117279052734,58.44727325439453,24.3700008392334
2022-04-12,3229.5,100.5999984741211,40.30944061279297,100.29000091552734,1972.0999755859375,4.703999996185303,106.88562774658203,42.83816909790039,26.679302215576172,414.7423400878906,176.65457153320312,119.78888702392578,40.55751419067383,93.09091186523438,59.91807556152344,24.260000228881836
2022-04-13,3206.75,104.25,41.6991081237793,99.87999725341797,1981.0,4.706999778747559,107.81287384033203,43.8245964050293,27.00514030456543,419.4925537109375,178.62632751464844,121.2265853881836,41.15625762939453,93.96432495117188,62.63856506347656,21.81999969482422
2022-04-14,3250.5,106.94999694824219,41.6088752746582,100.31999969482422,1970.9000244140625,4.7170000076293945,108.10263061523438,43.706565856933594,26.590436935424805,414.26922607421875,178.07655334472656,121.41242218017578,41.01807403564453,93.86102294921875,63.3018684387207,22.700000762939453
2022-04-18,3250.5,108.20999908447266,41.98787307739258,100.77999877929688,1982.9000244140625,4.796000003814697,107.87081909179688,43.79087829589844,26.42258071899414,414.439453125,177.36557006835938,120.26813507080078,41.05492401123047,93.53231048583984,63.0230827331543,22.170000076293945
2022-04-19,3212.5,102.55999755859375,41.81642150878906,100.95999908447266,1955.699951171875,4.714000225067139,108.8077392578125,43.6728401184082,26.72867202758789,421.1296691894531,180.99627685546875,122.40023803710938,41.441802978515625,95.2322006225586,63.0999870300293,21.3700008392334
2022-04-20,3237.5,102.75,41.09451675415039,100.38999938964844,1952.300048828125,4.649499893188477,108.74014282226562,43.10795974731445,26.610185623168945,420.81744384765625,181.9727020263672,121.76449584960938,41.70432662963867,95.74874114990234,63.05192565917969,20.31999969482422
2022-04-21,3264.0,103.79000091552734,38.91074752807617,100.58000183105469,1944.9000244140625,4.703499794006348,105.52369689941406,41.10980224609375,26.07699203491211,414.5246276855469,179.83978271484375,117.56877899169922,41.02268600463867,94.77201080322266,59.15864181518555,22.68000030517578
2022-04-22,3203.0,102.06999969482422,36.99769592285156,101.22000122070312,1931.0,4.582499980926514,104.61577606201172,38.93458938598633,25.48455810546875,403.15045166015625,175.52650451660156,115.8376693725586,39.48899459838867,92.44287109375,56.15937805175781,28.209999084472656
2022-04-25,3054.5,98.54000091552734,36.302860260009766,101.75,1893.199951171875,4.448999881744385,103.96862030029297,37.83012008666992,25.51418113708496,405.48773193359375,175.71607971191406,115.55403900146484,39.37846374511719,92.44287109375,55.073097229003906,27.020000457763672
2022-04-26,3040.25,101.69999694824219,34.831974029541016,102.30000305175781,1901.4000244140625,4.440000057220459,102.53910064697266,36.74251937866211,24.27994155883789,393.7445373535156,171.5924072265625,112.73731231689453,38.770511627197266,90.42362976074219,54.11179733276367,33.52000045776367
2022-04-27,3066.5,102.0199966430664,36.22164535522461,102.94999694824219,1885.9000244140625,4.454500198364258,101.70843505859375,38.27696990966797,24.141708374023438,394.8516540527344,171.97157287597656,111.94510650634766,39.341617584228516,90.7617416381836,55.08271789550781,31.600000381469727
2022-04-28,2997.75,105.36000061035156,36.54650115966797,103.62000274658203,1888.699951171875,4.41349983215332,102.2590103149414,38.765968322753906,24.51691436767578,404.82537841796875,174.33206176757812,113.40238189697266,39.96337890625,91.78543090820312,56.10169219970703,29.989999771118164
2022-04-29,3049.75,104.69000244140625,36.131412506103516,102.95999908447266,1909.300048828125,4.394999980926514,99.35167694091797,38.33598709106445,24.01334571838379,389.86480712890625,169.8291473388672,110.03795623779297,39.16199493408203,89.35296630859375,54.03489303588867,33.400001525878906
2022-05-02,3049.75,105.16999816894531,35.65314483642578,103.73999786376953,1861.800048828125,4.255499839782715,99.39996337890625,37.948150634765625,24.437923431396484,392.2115173339844,170.3220977783203,110.80082702636719,39.0422477722168,89.54080200195312,53.35236740112305,32.34000015258789
2022-05-03,2900.0,102.41000366210938,36.04117202758789,103.47000122070312,1868.800048828125,4.270999908447266,100.19198608398438,38.386573791503906,24.3885555267334,394.0094909667969,171.2890167236328,110.9670639038086,39.47978973388672,90.13249969482422,54.5635986328125,29.25
2022-05-04,2958.5,107.80999755859375,36.81721496582031,102.58999633789062,1867.0,4.328499794006348,102.8288803100586,39.02733612060547,25.000736236572266,406.0082092285156,176.0194091796875,114.22391510009766,40.76016616821289,92.74340057373047,56.168975830078125,25.420000076293945
2022-05-05,2896.5,108.26000213623047,34.91318893432617,103.75,1874.0,4.284999847412109,100.34652709960938,37.27366638183594,23.9541015625,391.5775451660156,170.92880249023438,110.13575744628906,39.49821090698242,90.3203353881836,53.19855499267578,31.200000762939453
2022-05-06,2831.0,109.7699966430664,34.272499084472656,103.66000366210938,1881.199951171875,4.261499881744385,99.68006134033203,36.90270233154297,23.61147689819336,389.24029541015625,169.46893310546875,108.1601333618164,38.93170928955078,89.70985412597656,52.064212799072266,30.190000534057617
2022-05-09,2740.75,103.08999633789062,32.21506881713867,103.6500015258789,1857.0999755859375,4.192999839782715,95.25627899169922,34.744354248046875,22.48288917541504,376.77777099609375,164.9281463623047,101.81273651123047,37.702003479003906,87.5403823852539,48.80540084838867,34.75
2022-05-10,2743.25,99.76000213623047,31.76388168334961,103.91999816894531,1839.9000244140625,4.1545000076293945,95.43013000488281,34.55044174194336,21.91020393371582,377.6483459472656,163.80953979492188,101.8909912109375,37.46710205078125,86.96746826171875,48.28629684448242,32.9900016784668
2022-05-11,2769.25,105.70999908447266,32.043617248535156,103.8499984741211,1852.5999755859375,4.212500095367432,94.3869857788086,34.727500915527344,21.268400192260742,371.6490478515625,161.7903594970703,99.7979965209961,37.485530853271484,86.17858123779297,47.93061828613281,32.560001373291016
2022-05-12,2730.75,106.12999725341797,31.005878448486328,104.8499984741211,1823.800048828125,4.105000019073486,93.76881408691406,34.01085662841797,21.485626220703125,371.2610778808594,162.3591766357422,99.61217498779297,37.416446685791016,86.33822631835938,46.90201187133789,31.770000457763672
2022-05-13,2774.0,110.48999786376953,31.998497009277344,104.55999755859375,1807.4000244140625,4.180500030517578,95.35286712646484,34.86239242553711,22.45326805114746,380.1370849609375,164.9755859375,103.123291015625,37.992156982421875,87.43704986572266,48.32474899291992,28.8700008392334
2022-05-16,2808.75,114.19999694824219,32.576019287109375,104.19000244140625,1813.5,4.196499824523926,95.19831848144531,35.250221252441406,22.22616958618164,378.5946350097656,164.530029296875,102.2430648803711,37.923065185546875,87.31497955322266,48.440093994140625,27.469999313354492
2022-05-17,2860.0,112.4000015258789,34.11909866333008,103.36000061035156,1818.199951171875,4.239500045776367,97.44883728027344,36.6497802734375,23.006206512451172,386.3824768066406,168.52096557617188,105.31407928466797,38.99618911743164,89.29664611816406,50.497291564941406,26.100000381469727
2022-05-18,2831.25,109.58999633789062,33.045257568359375,103.80999755859375,1815.9000244140625,4.182000160217285,95.00514221191406,35.376686096191406,22.354528427124023,370.8068542480469,162.21694946289062,102.04747009277344,37.7849006652832,85.97195434570312,48.40164566040039,30.959999084472656
2022-05-19,2884.0,112.20999908447266,34.49810028076172,102.72000122070312,1841.199951171875,4.284999847412109,93.85572052001953,36.35468673706055,22.51251220703125,368.53570556640625,161.33531188964844,101.04007720947266,38.05203628540039,85.20184326171875,49.1802978515625,29.350000381469727
2022-05-20,2927.25,113.2300033569336,34.452972412109375,103.1500015258789,1841.800048828125,4.281000137329102,92.98641967773438,36.72565460205078,22.334781646728516,368.6966247558594,159.81857299804688,99.81754302978516,37.95991516113281,84.28143310546875,48.60353088378906,29.43000030517578
2022-05-23,2933.25,110.29000091552734,35.34634017944336,102.08000183105469,1847.800048828125,4.347499847412109,94.76366424560547,37.72895050048828,22.611251831054688,375.5949401855469,162.1600799560547,101.10856628417969,38.65536880493164,85.66204071044922,50.54536056518555,28.479999542236328
2022-05-24,2874.5,109.7699966430664,35.03050231933594,101.86000061035156,1865.0999755859375,4.325500011444092,95.46878051757812,37.627777099609375,22.097806930541992,372.7277526855469,161.58181762695312,100.61952209472656,38.434295654296875,85.61507415771484,50.035865783691406,29.450000762939453
2022-05-25,2848.5,110.33000183105469,34.931243896484375,102.05999755859375,1846.199951171875,4.2769999504089355,96.28012084960938,37.72895050048828,22.26566505432129,376.02081298828125,162.7478485107422,102.1550521850586,38.60470199584961,86.11283874511719,50.79529571533203,28.3700008392334
2022-05-26,2833.25,114.08999633789062,35.2380485534668,101.83000183105469,1847.4000244140625,4.255000114440918,97.84488677978516,38.25167465209961,22.621124267578125,383.5341796875,166.2269287109375,104.1697769165039,39.31398010253906,87.85970306396484,52.50642395019531,27.5
2022-05-27,2850.0,115.06999969482422,35.8245964050293,101.66999816894531,1851.300048828125,4.303999900817871,99.89256286621094,39.103214263916016,23.499902725219727,392.9495849609375,169.90496826171875,106.95716094970703,40.2351188659668,89.66291809082031,53.43887710571289,25.719999313354492
2022-05-31,2763.5,114.66999816894531,35.68021774291992,101.75,1842.699951171875,4.295000076293945,98.69485473632812,38.63106918334961,23.33204460144043,390.7447814941406,168.46409606933594,105.83242797851562,39.622562408447266,88.93972778320312,51.55473709106445,26.190000534057617
2022-06-01,2692.25,115.26000213623047,35.66216278076172,102.55000305175781,1843.300048828125,4.329999923706055,98.57893371582031,38.61420822143555,22.927215576171875,387.58428955078125,167.4876708984375,105.70529174804688,39.22647476196289,88.39503479003906,51.45859909057617,25.690000534057617
2022-06-02,2692.0,116.87000274658203,37.31352996826172,101.7699966430664,1866.5,4.553999900817871,100.53004455566406,39.97160720825195,23.67763328552246,394.9651794433594,171.1089630126953,108.44377899169922,40.30880355834961,90.08553314208984,53.39082336425781,24.719999313354492
2022-06-03,2692.0,118.87000274658203,36.76307678222656,102.13999938964844,1845.4000244140625,4.477499961853027,100.47209930419922,39.4320182800293,23.302425384521484,388.4831848144531,170.3505859375,107.72982025146484,39.917320251464844,89.738037109375,52.24686813354492,24.790000915527344
2022-06-06,2747.5,118.5,37.223297119140625,102.44000244140625,1839.199951171875,4.439499855041504,100.88743591308594,39.828285217285156,23.33204460144043,389.6661071777344,171.30801391601562,108.19925689697266,40.29499816894531,90.11371612548828,53.035133361816406,25.06999969482422
2022-06-07,2742.5,119.41000366210938,37.61131286621094,102.31999969482422,1847.5,4.439499855041504,103.27318572998047,40.56178283691406,23.39129066467285,393.40380859375,173.4978485107422,109.83256530761719,40.585147857666016,91.32524871826172,54.88084411621094,24.020000457763672
2022-06-08,2786.75,122.11000061035156,36.772098541259766,102.54000091552734,1851.9000244140625,4.458499908447266,101.3510513305664,39.4235954284668,23.282676696777344,389.1266784667969,170.2462615966797,108.21882629394531,39.74231719970703,89.67230987548828,52.79481506347656,23.959999084472656
2022-06-09,2727.75,121.51000213623047,35.53583526611328,103.22000122070312,1848.800048828125,4.388999938964844,99.20881652832031,38.0283088684082,22.621124267578125,379.87213134765625,167.070556640625,105.5096664428711,38.80275344848633,87.90664672851562,50.26658248901367,26.09000015258789
2022-06-10,2638.75,120.66999816894531,34.70563888549805,104.1500015258789,1871.5,4.301000118255615,97.06853485107422,36.880191802978516,21.89045524597168,368.8574523925781,161.90411376953125,102.45824432373047,37.61449432373047,85.31452941894531,49.92050552368164,27.75
2022-06-13,2601.0,120.93000030517578,32.873809814453125,105.08000183105469,1828.0,4.2164998054504395,93.43682861328125,35.05721664428711,20.66609001159668,354.8526611328125,156.4058837890625,97.75392150878906,36.14527893066406,82.7505874633789,46.411746978759766,34.02000045776367
2022-06-14,2531.25,118.93000030517578,32.41359329223633,105.5199966430664,1809.5,4.161499977111816,92.59425354003906,34.43495178222656,20.488359451293945,353.7833251953125,155.8465576171875,96.66829681396484,35.86894226074219,82.5439682006836,45.806129455566406,32.689998626708984
2022-06-15,2562.25,115.30999755859375,32.94599533081055,105.16000366210938,1815.300048828125,4.167500019073486,93.88231658935547,35.36397171020508,21.070920944213867,358.82696533203125,157.486572265625,98.36029815673828,35.859737396240234,83.3422622680664,46.767433166503906,29.6200008392334
2022-06-16,2474.25,117.58999633789062,31.583396911621094,103.62999725341797,1845.699951171875,4.111999988555908,90.70577239990234,34.09314727783203,20.261260986328125,346.9512939453125,151.4669647216797,94.14500427246094,34.56553268432617,80.56231689453125,44.748687744140625,32.95000076293945
2022-06-17,2461.0,109.55999755859375,31.15928077697754,104.69999694824219,1835.5999755859375,4.017499923706055,91.02534484863281,33.24300003051758,20.69571304321289,347.6991882324219,151.49539184570312,95.43599700927734,34.505672454833984,80.3556900024414,44.73908615112305,31.1299991607666
2022-06-21,2490.0,110.6500015258789,31.38487434387207,104.44000244140625,1834.5999755859375,4.043000221252441,93.5142822265625,33.391998291015625,21.04129981994629,356.4520263671875,153.95062255859375,97.05851745605469,35.02739334106445,81.82158660888672,45.63813400268555,30.190000534057617
2022-06-22,2434.75,106.19000244140625,29.697416305541992,104.19999694824219,1834.300048828125,3.9514999389648438,93.11721801757812,32.033531188964844,21.04129981994629,355.8057861328125,153.3723602294922,96.7647705078125,34.577552795410156,81.36880493164062,43.89023971557617,28.950000762939453
2022-06-23,2436.0,104.2699966430664,27.901674270629883,104.43000030517578,1825.699951171875,3.758500099182129,92.3812026977539,30.964284896850586,21.431318283081055,359.29364013671875,152.99078369140625,96.451416015625,34.10451126098633,80.9537353515625,42.25823974609375,29.049999237060547
2022-06-24,2411.5,107.62000274658203,29.020633697509766,104.19000244140625,1826.5,3.759999990463257,95.32530975341797,32.09487533569336,21.939823150634766,370.71697998046875,158.29127502441406,99.50653839111328,35.458675384521484,83.78363800048828,44.5082893371582,27.229999542236328
2022-06-27,2460.75,109.56999969482422,29.589134216308594,103.94000244140625,1820.9000244140625,3.7790000438690186,95.50931549072266,32.5418586730957,21.692975997924805,369.3009338378906,158.310302734375,99.35967254638672,35.16652297973633,83.58556365966797,45.21323013305664,26.950000762939453
2022-06-28,2440.5,111.76000213623047,29.42670249938965,104.51000213623047,1817.5,3.7839999198913574,94.87982177734375,32.48051071166992,21.179534912109375,361.7550964355469,156.1786651611328,98.23357391357422,34.79087448120117,82.61394500732422,44.46000671386719,28.360000610351562
2022-06-29,2422.75,109.77999877929688,28.668243408203125,105.11000061035156,1813.699951171875,3.7790000438690186,94.32779693603516,32.156227111816406,20.873443603515625,361.46044921875,155.05580139160156,96.94103240966797,34.540443420410156,82.13287353515625,43.214271545410156,28.15999984741211
2022-06-30,2401.5,105.76000213623047,28.031579971313477,104.69000244140625,1804.0999755859375,3.7144999504089355,96.04195404052734,31.21845054626465,20.912939071655273,358.5238342285156,155.4364471435547,98.51753234863281,34.13233947753906,82.38755798339844,41.910606384277344,28.709999084472656
2022-07-01,2389.25,108.43000030517578,27.487192153930664,105.13999938964844,1798.9000244140625,3.61899995803833,97.08790588378906,30.70135498046875,20.962308883666992,362.3157043457031,156.95899963378906,99.80030059814453,34.37350082397461,83.10446166992188,42.113399505615234,26.700000762939453
2022-07-05,2342.0,99.5,26.0570068359375,106.5,1761.800048828125,3.424999952316284,94.085693359375,29.640872955322266,21.120290756225586,363.00006103515625,155.15090942382812,97.91043090820312,33.68250274658203,81.85932159423828,40.04683303833008,27.540000915527344
2022-07-06,2354.75,98.52999877929688,26.038555145263672,107.0999984741211,1734.9000244140625,3.4179999828338623,95.2962646484375,29.51817512512207,20.903064727783203,364.2259826660156,155.721923828125,98.4489974975586,33.89582824707031,82.33096313476562,39.766788482666016,26.729999542236328
2022-07-07,2386.75,102.7300033569336,27.61636734008789,107.12999725341797,1737.9000244140625,3.5820000171661377,96.1097640991211,30.85034942626953,21.465877532958984,369.6810302734375,157.94866943359375,100.52490234375,34.19727325439453,83.30255126953125,41.84300994873047,26.079999923706055
2022-07-08,2383.75,104.79000091552734,27.17347526550293,107.01000213623047,1740.5999755859375,3.5320000648498535,96.1872329711914,30.552364349365234,21.446128845214844,369.376953125,157.34915161132812,100.3976058959961,33.86336898803711,82.92524719238281,41.48570251464844,24.639999389648438
2022-07-11,2341.25,104.08999633789062,25.946285247802734,108.0199966430664,1730.0,3.4375,95.3930892944336,29.439298629760742,20.94256019592285,365.15740966796875,155.92173767089844,98.30211639404297,33.77061080932617,82.36868286132812,40.8000602722168,26.170000076293945
2022-07-12,2321.75,95.83999633789062,25.374210357666016,108.06999969482422,1723.300048828125,3.2964999675750732,95.53836059570312,29.202659606933594,20.784576416015625,361.9261779785156,155.38880920410156,98.78192138671875,33.705692291259766,82.11400604248047,40.99320983886719,27.290000915527344
2022-07-13,2330.75,96.30000305175781,25.411121368408203,107.95999908447266,1734.199951171875,3.325500011444092,94.085693359375,29.35165786743164,20.77470588684082,360.025390625,153.8662567138672,97.61668395996094,33.51091003417969,81.11410522460938,41.881629943847656,26.81999969482422
2022-07-14,2367.0,95.77999877929688,24.469968795776367,108.54000091552734,1704.5,3.2105000019073486,93.06878662109375,28.282407760620117,20.61672019958496,359.1510314941406,152.8195037841797,96.82352447509766,32.894126892089844,80.65190124511719,40.645565032958984,26.399999618530273
2022-07-15,2380.0,97.58999633789062,24.82982063293457,108.05999755859375,1702.4000244140625,3.234499931335449,93.88231658935547,28.67680549621582,20.932687759399414,366.01263427734375,155.21755981445312,98.23357391357422,33.40888214111328,81.91590881347656,41.437408447265625,24.229999542236328
2022-07-18,2461.5,102.5999984741211,25.67870330810547,107.37000274658203,1709.199951171875,3.3480000495910645,92.72982788085938,29.36918067932129,20.883316040039062,362.99053955078125,154.5133514404297,97.89083862304688,33.48772430419922,81.42538452148438,42.13270950317383,25.299999237060547
2022-07-19,2397.5,104.22000122070312,26.2138671875,106.68000030517578,1710.0,3.2915000915527344,96.0710220336914,30.000213623046875,21.485626220703125,372.7982482910156,160.25157165527344,101.78807067871094,34.50798416137695,84.33074188232422,43.26254653930664,24.5
2022-07-20,2435.25,102.26000213623047,26.0570068359375,107.08000183105469,1699.5,3.3294999599456787,97.32032012939453,29.877513885498047,21.999069213867188,375.1741943359375,161.72657775878906,103.41354370117188,34.568275451660156,84.98162078857422,43.368778228759766,23.8799991607666
2022-07-21,2427.5,96.3499984741211,26.075464248657227,106.91000366210938,1712.699951171875,3.302000045776367,97.58182525634766,30.193023681640625,22.334781646728516,378.9945983886719,162.8780517578125,103.70732116699219,35.059852600097656,85.59476470947266,43.41706085205078,23.110000610351562
2022-07-22,2483.0,94.69999694824219,25.78019905090332,106.7300033569336,1727.0999755859375,3.3485000133514404,96.83609008789062,29.912567138671875,21.801591873168945,375.4783020019531,162.09771728515625,101.81747436523438,34.80943298339844,85.32121276855469,42.23893737792969,23.030000686645508
2022-07-25,2426.25,96.69999694824219,26.093917846679688,106.4800033569336,1719.0,3.3510000705718994,97.21379089355469,30.727649688720703,21.60411262512207,375.9344787597656,162.7543182373047,102.51268768310547,34.95318603515625,85.72681427001953,43.67779541015625,23.360000610351562
2022-07-26,2435.5,94.9800033569336,25.890918731689453,107.19000244140625,1717.699951171875,3.382499933242798,95.78048706054688,30.561126708984375,21.238779067993164,371.4867858886719,161.80267333984375,101.30826568603516,34.7166633605957,85.26461029052734,43.61019515991211,24.690000534057617
2022-07-27,2427.5,97.26000213623047,26.665990829467773,106.44999694824219,1719.0999755859375,3.429500102996826,96.47777557373047,31.271032333374023,21.989194869995117,381.1329345703125,164.66709899902344,102.75749969482422,35.13404846191406,86.5852279663086,45.08769226074219,23.239999771118164
2022-07-28,2457.0,96.41999816894531,26.9520263671875,106.3499984741211,1750.300048828125,3.4749999046325684,98.54058074951172,31.61284637451172,22.542133331298828,385.9132385253906,168.45448303222656,105.00965118408203,35.75548553466797,88.3963394165039,45.425682067871094,22.329999923706055
2022-07-29,2463.5,98.62000274658203,28.13308334350586,105.9000015258789,1762.9000244140625,3.5840001106262207,100.52594757080078,32.48051071166992,22.867971420288086,391.5394287109375,171.86126708984375,106.8309555053711,36.23314666748047,90.2169418334961,46.58449935913086,21.329999923706055
2022-08-01,2407.25,93.88999938964844,27.51487159729004,105.44999694824219,1769.0,3.552000045776367,101.28132629394531,31.980947494506836,22.838350296020508,390.3799743652344,172.17530822753906,107.93746948242188,35.94099044799805,90.31124877929688,46.09199905395508,22.84000015258789
2022-08-02,2386.5,94.41999816894531,26.638309478759766,106.23999786376953,1771.0999755859375,3.5244998931884766,101.35881805419922,31.341148376464844,22.917341232299805,387.8045349121094,170.74786376953125,107.70247650146484,35.57461929321289,89.35852813720703,45.47396469116211,23.93000030517578
2022-08-03,2349.5,90.66000366210938,26.51835823059082,106.51000213623047,1758.0,3.4695000648498535,101.81398010253906,31.271032333374023,23.44066047668457,393.8772888183594,172.2799530029297,107.87870788574219,35.61172866821289,90.19806671142578,45.309791564941406,21.950000762939453
2022-08-04,2372.75,88.54000091552734,26.758258819580078,105.69000244140625,1788.5,3.4830000400543213,101.10700988769531,31.533966064453125,23.549272537231445,393.6111755371094,173.06980895996094,107.8982925415039,35.63490295410156,90.52821350097656,45.763675689697266,21.440000534057617
2022-08-05,2396.75,89.01000213623047,27.293424606323242,106.62000274658203,1772.9000244140625,3.552999973297119,100.94237518310547,32.191287994384766,23.233308792114258,392.9459228515625,173.44093322753906,106.40013122558594,35.7601203918457,90.66972351074219,46.80660629272461,21.149999618530273
2022-08-08,2427.5,90.76000213623047,28.345300674438477,106.44000244140625,1786.800048828125,3.5875000953674316,100.4871826171875,32.60321044921875,23.42091178894043,392.4897155761719,173.6598358154297,106.67430877685547,35.95954513549805,90.64141082763672,47.21219253540039,21.290000915527344
2022-08-09,2470.75,90.5,28.059267044067383,106.37000274658203,1794.0,3.5924999713897705,100.64214324951172,32.568153381347656,22.986459732055664,390.93115234375,172.613037109375,106.29240417480469,35.78331756591797,90.31124877929688,47.58881378173828,21.770000457763672
2022-08-10,2472.75,91.93000030517578,29.2126407623291,105.19999694824219,1795.5999755859375,3.6554999351501465,102.55000305175781,33.42705154418945,24.24044418334961,399.14227294921875,176.7906036376953,108.92646789550781,36.79894256591797,92.29217529296875,49.27875900268555,19.739999771118164
2022-08-11,2505.25,94.33999633789062,29.332590103149414,105.08999633789062,1789.699951171875,3.7105000019073486,102.33695220947266,33.76885986328125,24.487293243408203,399.14227294921875,177.5519256591797,109.31813049316406,36.92415237426758,92.78269958496094,49.6843376159668,20.200000762939453
2022-08-12,2421.75,92.08999633789062,29.710893630981445,105.62999725341797,1798.5999755859375,3.6760001182556152,104.2835464477539,34.06684875488281,24.69464683532715,405.89935302734375,180.3686981201172,112.59848022460938,37.619781494140625,94.17878723144531,50.688655853271484,19.530000686645508
2022-08-15,2377.0,89.41000366210938,28.714384078979492,106.55000305175781,1781.4000244140625,3.628999948501587,105.11641693115234,33.42705154418945,24.61565399169922,407.5719299316406,180.9586639404297,112.66699981689453,37.59659194946289,94.4051742553711,49.88713836669922,19.950000762939453
2022-08-16,2381.0,86.52999877929688,29.11113929748535,106.5,1773.199951171875,3.6364998817443848,105.2423095703125,34.06684875488281,24.536663055419922,408.37030029296875,181.6057586669922,113.09785461425781,37.80527877807617,94.82966613769531,50.321693420410156,19.690000534057617
2022-08-17,2397.75,88.11000061035156,28.557523727416992,106.56999969482422,1760.300048828125,3.5980000495910645,104.59346008300781,33.391998291015625,23.835615158081055,405.4716491699219,179.78819274902344,111.01216125488281,37.2858772277832,94.07501983642578,48.97938919067383,19.899999618530273
2022-08-18,2393.5,90.5,28.954282760620117,107.4800033569336,1755.300048828125,3.6465001106262207,104.81620025634766,33.716278076171875,23.963977813720703,406.6501159667969,180.46383666992188,111.2471694946289,37.401824951171875,94.45230865478516,50.15752410888672,19.559999465942383
2022-08-19,2371.75,90.7699966430664,28.262258529663086,108.16999816894531,1747.5999755859375,3.683500051498413,103.40223693847656,32.971309661865234,23.17406463623047,401.1855773925781,177.79933166503906,108.99500274658203,36.715450286865234,93.23548126220703,48.544830322265625,20.600000381469727
2022-08-22,2377.25,90.2300033569336,27.893178939819336,109.05000305175781,1734.0,3.6705000400543213,101.15543365478516,32.67332458496094,22.275537490844727,392.8318176269531,174.2212677001953,106.12593841552734,36.13113021850586,91.46206665039062,48.071651458740234,23.799999237060547
2022-08-23,2412.5,93.73999786376953,29.240318298339844,108.62000274658203,1746.800048828125,3.7044999599456787,101.37816619873047,33.81268310546875,22.21629524230957,391.88153076171875,174.37353515625,105.7734375,36.48822021484375,91.63187408447266,49.24978256225586,24.110000610351562
2022-08-24,2420.25,94.88999938964844,29.138822555541992,108.68000030517578,1747.800048828125,3.6605000495910645,102.29820251464844,33.54098892211914,22.56188201904297,393.1360168457031,175.22994995117188,107.01700592041016,36.567054748535156,91.93372344970703,50.30237579345703,22.81999969482422
2022-08-25,2422.5,92.5199966430664,30.033838272094727,108.47000122070312,1757.699951171875,3.7105000019073486,104.45787811279297,34.382362365722656,22.986459732055664,398.68609619140625,178.04676818847656,109.28875732421875,37.397178649902344,93.33924865722656,51.61570739746094,21.780000686645508
2022-08-26,2484.0,93.05999755859375,29.39717674255371,108.80000305175781,1736.0999755859375,3.7114999294281006,101.59123992919922,33.7951545715332,21.94969940185547,385.19091796875,171.91836547851562,105.3621597290039,36.2516975402832,90.1037368774414,50.26375198364258,25.559999465942383
2022-08-29,2481.25,97.01000213623047,28.954282760620117,108.83999633789062,1736.5999755859375,3.626499891281128,100.92298889160156,33.497169494628906,21.801591873168945,382.6440124511719,171.04287719726562,104.49066162109375,35.99663543701172,89.6980972290039,49.97404479980469,26.209999084472656
2022-08-30,2373.5,91.63999938964844,27.75477409362793,108.7699966430664,1723.199951171875,3.5450000762939453,99.51872253417969,32.49803924560547,21.673229217529297,378.4433898925781,168.73995971679688,103.01206970214844,35.40766525268555,88.40579986572266,47.830230712890625,26.209999084472656
2022-08-31,2341.75,89.55000305175781,27.542552947998047,108.69999694824219,1712.800048828125,3.5185000896453857,98.5018310546875,32.0247688293457,21.683103561401367,375.5638122558594,167.30303955078125,102.23853302001953,34.97173309326172,87.66059112548828,47.4439582824707,25.8700008392334
2022-09-01,2277.25,86.61000061035156,26.490680694580078,109.69000244140625,1696.5999755859375,3.4144999980926514,97.37844848632812,31.165868759155273,21.258527755737305,376.74224853515625,167.1412811279297,100.41719818115234,34.51262283325195,87.78321075439453,45.64778518676758,25.559999465942383
2022-09-02,2276.5,86.87000274658203,26.804393768310547,109.52999877929688,1709.800048828125,3.4214999675750732,96.9716796875,31.165868759155273,21.426382064819336,372.7697448730469,165.53305053710938,99.89820861816406,34.480159759521484,86.93426513671875,46.024410247802734,25.469999313354492
2022-09-06,2248.0,86.87999725341797,27.016616821289062,110.20999908447266,1700.4000244140625,3.4690001010894775,96.87483215332031,31.446321487426758,21.27827262878418,371.36322021484375,165.85658264160156,100.01573181152344,34.37350082397461,87.07573699951172,46.35272979736328,26.90999984741211
2022-09-07,2221.0,81.94000244140625,27.053524017333984,109.83999633789062,1715.300048828125,3.437999963760376,98.49215698242188,31.45508575439453,21.831212997436523,378.0347595214844,168.93032836914062,102.26789855957031,35.324195861816406,88.47183227539062,46.767982482910156,24.639999389648438
2022-09-08,2240.25,83.54000091552734,27.883955001831055,109.70999908447266,1708.0,3.5360000133514404,98.63743591308594,32.06858825683594,22.038562774658203,380.5057067871094,169.49176025390625,102.94352722167969,35.6673698425293,88.7359390258789,47.057682037353516,23.610000610351562
2022-09-09,2275.75,86.79000091552734,28.97273826599121,109.0,1716.199951171875,3.5810000896453857,99.86737060546875,33.488399505615234,22.670494079589844,386.41693115234375,172.01351928710938,104.49066162109375,36.2053337097168,89.88677978515625,48.84419250488281,22.790000915527344
2022-09-12,2272.5,87.77999877929688,29.544809341430664,108.33000183105469,1728.0999755859375,3.625499963760376,100.04169464111328,33.97920227050781,22.956838607788086,390.5700378417969,173.21253967285156,105.3621597290039,36.543880462646484,90.42445373535156,48.815223693847656,23.8700008392334
2022-09-13,2299.5,87.30999755859375,28.37298011779785,109.81999969482422,1705.0,3.5810000896453857,95.85797882080078,32.62950134277344,21.96451187133789,373.5870361328125,166.87481689453125,100.61302185058594,35.240718841552734,87.01915740966797,47.038368225097656,27.270000457763672
2022-09-14,2259.25,88.4800033569336,28.225351333618164,109.66000366210938,1696.5,3.5455000400543213,97.3687515258789,32.30522155761719,22.058311462402344,375.01263427734375,166.48464965820312,101.60201263427734,34.80943298339844,86.8493423461914,45.59950637817383,26.15999984741211
2022-09-15,2290.75,85.0999984741211,27.727092742919922,109.73999786376953,1665.4000244140625,3.5234999656677246,96.53587341308594,31.75307273864746,21.623859405517578,370.7550354003906,164.85740661621094,100.01573181152344,34.350311279296875,85.94380187988281,44.3441162109375,26.270000457763672
2022-09-16,2264.25,85.11000061035156,27.5794620513916,109.76000213623047,1671.699951171875,3.561000108718872,95.43183898925781,31.472612380981445,21.149911880493164,367.926513671875,161.29837036132812,98.20419311523438,33.807716369628906,84.15154266357422,43.8033332824707,26.299999237060547
2022-09-19,2235.5,85.7300033569336,28.114625930786133,109.73999786376953,1666.199951171875,3.557499885559082,96.1000747680664,32.06858825683594,21.149911880493164,370.77972412109375,163.62030029296875,98.9920883178711,34.36737060546875,85.29364013671875,45.48136520385742,25.760000228881836
2022-09-20,2228.25,84.44999694824219,27.413375854492188,110.22000122070312,1659.699951171875,3.5480000972747803,95.97417449951172,31.55149269104004,20.863567352294922,366.52374267578125,161.4315643310547,98.29544067382812,33.71444320678711,84.23208618164062,44.268917083740234,27.15999984741211
2022-09-21,2179.75,82.94000244140625,26.87820816040039,110.63999938964844,1664.5999755859375,3.51200008392334,95.02509307861328,30.84157943725586,20.72533416748047,360.13018798828125,159.39511108398438,97.37312316894531,32.977561950683594,83.11367797851562,43.33776092529297,27.989999771118164
2022-09-22,2207.75,83.48999786376953,26.933570861816406,111.3499984741211,1670.800048828125,3.498500108718872,93.97915649414062,31.016870498657227,20.211891174316406,357.10516357421875,156.5308074951172,95.58735656738281,32.58114242553711,81.86256408691406,42.600589752197266,27.350000381469727
2022-09-23,2157.5,78.73999786376953,25.383438110351562,113.19000244140625,1645.300048828125,3.371500015258789,91.54832458496094,29.491884231567383,19.787315368652344,351.1219482421875,153.55224609375,92.89891052246094,31.91422462463379,80.32711029052734,40.3405876159668,29.920000076293945
2022-09-26,2126.25,76.70999908447266,24.82059097290039,114.0999984741211,1623.300048828125,3.313499927520752,90.15001678466797,28.694332122802734,19.53059196472168,347.64837646484375,151.76319885253906,91.53504180908203,31.39653968811035,79.48356628417969,39.710105895996094,32.2599983215332
2022-09-27,2098.75,78.5,25.115854263305664,114.11000061035156,1626.699951171875,3.322999954223633,89.68328094482422,28.974790573120117,19.525653839111328,346.7608642578125,151.45867919921875,91.0640869140625,31.46650505065918,79.21815490722656,40.835262298583984,32.599998474121094
2022-09-28,2114.25,82.1500015258789,26.19541358947754,112.5999984741211,1660.4000244140625,3.381999969482422,91.4530258178711,29.877513885498047,20.15264892578125,353.58392333984375,155.1248321533203,93.18345642089844,32.27799987792969,80.96214294433594,42.7266845703125,30.18000030517578
2022-09-29,2192.75,81.2300033569336,26.14927864074707,112.25,1658.5,3.440000057220459,89.37211608886719,29.99144744873047,19.570087432861328,346.19793701171875,152.05616760253906,90.70103454589844,31.802295684814453,79.55937957763672,41.94101333618164,31.84000015258789
2022-09-30,2157.25,79.48999786376953,26.075464248657227,112.12000274658203,1662.4000244140625,3.441999912261963,88.67198944091797,29.82492446899414,19.5009708404541,340.8445129394531,150.6030731201172,89.95533752441406,31.71834373474121,78.51678466796875,41.21355056762695,31.6200008392334
2022-10-03,2213.0,83.62999725341797,27.265743255615234,111.75,1692.9000244140625,3.4579999446868896,91.23912048339844,31.008106231689453,20.0242862701416,349.8432312011719,155.2013397216797,92.95777130126953,32.7490348815918,80.88630676269531,44.19132614135742,30.100000381469727
2022-10-04,2347.25,86.5199966430664,28.09617042541504,110.06999969482422,1721.0999755859375,3.5179998874664307,94.26322937011719,32.44544982910156,20.833948135375977,360.68365478515625,160.77456665039062,96.80404663085938,33.952293395996094,83.70130920410156,45.869354248046875,29.06999969482422
2022-10-05,2359.25,87.76000213623047,27.856271743774414,111.06999969482422,1711.4000244140625,3.5325000286102295,93.5825424194336,32.042293548583984,20.77470588684082,359.8438720703125,160.04806518554688,96.07796478271484,33.569862365722656,83.24637603759766,45.71415710449219,28.549999237060547
2022-10-06,2355.0,88.44999694824219,27.311880111694336,112.26000213623047,1711.699951171875,3.4749999046325684,92.9699478149414,31.56025505065918,20.705585479736328,356.1318359375,158.39422607421875,95.3714828491211,33.215415954589844,82.2890625,45.510459899902344,30.520000457763672
2022-10-07,2295.75,92.63999938964844,26.53681182861328,112.80000305175781,1700.5,3.4124999046325684,92.58099365234375,30.981809616088867,19.81693458557129,346.19793701171875,154.91452026367188,94.24314880371094,32.394588470458984,80.7156982421875,44.220420837402344,31.360000610351562
2022-10-10,2258.0,91.12999725341797,26.53681182861328,113.13999938964844,1667.300048828125,3.4535000324249268,93.3880844116211,30.999340057373047,19.441728591918945,343.5545654296875,155.3733367919922,94.83186340332031,32.46455001831055,81.00004577636719,44.59870529174805,32.45000076293945
2022-10-11,2245.25,89.3499984741211,26.0570068359375,113.22000122070312,1678.699951171875,3.4779999256134033,93.3589096069336,30.613712310791016,19.1455078125,341.37884521484375,155.00054931640625,94.31180572509766,32.21269989013672,80.98109436035156,44.181617736816406,33.630001068115234
2022-10-12,2312.25,87.2699966430664,26.19541358947754,113.31999969482422,1670.300048828125,3.444499969482422,91.26825714111328,30.534833908081055,19.115886688232422,340.2527770996094,153.8438262939453,92.3788833618164,31.970190048217773,80.34603881835938,44.181617736816406,33.56999969482422
2022-10-13,2388.0,89.11000061035156,26.739805221557617,112.36000061035156,1670.0,3.4674999713897705,93.05744934082031,31.03439712524414,19.51084327697754,349.232421875,156.96983337402344,94.14501953125,32.9076042175293,82.11846923828125,44.918792724609375,31.940000534057617
2022-10-14,2337.75,85.61000061035156,25.87247085571289,113.30999755859375,1641.699951171875,3.450500011444092,90.50008392333984,29.956390380859375,18.95790672302246,341.27392578125,153.1650848388672,91.55467987060547,31.797618865966797,80.31763458251953,42.843074798583984,32.02000045776367
2022-10-17,2259.75,85.45999908447266,26.44454002380371,112.04000091552734,1657.0,3.4554998874664307,92.88243103027344,30.832822799682617,19.629329681396484,350.0435791015625,157.02720642089844,94.57672882080078,32.59046936035156,82.0710678100586,44.501712799072266,31.3700008392334
2022-10-18,2204.5,82.81999969482422,26.15850830078125,112.12999725341797,1649.0,3.4065001010894775,96.59695434570312,30.753942489624023,19.82680892944336,354.1564636230469,160.65988159179688,97.49087524414062,33.22940444946289,84.05200958251953,45.06428909301758,30.5
2022-10-19,2187.0,85.55000305175781,25.835559844970703,112.9800033569336,1627.5,3.3605000972747803,97.07342529296875,30.40336799621582,19.51084327697754,351.6467590332031,159.08251953125,97.32405853271484,32.837650299072266,83.45488739013672,43.987632751464844,30.760000228881836
2022-10-20,2228.25,85.9800033569336,25.82633399963379,112.87999725341797,1630.800048828125,3.4509999752044678,96.888671875,30.526073455810547,19.53059196472168,348.69805908203125,156.09988403320312,97.02971649169922,32.59980010986328,81.8151626586914,44.220420837402344,29.979999542236328
2022-10-21,2223.5,85.05000305175781,26.96125030517578,112.01000213623047,1651.0,3.5230000019073486,99.13488006591797,31.902070999145508,20.06378173828125,357.1719055175781,160.17234802246094,99.26681518554688,33.72842788696289,84.06148529052734,46.71321105957031,29.690000534057617
2022-10-24,2192.75,84.58000183105469,25.97396469116211,111.98999786376953,1648.699951171875,3.4795000553131104,100.20452117919922,31.227214813232422,20.1131534576416,361.54248046875,162.36148071289062,100.3068618774414,33.53255081176758,85.17991638183594,46.393123626708984,29.850000381469727
2022-10-25,2228.5,85.31999969482422,26.619853973388672,110.94999694824219,1652.800048828125,3.450500011444092,100.63235473632812,31.6303768157959,20.824073791503906,367.3157653808594,164.78012084960938,101.62166595458984,34.36270523071289,86.32674407958984,47.22728729248047,28.459999084472656
2022-10-26,2352.5,87.91000366210938,27.810134887695312,109.69999694824219,1664.0,3.629499912261963,100.21422576904297,32.48051071166992,20.932687759399414,364.5484313964844,165.24855041503906,100.50312042236328,34.60521697998047,86.63005828857422,47.751075744628906,27.280000686645508
2022-10-27,2307.25,89.08000183105469,27.477964401245117,110.58999633789062,1660.699951171875,3.625499963760376,101.90618896484375,31.910829544067383,20.547603607177734,362.6017150878906,166.844970703125,102.02395629882812,34.5166130065918,87.64420318603516,47.62497329711914,27.389999389648438
2022-10-28,2210.75,87.9000015258789,26.905887603759766,110.66999816894531,1639.5999755859375,3.4660000801086426,104.60943603515625,31.113277435302734,20.99193000793457,371.228271484375,170.65927124023438,104.59468841552734,34.86172866821289,89.6820068359375,47.03330612182617,25.75
2022-10-31,2229.0,86.52999877929688,26.45376968383789,111.52999877929688,1635.9000244140625,3.4135000705718994,104.24964141845703,30.90293312072754,20.833948135375977,368.54681396484375,170.0952606201172,104.15314483642578,34.54924392700195,89.42608642578125,47.04299545288086,25.8799991607666
2022-11-01,2259.5,88.37000274658203,27.75477409362793,111.4800033569336,1645.0,3.509500026702881,104.37603759765625,31.945890426635742,20.93071174621582,366.9339599609375,170.3533477783203,104.63392639160156,34.63786315917969,89.34080505371094,47.760772705078125,25.809999465942383
2022-11-02,2266.5,90.0,26.795167922973633,111.3499984741211,1645.699951171875,3.505500078201294,102.86885070800781,30.89417266845703,20.211891174316406,357.72540283203125,166.7111358642578,102.43606567382812,33.737754821777344,87.76742553710938,44.85089874267578,25.860000610351562
2022-11-03,2282.25,88.16999816894531,26.933570861816406,112.93000030517578,1627.300048828125,3.4565000534057617,103.59813690185547,30.832822799682617,20.202016830444336,354.0419616699219,168.03993225097656,102.33793640136719,33.994266510009766,88.68680572509766,44.72480010986328,25.299999237060547
2022-11-04,2380.25,92.61000061035156,29.57248878479004,110.87999725341797,1672.5,3.7144999504089355,104.21074676513672,33.54098892211914,20.281009674072266,359.13775634765625,170.4107208251953,103.66253662109375,35.174198150634766,90.10853576660156,47.96445846557617,24.549999237060547
2022-11-07,2354.5,91.79000091552734,29.406402587890625,110.12000274658203,1676.5,3.629499912261963,105.66932678222656,33.46210861206055,20.458738327026367,362.5731201171875,172.466064453125,105.85059356689453,35.449363708496094,91.07528686523438,48.41064453125,24.350000381469727
2022-11-08,2391.25,88.91000366210938,30.319873809814453,109.62000274658203,1712.0999755859375,3.7054998874664307,106.53475952148438,34.00550079345703,20.527856826782227,364.529296875,173.50808715820312,106.63554382324219,36.0603141784668,91.8714599609375,49.3223991394043,25.540000915527344
2022-11-09,2329.75,85.83000183105469,29.258771896362305,110.55000305175781,1710.0999755859375,3.741499900817871,105.80546569824219,33.03266143798828,20.37481117248535,357.0192565917969,170.8026885986328,105.75247192382812,35.47734832763672,90.5919189453125,46.645320892333984,26.09000015258789
2022-11-10,2351.5,86.47000122070312,31.242572784423828,108.20999908447266,1750.300048828125,3.7960000038146973,109.44219970703125,34.71541213989258,21.4273681640625,376.6389465332031,178.90931701660156,110.96257781982422,37.440792083740234,94.39263153076172,49.20600509643555,23.530000686645508
2022-11-11,2475.0,88.95999908447266,32.58971405029297,106.29000091552734,1766.0,3.9509999752044678,105.72766876220703,36.20533752441406,22.492765426635742,380.2842712402344,178.92840576171875,108.6175308227539,37.8931770324707,94.33576202392578,49.8461799621582,22.520000457763672
2022-11-14,2460.75,85.87000274658203,32.137596130371094,106.66000366210938,1773.5999755859375,3.8550000190734863,104.44412231445312,36.319271087646484,22.2064208984375,377.04925537109375,177.6951904296875,106.59627532958984,37.841880798339844,93.75759887695312,50.292354583740234,23.729999542236328
2022-11-15,2437.0,86.91999816894531,32.41440200805664,106.4000015258789,1773.800048828125,3.8394999504089355,106.15550994873047,36.5997314453125,22.334781646728516,380.26519775390625,179.27256774902344,108.07788848876953,37.785911560058594,94.40211486816406,50.719154357910156,24.540000915527344
2022-11-16,2412.5,85.58999633789062,31.91614532470703,106.27999877929688,1773.0,3.7880001068115234,105.40678405761719,35.98623275756836,21.702852249145508,377.36419677734375,177.6951904296875,107.00837707519531,37.41748046875,93.71968078613281,49.68128204345703,24.110000610351562
2022-11-17,2393.0,81.63999938964844,31.131851196289062,106.69000244140625,1760.800048828125,3.689500093460083,105.99993896484375,35.574310302734375,21.475749969482422,376.2095031738281,177.2076416015625,106.84159851074219,37.05836868286133,93.55856323242188,49.03141784667969,23.93000030517578
2022-11-18,2428.0,80.08000183105469,30.873498916625977,106.93000030517578,1751.9000244140625,3.631999969482422,106.79729461669922,35.50419235229492,21.35726547241211,377.91766357421875,178.45997619628906,107.54805755615234,37.305545806884766,94.2504653930664,48.91501998901367,23.1200008392334
2022-11-21,2379.5,79.7300033569336,30.753543853759766,107.83999633789062,1737.4000244140625,3.571500062942505,107.33209991455078,35.302616119384766,20.99193000793457,376.5435485839844,178.89013671875,107.55786895751953,37.43147277832031,94.55377197265625,49.38059616088867,22.360000610351562
2022-11-22,2428.75,80.94999694824219,31.69469451904297,107.22000122070312,1738.300048828125,3.614500045776367,107.74050903320312,36.10017013549805,21.110416412353516,381.61065673828125,180.19027709960938,107.85221099853516,38.28028106689453,95.2835922241211,50.97134017944336,21.290000915527344
2022-11-23,2392.0,77.94000244140625,32.01763916015625,106.08000183105469,1744.9000244140625,3.617500066757202,107.9544448852539,36.46826934814453,21.272350311279297,384.0154113769531,180.87860107421875,107.8129653930664,38.42951965332031,95.64374542236328,51.14592361450195,20.350000381469727
2022-11-25,2367.25,76.27999877929688,31.999191284179688,105.95999908447266,1753.300048828125,3.626499891281128,108.54759216308594,36.30173873901367,21.22890281677246,383.9295654296875,181.55734252929688,108.41150665283203,38.41553497314453,96.01338958740234,50.884037017822266,20.5
2022-11-28,2362.0,77.23999786376953,31.177988052368164,106.68000030517578,1740.0999755859375,3.6105000972747803,106.76811981201172,35.583065032958984,20.833948135375977,377.8031921386719,178.10623168945312,105.74266815185547,37.55739974975586,94.26941680908203,49.27390670776367,22.209999084472656
2022-11-29,2365.25,78.19999694824219,32.1837272644043,106.81999969482422,1748.4000244140625,3.630000114440918,106.96260070800781,36.62602233886719,20.736194610595703,377.154296875,179.05264282226562,105.78191375732422,37.68330764770508,94.84759521484375,50.418453216552734,21.889999389648438
2022-11-30,2460.5,80.55000305175781,33.39246368408203,105.94999694824219,1746.0,3.7295000553131104,108.8295669555664,37.940673828125,21.32270622253418,389.0348815917969,182.38902282714844,108.24469757080078,38.59274673461914,96.4114761352539,52.30987548828125,20.579999923706055
2022-12-01,2472.25,81.22000122070312,33.946083068847656,104.7300033569336,1801.0999755859375,3.813999891281128,108.91710662841797,38.08966064453125,21.588315963745117,388.74853515625,182.3125457763672,108.98058319091797,38.63938903808594,96.43991088867188,51.902496337890625,19.84000015258789
2022-12-02,2535.0,79.9800033569336,34.0844841003418,104.55000305175781,1795.9000244140625,3.8480000495910645,110.95911407470703,38.352596282958984,21.55474281311035,388.300048828125,183.29718017578125,110.70747375488281,39.06378173828125,96.9896469116211,53.14404296875,19.059999465942383
2022-12-05,2509.0,76.93000030517578,33.3740119934082,105.29000091552734,1767.4000244140625,3.7894999980926514,109.8214111328125,37.817970275878906,21.051172256469727,381.3148498535156,180.07554626464844,108.97076416015625,38.289608001708984,95.368896484375,50.893733978271484,20.75
2022-12-06,2503.5,74.25,33.281734466552734,105.58000183105469,1769.300048828125,3.811500072479248,107.79884338378906,37.66021728515625,20.557477951049805,375.8182678222656,177.80995178222656,106.48836517333984,37.94915008544922,94.2409896850586,51.019832611083984,22.170000076293945
2022-12-07,2484.25,72.01000213623047,33.16178894042969,105.0999984741211,1785.5,3.8554999828338623,107.41961669921875,37.6426887512207,20.39949607849121,375.1789245605469,177.5518341064453,105.98794555664062,37.86520767211914,94.11778259277344,50.87434387207031,22.68000030517578
2022-12-08,2496.5,71.45999908447266,33.87226104736328,104.7699966430664,1788.699951171875,3.880500078201294,107.97388458251953,38.13348388671875,20.646343231201172,378.11810302734375,178.59384155273438,106.42948913574219,38.14502716064453,94.67698669433594,51.0295295715332,22.290000915527344
2022-12-09,2465.25,71.0199966430664,33.72462844848633,104.80999755859375,1798.0999755859375,3.875999927520752,107.17652893066406,37.82673263549805,21.085731506347656,375.29339599609375,177.07383728027344,105.4581298828125,37.76726150512695,93.8997802734375,49.749183654785156,22.829999923706055
2022-12-12,2409.25,73.16999816894531,33.52164077758789,105.12999725341797,1780.5,3.7985000610351562,108.6059341430664,37.68650817871094,21.539934158325195,380.7041015625,179.82699584960938,107.3420181274414,38.09372329711914,95.51106262207031,50.35055923461914,25.0
2022-12-13,2458.25,75.38999938964844,34.07525634765625,103.9800033569336,1813.9000244140625,3.8394999504089355,108.51823425292969,37.95161437988281,22.008943557739258,383.58599853515625,180.80209350585938,107.18502044677734,38.62073516845703,95.87122344970703,50.75794219970703,22.549999237060547
2022-12-14,2431.0,77.27999877929688,34.13985061645508,103.7699966430664,1807.5,3.875,108.80081939697266,37.63707733154297,22.000057220458984,381.1335754394531,180.47706604003906,107.18502044677734,38.20565414428711,95.6911392211914,50.32146453857422,21.139999389648438
2022-12-15,2383.0,76.11000061035156,32.857303619384766,104.55999755859375,1777.199951171875,3.763000011444092,106.7154541015625,36.60358810424805,20.843822479248047,371.81036376953125,175.79815673828125,104.761474609375,37.03971481323242,93.37847137451172,48.333045959472656,22.829999923706055
2022-12-16,2388.5,74.29000091552734,32.95879364013672,104.69999694824219,1790.0,3.7614998817443848,107.1734619140625,36.40587615966797,20.61672019958496,367.42071533203125,174.857177734375,106.99859619140625,36.881141662597656,92.98039245605469,48.46884536743164,22.6200008392334
2022-12-19,2364.25,75.19000244140625,32.67275619506836,104.72000122070312,1787.699951171875,3.7829999923706055,106.54003143310547,36.100318908691406,20.07958221435547,364.30511474609375,173.6473846435547,105.90155792236328,36.40188980102539,92.49090576171875,47.62094497680664,22.420000076293945
2022-12-20,2377.0,76.08999633789062,33.014156341552734,103.97000122070312,1815.9000244140625,3.797499895095825,107.41708374023438,36.53168869018555,20.068721771240234,364.8037109375,173.94500732421875,106.40242767333984,36.64128112792969,92.60516357421875,48.871299743652344,21.479999542236328
2022-12-21,2402.0,78.29000091552734,33.89994812011719,104.16000366210938,1815.9000244140625,3.805999994277954,109.21011352539062,37.385440826416016,20.360000610351562,370.25836181640625,177.0847625732422,108.27828979492188,36.960472106933594,94.34795379638672,50.12165451049805,20.06999969482422
2022-12-22,2421.5,77.48999786376953,32.69121170043945,104.43000030517578,1787.0,3.751499891281128,107.27091217041016,36.61257553100586,19.955167770385742,364.9762268066406,174.61712646484375,106.42207336425781,36.60372543334961,93.14799499511719,49.24249267578125,21.969999313354492
2022-12-23,2413.5,79.55999755859375,33.24482727050781,104.30999755859375,1795.9000244140625,3.802999973297119,108.03099822998047,37.061920166015625,20.050947189331055,367.0756530761719,175.5485076904297,107.02117919921875,36.857200622558594,93.70035552978516,49.61370086669922,20.8700008392334
2022-12-27,2411.25,79.52999877929688,33.6600456237793,104.18000030517578,1814.800048828125,3.8334999084472656,108.36231994628906,37.49329376220703,20.014413833618164,365.6280517578125,175.9901885986328,106.80512237548828,36.89005661010742,93.98606872558594,50.01420593261719,21.649999618530273
2022-12-28,2396.0,78.95999908447266,33.263282775878906,104.45999908447266,1807.9000244140625,3.8320000171661377,107.563232421875,36.98103713989258,19.7576904296875,361.0841064453125,173.5513458251953,106.00959777832031,36.326778411865234,92.75756072998047,48.01168441772461,22.139999389648438
2022-12-29,2426.5,78.4000015258789,33.60380554199219,103.83999633789062,1819.5,3.821000099182129,108.67414855957031,37.205711364746094,20.281009674072266,367.5837097167969,176.19180297851562,107.48275756835938,36.72107696533203,93.90034484863281,48.91037368774414,21.440000534057617
2022-12-30,2410.25,80.26000213623047,33.053375244140625,103.5199966430664,1819.699951171875,3.805500030517578,109.00546264648438,36.846229553222656,20.231639862060547,366.615478515625,175.3660430908203,108.08186340332031,36.46290588378906,93.52893829345703,48.656402587890625,21.670000076293945
2023-01-03,2325.25,76.93000030517578,33.361236572265625,104.5199966430664,1839.699951171875,3.7660000324249268,108.62542724609375,36.648521423339844,20.202016830444336,365.0719909667969,175.78855895996094,107.95417022705078,36.42535400390625,93.72894287109375,47.98237609863281,22.899999618530273
2023-01-04,2270.0,72.83999633789062,33.79038619995117,104.25,1852.800048828125,3.739500045776367,109.24908447265625,37.12482833862305,20.60783576965332,367.8905029296875,177.44004821777344,109.21129608154297,37.059043884277344,94.55746459960938,49.16435623168945,22.010000228881836
2023-01-05,2262.75,73.66999816894531,34.30349349975586,105.04000091552734,1834.800048828125,3.818000078201294,109.10292053222656,37.45734405517578,20.361974716186523,363.6915588378906,175.4813232421875,108.95594024658203,36.47229766845703,93.53846740722656,49.4280891418457,22.459999084472656
2023-01-06,2285.25,73.7699966430664,35.78683853149414,103.87999725341797,1864.199951171875,3.9084999561309814,110.78878021240234,39.227760314941406,20.863567352294922,372.0318603515625,180.16693115234375,110.88087463378906,37.7255973815918,96.10026550292969,51.6455192565918,21.1299991607666
2023-01-09,2443.25,74.62999725341797,36.57048797607422,103.0,1872.699951171875,4.018499851226807,108.67414855957031,39.389522552490234,21.130163192749023,371.82086181640625,179.68687438964844,109.74163055419922,37.964988708496094,95.67169189453125,51.56737518310547,21.969999313354492
2023-01-10,2465.0,75.12000274658203,37.34480667114258,103.23999786376953,1871.5999755859375,4.066999912261963,109.2978286743164,40.14441680908203,21.396760940551758,374.428466796875,181.1750946044922,110.66482543945312,38.34519577026367,96.19548034667969,52.84703063964844,20.579999923706055
2023-01-11,2506.25,77.41000366210938,37.50341033935547,103.19000244140625,1874.5999755859375,4.1545000076293945,109.95072937011719,40.5038948059082,21.91020393371582,379.1641540527344,182.9130096435547,111.92194366455078,38.94602966308594,97.1192626953125,53.13032150268555,21.09000015258789
2023-01-12,2551.0,78.38999938964844,38.28706359863281,102.25,1895.5,4.185999870300293,110.81800079345703,41.348663330078125,22.18667221069336,380.54461669921875,184.21888732910156,113.4834976196289,39.09153747558594,97.69064331054688,54.195072174072266,18.829999923706055
2023-01-13,2602.0,79.86000061035156,38.31505584716797,102.19999694824219,1918.4000244140625,4.207499980926514,109.48296356201172,41.57332992553711,22.270601272583008,382.0209045410156,184.35330200195312,113.35580444335938,39.3309326171875,97.57637786865234,54.917930603027344,18.350000381469727
2023-01-17,2628.25,80.18000030517578,37.41944122314453,102.38999938964844,1907.199951171875,4.215000152587891,108.93727111816406,40.80046463012695,22.275537490844727,381.32110595703125,183.1050567626953,113.44422149658203,38.93663787841797,96.74783325195312,54.361141204833984,19.360000610351562
2023-01-18,2643.75,79.4800033569336,37.624691009521484,102.36000061035156,1904.4000244140625,4.228499889373779,107.05650329589844,40.809452056884766,22.100770950317383,375.3008117675781,180.0421142578125,110.97909545898438,38.38744354248047,94.92887878417969,53.42336654663086,20.34000015258789
2023-01-19,2589.75,80.33000183105469,37.960540771484375,102.05999755859375,1922.0999755859375,4.226500034332275,105.66300964355469,41.070068359375,21.673229217529297,372.5686950683594,176.4894561767578,109.22109985351562,38.09172439575195,92.9765853881836,53.3354606628418,20.520000457763672
2023-01-20,2608.75,81.30999755859375,38.51095962524414,102.01000213623047,1926.4000244140625,4.248499870300293,106.55952453613281,41.70813751220703,21.841087341308594,379.5093078613281,179.235595703125,110.53714752197266,38.85684585571289,94.27175903320312,54.64442443847656,19.850000381469727
2023-01-23,2650.5,81.62000274658203,38.50163269042969,102.13999938964844,1927.0999755859375,4.254000186920166,107.70940399169922,41.78902053833008,22.295286178588867,384.0628356933594,181.34791564941406,111.71568298339844,38.98358154296875,95.30028533935547,54.79094696044922,19.809999465942383
2023-01-24,2665.0,80.12999725341797,38.71620559692383,101.91999816894531,1933.9000244140625,4.245500087738037,109.34654235839844,41.824974060058594,22.18173599243164,383.65069580078125,182.25051879882812,112.80583190917969,39.007049560546875,95.92884063720703,54.89840316772461,19.200000762939453
2023-01-25,2670.75,80.1500015258789,38.90278625488281,101.63999938964844,1941.199951171875,4.239999771118164,109.80455017089844,42.2563362121582,22.028690338134766,383.79443359375,181.5976104736328,113.19866943359375,39.08684158325195,95.3955307006836,55.58219528198242,19.079999923706055
2023-01-26,2656.5,81.01000213623047,38.93077850341797,101.83999633789062,1929.0999755859375,4.267000198364258,110.74005889892578,42.82251739501953,22.324909210205078,388.0124816894531,182.53855895996094,114.27900695800781,39.27461242675781,95.9193115234375,56.00223159790039,18.729999542236328
2023-01-27,2638.75,79.68000030517578,38.650901794433594,101.93000030517578,1928.5999755859375,4.223999977111816,110.80825805664062,42.15748596191406,22.697154998779297,388.904052734375,183.46034240722656,115.01559448242188,39.14787292480469,96.31929779052734,55.777549743652344,18.510000228881836
2023-01-30,2595.0,77.9000015258789,37.904563903808594,102.27999877929688,1922.9000244140625,4.203499794006348,110.3015365600586,41.762062072753906,22.2064208984375,384.0245361328125,181.49200439453125,114.32811737060547,38.88031768798828,95.37648010253906,55.16215133666992,19.940000534057617
2023-01-31,2639.0,78.87000274658203,38.52029037475586,102.0999984741211,1929.5,4.228499889373779,111.74376678466797,41.90584945678711,22.649757385253906,389.6708984375,185.1310272216797,116.05663299560547,39.734622955322266,96.99545288085938,55.79710006713867,19.399999618530273
2023-02-01,2608.5,76.41000366210938,39.089378356933594,101.22000122070312,1927.800048828125,4.111000061035156,111.8412094116211,42.32823181152344,23.253055572509766,393.8122863769531,186.9745635986328,117.12715148925781,39.99748229980469,97.70016479492188,56.822776794433594,17.8700008392334
2023-02-02,2605.5,75.87999725341797,37.764625549316406,101.75,1916.300048828125,4.093999862670898,111.21753692626953,41.32170104980469,24.665023803710938,399.54498291015625,188.84689331054688,118.12891387939453,39.870750427246094,98.46204376220703,57.12559509277344,18.729999542236328
2023-02-03,2550.0,73.38999938964844,37.10225296020508,102.91999816894531,1862.9000244140625,4.063000202178955,110.61336517333984,40.90830612182617,24.210824966430664,395.29815673828125,187.80992126464844,116.84232330322266,39.152565002441406,97.94779205322266,56.58832931518555,18.329999923706055
2023-02-06,2515.75,74.11000061035156,36.2532958984375,103.62000274658203,1866.199951171875,4.043499946594238,111.36371612548828,40.14441680908203,23.67763328552246,392.88238525390625,187.1761932373047,116.63609313964844,38.72071838378906,97.70970153808594,55.58219528198242,19.43000030517578
2023-02-07,2518.5,77.13999938964844,37.186214447021484,103.43000030517578,1871.699951171875,4.088500022888184,112.34794616699219,40.548828125,23.838577270507812,398.02081298828125,188.06915283203125,118.12891387939453,39.24175262451172,98.01446533203125,55.9240837097168,18.65999984741211
2023-02-08,2468.25,78.47000122070312,36.76639938354492,103.41000366210938,1877.4000244140625,4.043499946594238,111.87045288085938,40.26124954223633,23.411035537719727,393.6684875488281,186.85934448242188,116.8521499633789,38.927249908447266,97.46208953857422,54.439292907714844,19.6299991607666
2023-02-09,2487.5,78.05999755859375,36.64512252807617,103.22000122070312,1866.199951171875,4.105500221252441,111.22728729248047,40.00062561035156,23.144441604614258,390.2557067871094,184.99661254882812,115.12361907958984,38.363975524902344,96.5859375,53.90202713012695,20.709999084472656
2023-02-10,2429.0,79.72000122070312,35.87080001831055,103.62999725341797,1862.800048828125,4.027500152587891,112.63053131103516,39.42546081542969,22.946962356567383,391.1664123535156,185.9375762939453,115.81111145019531,38.504791259765625,97.27162170410156,53.98016357421875,20.530000686645508
2023-02-13,2389.0,80.13999938964844,36.2999382019043,103.3499984741211,1851.9000244140625,4.086999893188477,113.37115478515625,39.73101806640625,23.282676696777344,395.75830078125,187.6658935546875,117.23518371582031,38.706634521484375,98.15729522705078,54.11692810058594,20.34000015258789
2023-02-14,2381.0,79.05999755859375,36.85036087036133,103.2300033569336,1854.0,4.110000133514404,114.20921325683594,40.216312408447266,23.38141632080078,395.5762023925781,187.37783813476562,118.26639556884766,38.79582595825195,97.8906478881836,55.42589569091797,18.90999984741211
2023-02-15,2354.75,78.58999633789062,36.48652267456055,103.91999816894531,1834.199951171875,4.052000045776367,114.57950592041016,39.82987594604492,23.884986877441406,396.86077880859375,188.84689331054688,119.44493865966797,38.96480941772461,98.5001449584961,55.347747802734375,18.229999542236328
2023-02-16,2362.5,78.48999786376953,36.71976089477539,103.86000061035156,1842.0,4.165500164031982,113.36141204833984,40.04556655883789,23.549272537231445,391.396484375,187.1378173828125,118.05032348632812,38.5235710144043,97.48114776611328,55.885009765625,20.170000076293945
2023-02-17,2343.75,76.33999633789062,36.5611572265625,103.86000061035156,1840.4000244140625,4.113999843597412,113.8388900756836,39.80291748046875,23.317235946655273,390.4186706542969,188.09799194335938,118.66905975341797,38.16212844848633,98.11920928955078,54.878868103027344,20.020000457763672
2023-02-21,2411.5,76.16000366210938,36.70109558105469,104.18000030517578,1833.0,4.234499931335449,112.72799682617188,39.73101806640625,22.46314239501953,382.5865478515625,183.4315185546875,116.52804565429688,37.53314208984375,95.87169647216797,53.44290542602539,22.8700008392334
2023-02-22,2361.5,73.94999694824219,35.84280776977539,104.58999633789062,1832.0,4.202499866485596,113.0398178100586,38.95814895629883,22.344654083251953,382.059326171875,183.38351440429688,117.0682144165039,37.81477737426758,95.63360595703125,53.55036163330078,22.290000915527344
2023-02-23,2339.75,75.38999938964844,35.32037353515625,104.5999984741211,1818.0,4.072999954223633,113.18598937988281,38.69752883911133,22.640872955322266,384.0915832519531,184.29568481445312,117.43161010742188,37.85702896118164,96.0811996459961,53.04240417480469,21.139999389648438
2023-02-24,2294.5,76.31999969482422,34.25684356689453,105.20999908447266,1808.800048828125,3.9549999237060547,112.56232452392578,37.60112762451172,22.15705108642578,379.9886169433594,183.11465454101562,116.8521499633789,38.11050033569336,95.52885437011719,52.544212341308594,21.670000076293945
2023-02-27,2327.0,75.68000030517578,35.012508392333984,104.66999816894531,1817.0,4.008999824523926,112.55258178710938,37.942626953125,22.31207275390625,381.2828063964844,184.54531860351562,117.17625427246094,38.23723220825195,96.37642669677734,53.86294937133789,20.950000762939453
2023-02-28,2323.5,77.05000305175781,35.32970428466797,104.87000274658203,1828.9000244140625,4.097499847412109,111.78273010253906,38.239200592041016,22.374277114868164,379.8736267089844,184.19964599609375,116.68518829345703,38.410911560058594,96.15739440917969,54.908172607421875,20.700000762939453
2023-03-01,2379.25,77.69000244140625,36.92499923706055,104.4800033569336,1837.699951171875,4.168000221252441,112.80595397949219,39.68608474731445,22.038562774658203,378.4163818359375,185.04461669921875,116.6655502319336,38.711334228515625,96.538330078125,56.03153610229492,20.579999923706055
2023-03-02,2367.25,78.16000366210938,36.60780715942383,105.02999877929688,1833.5,4.084000110626221,114.0922622680664,40.06353759765625,22.522384643554688,381.35943603515625,187.0225830078125,117.90300750732422,39.152565002441406,97.6716079711914,56.2757453918457,19.59000015258789
2023-03-03,2369.75,79.68000030517578,37.66200256347656,104.5199966430664,1847.699951171875,4.078000068664551,114.73543548583984,40.71958541870117,23.164188385009766,387.4756164550781,189.0293426513672,119.3860092163086,39.71114730834961,98.72868347167969,57.711700439453125,18.489999771118164
2023-03-06,2368.75,80.45999908447266,36.71976089477539,104.3499984741211,1847.9000244140625,4.100500106811523,114.51129913330078,39.70406723022461,23.203685760498047,387.74407958984375,188.11715698242188,118.33513641357422,39.06807327270508,98.54776000976562,55.9240837097168,18.610000610351562
2023-03-07,2328.75,77.58000183105469,35.012508392333984,105.62000274658203,1813.9000244140625,3.9865000247955322,113.59526824951172,38.39197540283203,22.640872955322266,381.8003845214844,186.06240844726562,117.80479431152344,38.29825210571289,97.28114318847656,54.331825256347656,19.59000015258789
2023-03-08,2327.5,76.66000366210938,35.42299270629883,105.66000366210938,1812.699951171875,4.041500091552734,113.14701843261719,38.8413200378418,22.700115203857422,382.4235534667969,186.43687438964844,117.43161010742188,38.486019134521484,97.50971221923828,54.46858596801758,19.110000610351562
2023-03-09,2306.0,75.72000122070312,34.03294372558594,105.30999755859375,1829.300048828125,4.054500102996826,111.20781707763672,38.077430725097656,22.22616958618164,375.3679504394531,183.32589721679688,115.1039810180664,37.4955940246582,96.07168579101562,53.06193542480469,22.610000610351562
2023-03-10,2291.75,76.68000030517578,33.62246322631836,104.58000183105469,1862.0,4.045499801635742,110.14562225341797,37.403419494628906,21.59423828125,369.9515380859375,179.5524139404297,113.30672454833984,36.69760513305664,94.28129577636719,51.284095764160156,24.799999237060547
2023-03-13,2299.5,74.80000305175781,33.93032455444336,103.5999984741211,1911.699951171875,4.069499969482422,109.66812133789062,37.286590576171875,21.552766799926758,369.42431640625,177.93936157226562,112.14781951904297,36.322086334228516,93.74798583984375,50.87382125854492,26.520000457763672
2023-03-14,2316.75,71.33000183105469,34.35013961791992,103.5999984741211,1906.199951171875,4.010499954223633,110.91546630859375,37.58315658569336,21.741357803344727,375.5309143066406,180.26296997070312,113.51295471191406,36.78679656982422,94.7384033203125,51.27432632446289,23.729999542236328
2023-03-15,2242.5,67.61000061035156,32.28838348388672,104.6500015258789,1926.5999755859375,3.8564999103546143,108.44026947021484,35.50718307495117,21.52511978149414,373.1822204589844,175.68292236328125,110.84159088134766,35.59452438354492,92.40516662597656,48.226585388183594,26.139999389648438
2023-03-16,2233.25,68.3499984741211,32.6522216796875,104.41999816894531,1919.0,3.885499954223633,110.03840637207031,35.641990661621094,21.943775177001953,379.729736328125,177.8145294189453,112.16746520996094,36.002891540527344,93.5956039428711,48.724769592285156,22.989999771118164
2023-03-17,2229.25,66.73999786376953,32.85746765136719,103.70999908447266,1969.800048828125,3.9135000705718994,107.64119720458984,35.65097427368164,21.502412796020508,375.2897033691406,174.34828186035156,109.31932067871094,35.444313049316406,92.06234741210938,48.34380340576172,25.510000228881836
2023-03-20,2240.5,67.63999938964844,33.98630142211914,103.27999877929688,1979.199951171875,3.9755001068115234,109.27832794189453,36.40587615966797,21.407621383666992,378.8983459472656,176.76792907714844,110.73609161376953,36.17362976074219,93.28156280517578,49.087764739990234,24.149999618530273
2023-03-21,2243.75,69.33000183105469,34.18221664428711,103.26000213623047,1938.0,4.018499851226807,110.28203582763672,36.56764221191406,21.843059539794922,383.8734436035156,179.28358459472656,112.29934692382812,36.61207962036133,94.36211395263672,49.813106536865234,21.3799991607666
2023-03-22,2266.25,70.9000015258789,34.00495529174805,102.3499984741211,1946.800048828125,4.06850004196167,108.0797348022461,36.27107238769531,21.396760940551758,377.3297424316406,175.65411376953125,110.23467254638672,35.96147537231445,92.55481719970703,48.734901428222656,22.260000228881836
2023-03-23,2298.5,69.95999908447266,34.1448974609375,102.52999877929688,1993.800048828125,4.145999908447266,107.98201751708984,36.08234405517578,21.465877532958984,378.3498229980469,175.21243286132812,110.05768585205078,35.91905975341797,92.28706359863281,48.90153503417969,22.610000610351562
2023-03-24,2308.0,69.26000213623047,34.05160140991211,103.12000274658203,1982.0999755859375,4.101500034332275,108.6951904296875,36.12727737426758,21.485626220703125,380.83258056640625,175.8338165283203,111.04088592529297,36.21135330200195,92.66956329345703,49.27399826049805,21.739999771118164
2023-03-27,2341.75,72.80999755859375,34.28483200073242,102.86000061035156,1952.4000244140625,4.104499816894531,109.71121215820312,36.387908935546875,21.55474281311035,381.5447082519531,177.230712890625,112.12236785888672,36.480064392089844,93.44410705566406,49.969932556152344,20.600000381469727
2023-03-28,2370.25,73.19999694824219,34.891231536865234,102.43000030517578,1972.4000244140625,4.111999988555908,110.24853515625,36.93609619140625,21.328630447387695,380.68829345703125,178.19406127929688,112.68280029296875,36.654502868652344,93.92224884033203,50.52863693237305,19.969999313354492
2023-03-29,2360.0,72.97000122070312,35.47896957397461,102.63999938964844,1966.0999755859375,4.114999771118164,111.4404067993164,37.49329376220703,21.801591873168945,386.2215576171875,180.544677734375,114.10841369628906,37.16365432739258,95.2896728515625,51.018733978271484,19.1200008392334
2023-03-30,2363.5,74.37000274658203,36.20664978027344,102.13999938964844,1980.300048828125,4.0904998779296875,111.7432632446289,38.185279846191406,22.166927337646484,388.4828796386719,181.05523681640625,114.27556610107422,37.41823959350586,95.49047088623047,51.38140106201172,19.020000457763672
2023-03-31,2383.75,75.66999816894531,36.11335754394531,102.51000213623047,1969.0,4.104499816894531,112.42713928222656,38.39197540283203,22.611251831054688,393.95843505859375,183.5311279296875,114.94414520263672,38.026397705078125,96.75271606445312,52.106746673583984,18.700000762939453
2023-04-03,2378.75,80.41999816894531,36.682437896728516,102.08999633789062,1983.9000244140625,4.059500217437744,114.18563842773438,38.55374526977539,22.57175636291504,395.45965576171875,184.0417022705078,116.06494903564453,38.2668342590332,96.92484283447266,52.42040252685547,18.549999237060547
2023-04-04,2348.25,80.70999908447266,36.104026794433594,101.58999633789062,2022.199951171875,3.9835000038146973,112.91558837890625,37.74492645263672,22.14223861694336,393.2655334472656,179.4464569091797,114.53117370605469,37.715240478515625,94.7541732788086,51.09714889526367,19.0
2023-04-05,2315.5,80.61000061035156,35.814823150634766,101.8499984741211,2020.9000244140625,3.997999906539917,111.96797180175781,37.322532653808594,21.562641143798828,392.23590087890625,176.9224090576172,113.28254699707031,37.6303825378418,93.5206298828125,50.509037017822266,19.079999923706055
2023-04-06,2325.0,80.69999694824219,36.04805374145508,101.81999969482422,2011.9000244140625,4.026000022888184,111.7823486328125,37.133811950683594,21.623859405517578,393.7659606933594,176.64303588867188,113.11540222167969,37.54080581665039,93.49193572998047,50.3424072265625,18.399999618530273
2023-04-10,2324.75,79.73999786376953,36.02006530761719,102.58000183105469,1989.0999755859375,3.9865000247955322,112.87652587890625,37.394432067871094,21.81739044189453,394.170166015625,178.71429443359375,114.77696228027344,37.71995544433594,94.34298706054688,50.74428176879883,18.969999313354492
2023-04-11,2295.25,81.52999877929688,37.28883743286133,102.19999694824219,2004.800048828125,4.024499893188477,112.9839859008789,38.50880432128906,22.01091766357422,394.2759704589844,179.9666748046875,115.03260803222656,38.012245178222656,94.90718078613281,51.48922348022461,19.100000381469727
2023-04-12,2316.0,83.26000213623047,37.64334487915039,101.5,2010.9000244140625,4.084499835968018,113.64830780029297,38.607662200927734,21.683103561401367,392.6689147949219,180.56393432617188,115.04244232177734,38.04053497314453,95.22273254394531,51.09714889526367,19.09000015258789
2023-04-13,2365.75,82.16000366210938,38.884132385253906,101.01000213623047,2041.300048828125,4.124000072479248,114.19540405273438,39.2726936340332,21.999069213867188,397.8846435546875,181.29611206054688,115.98629760742188,38.43183517456055,95.57653045654297,52.20476150512695,17.799999237060547
2023-04-14,2379.0,82.5199966430664,38.800174713134766,101.55000305175781,2002.199951171875,4.107500076293945,112.29035949707031,38.88625717163086,21.702852249145508,396.91278076171875,181.04562377929688,113.50867462158203,38.1536865234375,95.46179962158203,51.37160110473633,17.06999969482422
2023-04-17,2377.75,80.83000183105469,38.697547912597656,102.0999984741211,1994.199951171875,4.065999984741211,113.45291900634766,39.04801559448242,21.88058090209961,398.3369140625,182.56771850585938,114.48202514648438,38.37526321411133,96.21722412109375,51.67546081542969,16.950000762939453
2023-04-18,2428.75,80.86000061035156,39.499855041503906,101.75,2007.4000244140625,4.0894999504089355,114.70343017578125,39.61419677734375,21.841087341308594,398.59674072265625,183.11688232421875,115.45537567138672,38.535552978515625,96.67622375488281,51.98911666870117,16.829999923706055
2023-04-19,2442.5,79.16000366210938,38.94943618774414,101.97000122070312,1995.199951171875,4.072000026702881,114.2637939453125,39.06599807739258,21.732473373413086,398.5293884277344,183.08795166015625,115.06210327148438,38.427120208740234,96.5997085571289,51.283390045166016,16.459999084472656
2023-04-20,2422.25,77.29000091552734,38.464317321777344,101.83999633789062,2007.5999755859375,4.021999835968018,113.71670532226562,38.5627326965332,21.465877532958984,396.3546447753906,182.88568115234375,114.68849182128906,38.384681701660156,96.4276123046875,50.49923324584961,17.170000076293945
2023-04-21,2386.75,77.87000274658203,37.4847526550293,101.81999969482422,1979.5,3.9800000190734863,112.90583038330078,37.73593521118164,21.683103561401367,396.66253662109375,182.5581512451172,113.9805908203125,38.045249938964844,96.2076644897461,49.19558334350586,16.770000457763672
2023-04-24,2375.25,78.76000213623047,37.34480667114258,101.3499984741211,1989.0999755859375,3.953000068664551,112.95468139648438,37.57417297363281,21.692975997924805,397.0763244628906,182.8182373046875,113.76429748535156,38.304542541503906,96.43716430664062,49.65627670288086,16.889999389648438
2023-04-25,2329.25,77.06999969482422,35.99208068847656,101.86000061035156,1994.0,3.8459999561309814,111.63579559326172,36.21714782714844,21.125228881835938,390.7732238769531,179.64874267578125,112.3681640625,37.47480392456055,94.65853881835938,48.17620086669922,18.760000228881836
2023-04-26,2318.5,74.30000305175781,36.2999382019043,101.47000122070312,1985.699951171875,3.8499999046325684,109.32044219970703,36.39689254760742,21.065982818603516,389.1180725097656,176.2384033203125,110.36248779296875,37.031654357910156,92.87037658691406,47.62729263305664,18.84000015258789
2023-04-27,2311.5,74.76000213623047,36.85036087036133,101.5,1989.9000244140625,3.864500045776367,110.93240356445312,36.9720458984375,21.485626220703125,396.8645935058594,179.9473876953125,111.81761169433594,37.53609848022461,94.70635223388672,48.509456634521484,17.030000686645508
2023-04-28,2359.75,76.77999877929688,36.84103775024414,101.66999816894531,1990.0999755859375,3.869999885559082,111.33296966552734,37.07090377807617,21.776905059814453,400.251953125,181.64292907714844,112.59430694580078,37.97453689575195,95.62434387207031,48.421234130859375,15.779999732971191
2023-05-01,2390.75,75.66000366210938,36.85036087036133,102.1500015258789,1983.4000244140625,3.9170000553131104,111.61626434326172,36.846229553222656,21.8953914642334,399.8477478027344,182.75079345703125,112.88926696777344,37.95567321777344,96.1407241821289,47.84292984008789,16.079999923706055
2023-05-02,2382.75,71.66000366210938,36.355918884277344,101.95999908447266,2014.300048828125,3.8480000495910645,111.05941009521484,36.30702209472656,21.431318283081055,395.35382080078125,181.3057403564453,113.06623840332031,37.58795928955078,95.13668823242188,47.735111236572266,17.780000686645508
2023-05-03,2330.75,68.5999984741211,36.318599700927734,101.33999633789062,2028.5999755859375,3.8315000534057617,109.75028991699219,36.262088775634766,21.53499412536621,392.6400146484375,180.97817993164062,111.74876403808594,37.1730842590332,94.77330017089844,47.245018005371094,18.34000015258789
2023-05-04,2300.5,68.55999755859375,36.15999984741211,101.4000015258789,2048.0,3.8499999046325684,108.16765594482422,35.91159439086914,20.863567352294922,389.8590087890625,178.52159118652344,109.88072967529297,36.93265151977539,93.74056243896484,46.304039001464844,20.09000015258789
2023-05-05,2329.5,71.33999633789062,37.40078353881836,101.20999908447266,2017.4000244140625,3.871500015258789,109.18367004394531,36.98103713989258,21.238779067993164,397.0763244628906,181.75852966308594,111.18833923339844,37.55495071411133,95.1557846069336,47.509666442871094,17.190000534057617
2023-05-08,2314.25,73.16000366210938,37.764625549316406,101.37000274658203,2026.300048828125,3.9179999828338623,108.57796478271484,37.205711364746094,21.179534912109375,397.18212890625,181.27685546875,111.16869354248047,37.4323844909668,94.81153869628906,47.80372619628906,16.979999542236328
2023-05-09,2333.75,73.70999908447266,37.55937957763672,101.63999938964844,2036.199951171875,3.8889999389648438,109.83821868896484,37.08887481689453,21.031423568725586,395.4403991699219,181.4309844970703,112.23052978515625,37.09294509887695,95.02191925048828,47.91154479980469,17.709999084472656
2023-05-10,2284.75,72.55999755859375,36.54249572753906,101.4800033569336,2030.5,3.828000068664551,108.92967224121094,36.657508850097656,21.505374908447266,397.2879943847656,181.17086791992188,111.79793548583984,37.116519927978516,94.67768096923828,47.754722595214844,16.940000534057617
2023-05-11,2216.5,70.87000274658203,34.536720275878906,102.05999755859375,2014.699951171875,3.697499990463257,108.56817626953125,35.570091247558594,21.125228881835938,396.5951232910156,180.12081909179688,111.0802230834961,36.753501892089844,94.10391998291016,46.41184997558594,16.93000030517578
2023-05-12,2238.25,70.04000091552734,34.63001251220703,102.68000030517578,2014.5,3.7165000438690186,108.3337173461914,35.758819580078125,20.932687759399414,396.07550048828125,180.1593017578125,110.75575256347656,36.81949996948242,94.17088317871094,46.28443145751953,17.030000686645508
2023-05-15,2250.25,71.11000061035156,35.69353485107422,102.43000030517578,2018.0,3.737499952316284,109.63307189941406,36.46878433227539,21.204219818115234,397.4420166015625,181.17086791992188,112.30919647216797,37.13066101074219,94.62986755371094,46.89214324951172,17.1200008392334
2023-05-16,2260.0,70.86000061035156,34.9378776550293,102.55999755859375,1988.4000244140625,3.6545000076293945,108.56817626953125,35.677940368652344,20.893192291259766,394.7860412597656,178.66612243652344,111.60131072998047,36.51777648925781,93.34849548339844,45.578704833984375,17.989999771118164
2023-05-17,2295.75,72.83000183105469,35.12446212768555,102.87999725341797,1980.699951171875,3.743000030517578,110.43415832519531,36.18120193481445,21.219030380249023,399.5783386230469,181.62364196777344,114.14775085449219,36.75822067260742,94.95498657226562,46.40205383300781,16.8700008392334
2023-05-18,2286.75,71.86000061035156,34.52739334106445,103.58000183105469,1956.5,3.68149995803833,110.71748352050781,35.95652770996094,21.478713989257812,403.4275207519531,183.2324676513672,114.69833374023438,36.97508239746094,95.64346313476562,46.32364273071289,16.049999237060547
2023-05-19,2300.0,71.55000305175781,34.536720275878906,103.19999694824219,1978.699951171875,3.7225000858306885,109.9749984741211,35.893619537353516,21.396760940551758,402.84051513671875,182.3846893310547,113.89210510253906,37.06937026977539,95.41397857666016,46.0491828918457,16.809999465942383
2023-05-22,2290.5,71.98999786376953,34.46208572387695,103.19999694824219,1974.800048828125,3.6740000247955322,110.45369720458984,35.80375289916992,21.821340560913086,403.0041198730469,182.68336486816406,115.45537567138672,36.8760871887207,95.39485168457031,46.431453704833984,17.209999084472656
2023-05-23,2255.0,72.91000366210938,33.55715560913086,103.48999786376953,1972.4000244140625,3.6414999961853027,108.36304473876953,35.201629638671875,21.60411262512207,398.48126220703125,180.40980529785156,113.27272033691406,36.305633544921875,94.24736022949219,46.13740539550781,18.530000686645508
2023-05-24,2230.0,74.33999633789062,32.745513916015625,103.88999938964844,1962.800048828125,3.553499937057495,107.26884460449219,34.37483596801758,21.2486515045166,395.59429931640625,178.06881713867188,111.7291030883789,35.89076614379883,93.0329360961914,45.000389099121094,20.030000686645508
2023-05-25,2233.25,71.83000183105469,32.558929443359375,104.20999908447266,1943.0999755859375,3.5804998874664307,106.48729705810547,34.123207092285156,21.189407348632812,399.0201721191406,178.8780517578125,109.9692153930664,35.763484954833984,93.33893585205078,44.637718200683594,19.139999389648438
2023-05-26,2245.0,72.66999816894531,33.230628967285156,104.20999908447266,1944.0999755859375,3.6735000610351562,107.14183807373047,34.84215545654297,21.683103561401367,404.18780517578125,180.34237670898438,109.81189727783203,35.942630767822266,94.03699493408203,44.716129302978516,17.950000762939453
2023-05-30,2227.75,69.45999908447266,32.680206298828125,104.16999816894531,1958.0,3.6579999923706055,106.93669128417969,34.25801086425781,21.683103561401367,404.3416748046875,180.0726318359375,109.72341918945312,35.74934005737305,93.8935546875,43.912376403808594,17.459999084472656
2023-05-31,2255.5,68.08999633789062,32.279048919677734,104.31999969482422,1963.9000244140625,3.63100004196167,106.1551284790039,33.88056182861328,21.564617156982422,402.09954833984375,177.36558532714844,108.91718292236328,35.36747360229492,92.6121826171875,43.63792419433594,17.940000534057617
2023-06-01,2299.25,70.0999984741211,33.39855194091797,103.55999755859375,1978.0,3.7065000534057617,107.62055969238281,34.73431396484375,21.762096405029297,405.9199523925781,179.6873016357422,110.90322875976562,35.838905334472656,93.79791259765625,44.67692947387695,15.649999618530273
2023-06-02,2269.5,71.73999786376953,34.825927734375,104.0199966430664,1952.4000244140625,3.7225000858306885,110.08246612548828,36.100318908691406,22.413774490356445,411.7900085449219,185.4963836669922,113.3612060546875,37.04108810424805,96.52323150634766,46.57848358154297,14.600000381469727
2023-06-05,2240.5,72.1500015258789,34.34081268310547,104.0,1958.0,3.762500047683716,109.24227142333984,35.94754409790039,22.334781646728516,411.00091552734375,184.0609893798828,112.59430694580078,37.012794494628906,95.85385131835938,46.18640899658203,14.729999542236328
2023-06-06,2204.75,71.73999786376953,34.881900787353516,104.12999725341797,1965.5,3.7669999599456787,110.22901153564453,36.60358810424805,22.660621643066406,411.89581298828125,185.81430053710938,114.20674896240234,37.24851608276367,96.4562759399414,47.28422164916992,13.960000038146973
2023-06-07,2207.25,72.52999877929688,34.62068176269531,104.0999984741211,1942.699951171875,3.754499912261963,112.11553192138672,36.50736999511719,22.548059463500977,410.4715881347656,188.77183532714844,116.33039855957031,37.69166946411133,98.00538635253906,47.89194107055664,13.9399995803833
2023-06-08,2240.75,71.29000091552734,35.15245056152344,103.33999633789062,1963.5999755859375,3.7964999675750732,113.02601623535156,36.96554183959961,22.640872955322266,412.95440673828125,189.06085205078125,117.14644622802734,37.55495071411133,98.17752075195312,47.81351852416992,13.649999618530273
2023-06-09,2254.25,70.16999816894531,35.07781219482422,103.55999755859375,1962.199951171875,3.7890000343322754,112.67357635498047,36.86474609375,22.492765426635742,413.6953125,188.44430541992188,116.62537384033203,37.243812561035156,97.9193344116211,47.37244415283203,13.829999923706055
2023-06-12,2211.25,67.12000274658203,34.86324691772461,103.62999725341797,1955.300048828125,3.750499963760376,113.41761016845703,36.754783630371094,22.986459732055664,417.44830322265625,190.09165954589844,117.64787292480469,37.41352844238281,98.61738586425781,47.40184783935547,15.010000228881836
2023-06-13,2220.75,69.41999816894531,35.75885009765625,103.33999633789062,1944.5999755859375,3.8285000324249268,113.32950592041016,37.71695327758789,23.076313018798828,420.2005615234375,192.13400268554688,118.13947296142578,38.280967712402344,99.76488494873047,48.70549392700195,14.609999656677246
2023-06-14,2243.75,68.2699966430664,36.63579559326172,103.01000213623047,1955.300048828125,3.865999937057495,112.0959701538086,38.312583923339844,22.883771896362305,420.700927734375,191.30552673339844,117.43158721923828,38.12067413330078,99.49713897705078,48.2349967956543,13.880000114440918
2023-06-15,2227.75,70.62000274658203,37.04627990722656,102.12000274658203,1957.800048828125,3.8965001106262207,113.3099365234375,38.743263244628906,23.027931213378906,425.9166259765625,194.234130859375,117.88384246826172,38.44596862792969,100.9984359741211,49.00935363769531,14.5
2023-06-16,2252.5,71.77999877929688,36.906341552734375,102.30000305175781,1958.4000244140625,3.884500026702881,113.44699096679688,38.47752380371094,22.9627628326416,424.46588134765625,193.81024169921875,118.40491485595703,38.540260314941406,100.83587646484375,48.725101470947266,13.539999961853027
2023-06-20,2217.5,70.5,35.880126953125,102.54000091552734,1935.5,3.878499984741211,112.8204345703125,37.552005767822266,22.854148864746094,422.263671875,192.67349243164062,119.72691345214844,38.01866149902344,100.08702850341797,48.47236633300781,13.880000114440918
2023-06-21,2223.0,72.52999877929688,36.04805374145508,102.06999969482422,1933.300048828125,3.9110000133514404,113.85818481445312,37.552005767822266,22.700115203857422,420.1000671386719,193.79100036621094,120.72111511230469,38.1418342590332,100.64385986328125,48.885398864746094,13.199999809265137
2023-06-22,2203.0,69.51000213623047,35.87080001831055,102.38999938964844,1912.699951171875,3.8884999752044678,112.10575103759766,37.19463348388672,22.43351936340332,421.6164855957031,192.4904327392578,118.417724609375,38.051822662353516,99.91421508789062,48.58053207397461,12.90999984741211
2023-06-23,2168.25,69.16000366210938,34.881900787353516,102.9000015258789,1919.0999755859375,3.805999994277954,111.26380920410156,36.42490005493164,22.038562774658203,418.4290466308594,190.85272216796875,115.98637390136719,37.7438850402832,99.15576171875,47.88230895996094,13.4399995803833
2023-06-26,2149.5,69.37000274658203,35.44165802001953,102.69000244140625,1923.699951171875,3.7864999771118164,111.08758544921875,36.68147659301758,22.038562774658203,416.719482421875,192.41336059570312,115.7009048461914,38.13710021972656,99.98140716552734,48.22651290893555,14.25
2023-06-27,2170.0,67.69999694824219,35.534942626953125,102.48999786376953,1914.0,3.7815001010894775,112.46798706054688,37.157981872558594,22.43351936340332,421.2881164550781,195.18785095214844,117.50228118896484,38.677181243896484,101.18150329589844,48.865726470947266,13.739999771118164
2023-06-28,2148.25,69.55999755859375,34.97519302368164,102.91000366210938,1912.300048828125,3.7204999923706055,112.34071350097656,36.66314697265625,22.76923370361328,421.50067138671875,195.2938232421875,118.37834930419922,38.41188049316406,101.18150329589844,48.708377838134766,13.430000305175781
2023-06-29,2126.0,69.86000061035156,34.99883270263672,103.33999633789062,1909.199951171875,3.677500009536743,113.91692352294922,36.83725357055664,22.946962356567383,423.16192626953125,197.08224487304688,119.52021026611328,38.89510726928711,102.16077423095703,49.77046585083008,13.539999961853027
2023-06-30,2114.75,70.63999938964844,35.60405349731445,102.91000366210938,1921.0999755859375,3.740999937057495,114.22039031982422,37.075504302978516,23.164188385009766,428.15557861328125,198.6869659423828,119.62848663330078,39.2598991394043,103.03443145751953,49.97698211669922,13.59000015258789
2023-07-03,2112.75,69.79000091552734,36.13362503051758,102.98999786376953,1921.699951171875,3.7790000438690186,114.46515655517578,37.643646240234375,23.015092849731445,428.64813232421875,198.74497985839844,119.64817810058594,39.40676498413086,103.05363464355469,50.48834991455078,13.569999694824219
2023-07-05,2119.25,71.79000091552734,35.641883850097656,103.37000274658203,1919.5999755859375,3.753499984741211,114.27914428710938,37.020530700683594,22.680368423461914,428.0106506347656,197.459228515625,119.56942749023438,38.43556594848633,102.49679565429688,49.59345245361328,14.180000305175781
2023-07-06,2103.0,71.80000305175781,34.48817825317383,103.16999816894531,1908.699951171875,3.7200000286102295,113.65258026123047,36.1683235168457,22.3841495513916,424.6590270996094,195.4195098876953,118.09288787841797,38.15605163574219,101.72875213623047,48.72805404663086,15.4399995803833
2023-07-07,2111.25,73.86000061035156,35.273075103759766,102.2699966430664,1926.199951171875,3.7669999599456787,113.60362243652344,36.754783630371094,22.67641830444336,423.5869140625,196.337890625,118.27008056640625,38.4876708984375,101.95915985107422,49.69179153442383,14.829999923706055
2023-07-10,2115.5,72.98999786376953,35.67970657348633,101.97000122070312,1925.0,3.7715001106262207,114.29871368408203,36.754783630371094,23.10494613647461,424.6590270996094,199.0059814453125,119.73675537109375,38.47820281982422,103.40886688232422,50.27200698852539,15.069999694824219
2023-07-11,2127.5,74.83000183105469,36.04851531982422,101.7300033569336,1931.300048828125,3.753499984741211,115.68891906738281,37.31375503540039,23.529523849487305,427.3634948730469,201.3743896484375,120.89830017089844,38.85719680786133,104.6281509399414,50.60636520385742,14.84000015258789
2023-07-12,2193.75,75.75,37.362979888916016,100.5199966430664,1956.199951171875,3.8420000076293945,114.95464324951172,38.422542572021484,23.924480438232422,430.8020324707031,201.45175170898438,120.62268829345703,39.36886215209961,104.44571685791016,51.225914001464844,13.539999961853027
2023-07-13,2242.0,76.88999938964844,38.365379333496094,99.7699966430664,1959.199951171875,3.929500102996826,115.09170532226562,39.29307556152344,24.28981590270996,434.2212219238281,202.0511016845703,120.97705078125,39.67679977416992,104.58014678955078,51.707786560058594,13.609999656677246
2023-07-14,2235.0,75.41999816894531,37.69396209716797,99.91000366210938,1960.0999755859375,3.921999931335449,113.76026153564453,38.91737365722656,24.004459381103516,433.9508056640625,201.22940063476562,119.18553161621094,39.44466018676758,104.27291107177734,50.70470428466797,13.34000015258789
2023-07-17,2207.0,74.1500015258789,37.2495002746582,99.83999633789062,1952.4000244140625,3.8320000171661377,114.34767150878906,38.66995620727539,24.210824966430664,435.4576110839844,202.12841796875,120.33721160888672,39.48255920410156,104.6665267944336,50.90138626098633,13.479999542236328
2023-07-18,2164.25,75.75,37.476463317871094,99.94000244140625,1977.199951171875,3.815999984741211,113.83858489990234,38.80740737915039,24.487293243408203,438.69329833984375,203.67518615722656,120.6423568725586,39.790496826171875,105.2521743774414,51.707786560058594,13.300000190734863
2023-07-19,2137.25,75.3499984741211,37.315696716308594,100.27999877929688,1977.5,3.799499988555908,113.18264770507812,38.495845794677734,24.58603286743164,439.6688232421875,203.70416259765625,120.05175018310547,39.57730484008789,105.20417785644531,51.550437927246094,13.760000228881836
2023-07-20,2143.25,75.62999725341797,37.2495002746582,100.87999725341797,1968.300048828125,3.817500114440918,114.55326843261719,38.68827819824219,23.894859313964844,436.7518310546875,204.0618438720703,121.19361114501953,39.672061920166016,105.67461395263672,51.17674255371094,13.989999771118164
2023-07-21,2148.0,77.06999969482422,36.861778259277344,101.06999969482422,1964.300048828125,3.802999973297119,113.93648529052734,38.367557525634766,23.70231819152832,436.7518310546875,203.1241455078125,120.44551086425781,39.67679977416992,105.1753921508789,50.78337860107422,13.600000381469727
2023-07-24,2153.75,78.73999786376953,37.173851013183594,101.3499984741211,1960.300048828125,3.8405001163482666,114.51410675048828,38.908206939697266,23.944229125976562,438.7029724121094,203.51083374023438,120.38643646240234,39.79997634887695,105.4154052734375,51.383262634277344,13.90999984741211
2023-07-25,2184.0,79.62999725341797,38.876033782958984,101.3499984741211,1962.0999755859375,3.9019999504089355,112.16448974609375,40.3835334777832,24.26019287109375,439.900634765625,203.2884979248047,120.16987609863281,40.51533508300781,105.2809829711914,52.39616775512695,13.859999656677246
2023-07-26,2155.5,78.77999877929688,38.478858947753906,100.88999938964844,1968.9000244140625,3.890500068664551,113.84837341308594,40.016990661621094,24.039018630981445,439.9682312011719,204.63218688964844,121.04595184326172,40.377952575683594,106.0202407836914,52.327335357666016,13.1899995803833
2023-07-27,2151.75,80.08999633789062,38.16679382324219,101.7699966430664,1945.4000244140625,3.8635001182556152,113.40782165527344,39.28390884399414,23.73687744140625,437.05126953125,202.64080810546875,120.01239013671875,40.11738967895508,105.1081771850586,51.353763580322266,14.40999984741211
2023-07-28,2178.5,80.58000183105469,38.76255798339844,101.62000274658203,1960.4000244140625,3.9170000553131104,114.47494506835938,39.3205680847168,24.057777404785156,441.3301086425781,203.96519470214844,120.98689270019531,40.39690017700195,105.76102447509766,51.796287536621094,13.329999923706055
2023-07-31,2230.5,81.80000305175781,39.481258392333984,101.86000061035156,1970.5,3.994499921798706,115.24835968017578,39.88869857788086,24.055805206298828,442.17047119140625,204.93191528320312,123.13277435302734,40.6100959777832,106.01063537597656,52.99605178833008,13.630000114440918
2023-08-01,2198.5,81.37000274658203,38.62070846557617,102.30000305175781,1940.699951171875,3.8935000896453857,115.24835968017578,39.137290954589844,23.90473175048828,440.90509033203125,205.52159118652344,123.09339141845703,40.430057525634766,106.32746124267578,52.406009674072266,13.930000305175781
2023-08-02,2150.5,79.48999786376953,37.50482940673828,102.58999633789062,1937.4000244140625,3.827500104904175,112.87916564941406,38.06516647338867,23.322174072265625,434.7718200683594,203.4141845703125,119.7564468383789,39.927886962890625,105.21378326416016,50.89155578613281,16.09000015258789
2023-08-03,2168.25,81.55000305175781,37.902015686035156,102.54000091552734,1932.0,3.875999927520752,112.63442993164062,38.193458557128906,23.11482048034668,433.52581787109375,201.8287353515625,119.21505737304688,39.6815299987793,104.55133056640625,50.77354431152344,15.920000076293945
2023-08-04,2172.0,82.81999969482422,37.86418151855469,102.0199966430664,1939.5999755859375,3.8450000286102295,113.22180938720703,38.14763641357422,22.907468795776367,431.5650634765625,200.83306884765625,120.24861907958984,39.59152603149414,103.9177017211914,50.81288146972656,17.100000381469727
2023-08-07,2166.75,81.94000244140625,37.80744171142578,102.05000305175781,1933.5,3.812999963760376,114.86654663085938,38.156803131103516,22.631000518798828,435.33197021484375,203.1241455078125,121.49874114990234,39.85209274291992,105.19458770751953,50.89155578613281,15.770000457763672
2023-08-08,2133.0,82.91999816894531,37.25896072387695,102.52999877929688,1924.0999755859375,3.747999906539917,114.36724853515625,37.69862365722656,22.527324676513672,433.4389343261719,202.06077575683594,120.36675262451172,39.430450439453125,104.71455383300781,50.87187957763672,15.989999771118164
2023-08-09,2122.75,84.4000015258789,37.05091857910156,102.48999786376953,1915.4000244140625,3.7674999237060547,115.02318572998047,37.67113494873047,22.097806930541992,430.5412902832031,201.6450958251953,120.65220642089844,39.269371032714844,104.65695190429688,50.85221862792969,15.960000038146973
2023-08-10,2154.75,82.81999969482422,36.75776290893555,102.5199966430664,1914.4000244140625,3.750999927520752,114.45537567138672,37.38706588745117,22.073122024536133,430.69580078125,201.15208435058594,119.83519744873047,39.29779052734375,104.36892700195312,49.94748306274414,15.850000381469727
2023-08-11,2115.25,83.19000244140625,36.36058044433594,102.83999633789062,1912.9000244140625,3.7144999504089355,114.7686538696289,37.04801940917969,21.63373374938965,430.44464111328125,201.33572387695312,120.33721160888672,39.18882751464844,104.54175567626953,50.09498977661133,14.84000015258789
2023-08-14,2081.0,82.51000213623047,35.812103271484375,103.19000244140625,1910.5999755859375,3.7244999408721924,114.43579864501953,36.66314697265625,21.771968841552734,432.8206787109375,201.8287353515625,120.06159210205078,39.274105072021484,104.58014678955078,51.19641876220703,14.819999694824219
2023-08-15,2075.5,80.98999786376953,34.554378509521484,103.20999908447266,1902.5,3.6614999771118164,112.83021545410156,35.865928649902344,21.530057907104492,427.77886962890625,199.11233520507812,117.89600372314453,38.6345329284668,103.24564361572266,49.986812591552734,16.459999084472656
2023-08-16,2073.25,79.37999725341797,34.176109313964844,103.41999816894531,1896.0999755859375,3.6514999866485596,112.38965606689453,35.41691207885742,21.18842124938965,424.63970947265625,197.78793334960938,117.52197265625,38.37397384643555,102.66960144042969,50.13432693481445,16.780000686645508
2023-08-17,2090.5,80.38999938964844,34.2612190246582,103.44000244140625,1884.0999755859375,3.685499906539917,111.40087127685547,35.51771545410156,20.96033477783203,421.4040222167969,195.82554626464844,116.36042022705078,38.29817199707031,101.8055419921875,50.25233459472656,17.889999389648438
2023-08-18,2081.0,81.25,34.015350341796875,103.37999725341797,1886.0999755859375,3.6989998817443848,112.2330322265625,35.40774917602539,20.903064727783203,421.60687255859375,196.30886840820312,117.48258209228516,38.29344177246094,101.99755859375,50.340843200683594,17.299999237060547
2023-08-21,2082.75,80.72000122070312,34.48817825317383,103.33000183105469,1893.300048828125,3.7119998931884766,112.29176330566406,35.682655334472656,20.922813415527344,424.34991455078125,196.07687377929688,117.8763198852539,38.29817199707031,101.87274169921875,50.04581832885742,17.1299991607666
2023-08-22,2114.25,80.3499984741211,34.76241683959961,103.55999755859375,1896.4000244140625,3.750499963760376,112.74210357666016,35.865928649902344,20.97218132019043,423.2005920410156,195.66119384765625,118.66381072998047,38.265018463134766,101.63272857666016,50.28184127807617,16.969999313354492
2023-08-23,2131.0,78.88999938964844,35.282527923583984,103.36000061035156,1918.5,3.803499937057495,113.11412048339844,36.29661178588867,21.179534912109375,427.9140319824219,197.7396240234375,119.39222717285156,38.326602935791016,102.67920684814453,50.33100891113281,15.979999542236328
2023-08-24,2111.25,79.05000305175781,34.43143844604492,103.9800033569336,1918.199951171875,3.7674999237060547,111.05821228027344,35.66432571411133,20.873443603515625,421.98358154296875,195.40982055664062,116.70494842529297,38.165523529052734,101.43112182617188,49.55410385131836,17.200000762939453
2023-08-25,2108.75,79.83000183105469,34.450355529785156,104.08000183105469,1911.0999755859375,3.759999990463257,111.66519927978516,35.71930694580078,21.051172256469727,424.9584655761719,196.7245635986328,117.0888442993164,38.279232025146484,102.28559112548828,49.54428482055664,15.680000305175781
2023-08-28,2139.25,80.0999984741211,34.923179626464844,104.05999755859375,1917.9000244140625,3.753999948501587,113.00643920898438,36.122501373291016,21.377012252807617,427.6533203125,198.32928466796875,118.909912109375,38.55874252319336,103.12083435058594,50.08516311645508,15.079999923706055
2023-08-29,2125.25,81.16000366210938,35.868839263916016,103.55000305175781,1936.5,3.7929999828338623,113.28055572509766,36.89223861694336,21.495498657226562,433.83489990234375,200.35935974121094,119.5595703125,39.198307037353516,103.9081039428711,51.2652473449707,14.449999809265137
2023-08-30,2165.25,81.62999725341797,35.859378814697266,103.16000366210938,1944.300048828125,3.7850000858306885,114.26936340332031,36.8739128112793,21.762096405029297,435.62176513671875,201.39376831054688,120.40611267089844,39.2883186340332,104.37852478027344,51.11773681640625,13.880000114440918
2023-08-31,2175.5,83.62999725341797,35.80264663696289,103.62000274658203,1938.199951171875,3.7725000381469727,113.73088836669922,36.78227996826172,21.801591873168945,434.98431396484375,200.72671508789062,120.1797103881836,39.269371032714844,103.9081039428711,51.19641876220703,13.569999694824219
2023-09-01,2216.25,85.55000305175781,36.21873474121094,104.23999786376953,1939.800048828125,3.8125,113.99523162841797,37.44205093383789,21.794677734375,435.7956848144531,201.9447479248047,120.5045394897461,39.709957122802734,104.45533752441406,52.28799057006836,13.09000015258789
2023-09-05,2180.0,86.69000244140625,35.84992599487305,104.80999755859375,1926.199951171875,3.811000108718872,112.41903686523438,37.2587776184082,21.28814697265625,433.9121398925781,198.0779266357422,118.3094482421875,38.975643157958984,102.69840240478516,51.599609375,14.010000228881836
2023-09-06,2175.5,87.54000091552734,35.74590301513672,104.86000061035156,1918.0999755859375,3.748500108718872,110.98968505859375,36.928890228271484,21.149911880493164,430.9952087402344,197.4109344482422,117.80742645263672,38.89036560058594,102.25679016113281,51.225914001464844,14.449999809265137
2023-09-07,2171.25,86.87000274658203,34.97992706298828,105.05999755859375,1917.5,3.7260000705718994,110.94074249267578,36.25079345703125,20.903064727783203,429.67193603515625,196.4248809814453,117.28572082519531,38.7150764465332,101.92076110839844,50.83253860473633,14.399999618530273
2023-09-08,2154.75,87.51000213623047,34.67730712890625,105.08999633789062,1918.4000244140625,3.680500030517578,109.77572631835938,36.0400390625,20.71052360534668,430.3190612792969,195.67086791992188,116.08480834960938,38.75297546386719,101.41191101074219,50.5670280456543,13.84000015258789
2023-09-11,2179.25,87.29000091552734,35.660797119140625,104.56999969482422,1923.300048828125,3.7699999809265137,108.18973541259766,36.7364616394043,20.883316040039062,433.1491394042969,195.94151306152344,115.54340362548828,38.91878890991211,101.44071197509766,50.68503952026367,13.800000190734863
2023-09-12,2192.25,88.83999633789062,35.17851257324219,104.70999908447266,1911.300048828125,3.752000093460083,107.62191772460938,36.5806770324707,20.49823570251465,430.7730712890625,195.18748474121094,114.88389587402344,38.82878112792969,101.07588958740234,50.87187957763672,14.229999542236328
2023-09-13,2201.25,88.5199966430664,34.94209289550781,104.7699966430664,1909.0999755859375,3.75600004196167,107.19115447998047,36.40657043457031,20.37974739074707,431.275390625,193.8341064453125,114.18500518798828,38.601375579833984,100.40383911132812,51.25542068481445,13.479999542236328
2023-09-14,2202.25,90.16000366210938,36.06742858886719,105.41000366210938,1910.0,3.7825000286102295,107.79813385009766,37.63447952270508,20.72039794921875,434.99395751953125,196.0575408935547,115.0709228515625,39.14619064331055,101.3927230834961,53.005897521972656,12.819999694824219
2023-09-15,2167.25,90.7699966430664,36.21873474121094,105.31999969482422,1923.699951171875,3.7634999752044678,107.51420593261719,37.51535415649414,20.478487014770508,429.7530517578125,194.73313903808594,114.73624420166016,38.71034622192383,100.80708312988281,52.445343017578125,13.789999961853027
2023-09-18,2202.0,91.4800033569336,35.859378814697266,105.19999694824219,1931.5,3.741499900817871,107.72960662841797,37.3962287902832,20.394559860229492,430.0050048828125,194.7524871826172,114.78059387207031,38.54944610595703,100.91889953613281,52.038902282714844,14.0
2023-09-19,2188.75,91.19999694824219,35.48112106323242,105.19999694824219,1932.0,3.7139999866485596,107.11283874511719,37.31375503540039,20.30668067932129,429.1132507324219,194.02743530273438,113.79517364501953,38.516117095947266,100.49475860595703,51.68376159667969,14.109999656677246
2023-09-20,2236.0,90.27999877929688,35.36764144897461,105.16000366210938,1945.5999755859375,3.746500015258789,106.70165252685547,37.1396484375,20.177331924438477,425.16827392578125,193.1477508544922,112.77035522460938,38.11148452758789,100.09951782226562,51.417396545410156,15.140000343322754
2023-09-21,2188.75,89.62999725341797,34.51654815673828,105.36000061035156,1919.199951171875,3.6665000915527344,104.87091064453125,36.1683235168457,19.920610427856445,418.14093017578125,189.74493408203125,110.70098876953125,37.34506607055664,98.46075439453125,50.37168502807617,17.540000915527344
2023-09-22,2215.5,90.02999877929688,34.469268798828125,105.58000183105469,1925.4000244140625,3.6654999256134033,103.90169525146484,36.434059143066406,19.747817993164062,417.20074462890625,189.1359100341797,109.72541809082031,37.30699157714844,98.12336730957031,50.85507583618164,17.200000762939453
2023-09-25,2209.0,89.68000030517578,34.34632873535156,106.0,1916.5999755859375,3.6494998931884766,104.33246612548828,36.21413803100586,19.668827056884766,418.95513916015625,190.11231994628906,109.8633804321289,37.60211944580078,98.614990234375,51.3286018371582,16.899999618530273
2023-09-26,2228.25,90.38999938964844,33.66545486450195,106.2300033569336,1900.4000244140625,3.625,103.40535736083984,35.55437088012695,19.372610092163086,412.80010986328125,187.36685180664062,108.47396850585938,37.059444427490234,97.1111831665039,50.351951599121094,18.940000534057617
2023-09-27,2232.75,93.68000030517578,33.47632598876953,106.66999816894531,1871.5999755859375,3.627000093460083,104.3766098022461,35.6368408203125,19.421979904174805,412.9649353027344,189.28094482421875,109.95207977294922,37.0546875,97.83418273925781,50.93399429321289,18.219999313354492
2023-09-28,2271.75,91.70999908447266,34.185569763183594,106.22000122070312,1860.4000244140625,3.694499969482422,103.85664367675781,36.56235122680664,19.7576904296875,415.3591003417969,190.23928833007812,110.21813201904297,37.45455551147461,98.24868774414062,51.851463317871094,17.34000015258789
2023-09-29,2329.5,90.79000091552734,34.43143844604492,106.16999816894531,1848.0999755859375,3.7260000705718994,103.96455383300781,36.434059143066406,20.05390739440918,414.35101318359375,189.13351440429688,110.46448516845703,37.39268112182617,97.72813415527344,51.79227066040039,17.520000457763672
2023-10-02,2310.25,88.81999969482422,33.22099685668945,106.9000015258789,1830.0,3.631999969482422,102.79708099365234,35.69181823730469,19.730045318603516,414.186279296875,187.29042053222656,109.30169677734375,36.8975944519043,96.77378845214844,50.39141845703125,17.610000610351562
2023-10-03,2287.0,89.2300033569336,32.49283218383789,107.0,1824.5999755859375,3.615499973297119,102.04165649414062,35.07786560058594,19.323240280151367,408.6419677734375,185.5541229248047,108.1684799194336,36.797630310058594,96.09900665283203,49.7205810546875,19.780000686645508
2023-10-04,2242.25,84.22000122070312,32.15240478515625,106.80000305175781,1818.5,3.5840001106262207,101.60015869140625,34.830448150634766,19.431852340698242,411.61767578125,186.30104064941406,108.0009536743164,37.2308235168457,96.40747833251953,49.2865104675293,18.579999923706055
2023-10-05,2224.5,82.30999755859375,32.199684143066406,106.33000183105469,1816.5999755859375,3.546999931335449,101.20773315429688,34.80295944213867,19.28374481201172,411.4626159667969,185.4086456298828,108.0009536743164,36.77857971191406,95.83872985839844,49.21745300292969,18.489999771118164
2023-10-06,2227.25,82.79000091552734,33.23044967651367,106.04000091552734,1830.199951171875,3.624500036239624,102.1201400756836,35.563533782958984,19.609582901000977,416.3477783203125,187.99859619140625,109.20316314697266,37.126094818115234,97.14974212646484,50.125057220458984,17.450000762939453
2023-10-09,2224.75,86.37999725341797,33.353389739990234,106.08000183105469,1849.5,3.6424999237060547,106.66250610351562,35.462730407714844,19.5009708404541,419.0133361816406,190.4915313720703,113.79517364501953,37.1736946105957,98.6728286743164,50.6775016784668,17.700000762939453
2023-10-10,2198.0,85.97000122070312,33.97751998901367,105.83000183105469,1861.0,3.631999969482422,107.4277572631836,36.02170944213867,19.747817993164062,421.1942138671875,191.96591186523438,115.08606719970703,37.568809509277344,99.27049255371094,51.3286018371582,17.030000686645508
2023-10-11,2196.25,83.48999786376953,33.78839111328125,105.81999969482422,1872.800048828125,3.614000082015991,108.07527923583984,36.0308723449707,19.767566680908203,422.9195556640625,193.13966369628906,115.6280288696289,37.65925598144531,99.86814880371094,51.40753173828125,16.09000015258789
2023-10-12,2185.5,82.91000366210938,32.965667724609375,106.56999969482422,1869.300048828125,3.5940001010894775,106.75081634521484,35.3527717590332,19.520719528198242,420.3412170410156,190.92800903320312,113.33203887939453,37.09752655029297,98.9620361328125,49.76003646850586,16.690000534057617
2023-10-13,2181.5,87.69000244140625,32.87110137939453,106.6500015258789,1927.4000244140625,3.5799999237060547,106.60365295410156,35.21531677246094,19.036897659301758,418.2475891113281,188.7163848876953,113.7262191772461,36.9594841003418,98.08479309082031,49.76003646850586,19.31999969482422
2023-10-16,2169.25,86.66000366210938,33.47632598876953,106.23999786376953,1921.0999755859375,3.5869998931884766,107.26097869873047,35.801780700683594,19.260047912597656,422.6481628417969,190.89891052246094,115.06636047363281,37.32126998901367,99.12589263916016,50.23356628417969,17.209999084472656
2023-10-17,2166.5,86.66000366210938,33.46686553955078,106.25,1922.699951171875,3.575500011444092,107.5847396850586,35.975887298583984,19.374584197998047,422.6287536621094,191.8689422607422,115.7955551147461,37.68781280517578,99.43437957763672,51.28914260864258,17.8799991607666
2023-10-18,2175.75,88.31999969482422,32.61577606201172,106.56999969482422,1955.300048828125,3.5820000171661377,107.24134063720703,34.9495735168457,18.809795379638672,416.9971618652344,186.7860565185547,115.480224609375,36.711944580078125,97.03406524658203,49.957340240478516,19.219999313354492
2023-10-19,2184.0,89.37000274658203,32.341529846191406,106.25,1968.4000244140625,3.5915000438690186,106.20142364501953,34.49140548706055,18.67353630065918,413.3332824707031,184.8169403076172,114.8298568725586,36.28350830078125,96.1375732421875,48.99055480957031,21.399999618530273
2023-10-20,2177.0,88.75,31.594465255737305,106.16000366210938,1982.5,3.5420000553131104,104.85733795166016,33.69417953491211,18.592571258544922,408.25421142578125,183.05149841308594,113.07582092285156,35.84555435180664,95.14466857910156,48.23093795776367,21.709999084472656
2023-10-23,2174.25,85.48999786376953,31.462072372436523,105.54000091552734,1976.300048828125,3.572999954223633,104.78866577148438,33.465087890625,18.31610107421875,407.5466003417969,182.00389099121094,112.37618255615234,35.4456787109375,94.70123291015625,47.905391693115234,20.3700008392334
2023-10-24,2184.0,83.73999786376953,31.811965942382812,106.2699966430664,1975.0,3.609999895095825,105.8874740600586,34.22565841674805,18.345722198486328,410.6192626953125,183.03208923339844,112.51416015625,35.86458969116211,95.41458892822266,48.60580825805664,18.969999313354492
2023-10-25,2213.25,85.38999938964844,31.367502212524414,106.52999877929688,1984.0999755859375,3.572000026702881,105.69126892089844,34.12486267089844,17.921144485473633,404.7260437011719,180.54884338378906,111.81449890136719,35.4456787109375,94.19033813476562,48.2802619934082,20.190000534057617
2023-10-26,2193.5,83.20999908447266,31.528263092041016,106.5999984741211,1987.199951171875,3.56850004196167,106.00520324707031,34.27147674560547,17.417573928833008,399.8796081542969,179.94744873046875,112.37618255615234,35.6932258605957,93.79510498046875,48.329586029052734,20.68000030517578
2023-10-27,2222.75,85.54000091552734,31.887617111206055,106.55999755859375,1988.5999755859375,3.634000062942505,105.2203369140625,34.39976501464844,17.220096588134766,398.0669860839844,178.24990844726562,110.6418685913086,35.678932189941406,92.9660873413086,48.714332580566406,21.270000457763672
2023-10-30,2263.75,82.30999755859375,31.51881217956543,106.12000274658203,1996.199951171875,3.6494998931884766,105.68144226074219,34.57387161254883,17.486692428588867,402.82623291015625,180.4518585205078,111.47945404052734,36.04548645019531,94.12284851074219,49.10893630981445,19.75
2023-10-31,2251.5,81.0199966430664,31.06488800048828,106.66000366210938,1985.199951171875,3.6414999961853027,107.78094482421875,34.36311721801758,17.689109802246094,405.3560791015625,181.72256469726562,113.43057250976562,36.207340240478516,94.81690979003906,48.79324722290039,18.139999389648438
2023-11-01,2235.25,80.44000244140625,30.885217666625977,106.87999725341797,1978.800048828125,3.6449999809265137,108.47750854492188,34.628849029541016,17.4195499420166,409.6790771484375,182.50827026367188,114.44554901123047,36.22638702392578,95.12539672851562,48.99055480957031,16.8700008392334
2023-11-02,2221.25,82.45999908447266,31.764684677124023,106.12000274658203,1985.5999755859375,3.6670000553131104,110.69474792480469,35.57269287109375,18.26673126220703,417.53033447265625,186.4368133544922,118.27879333496094,36.9261589050293,97.08226776123047,49.996795654296875,15.65999984741211
2023-11-03,2246.0,80.51000213623047,32.19022750854492,105.0199966430664,1991.5,3.674499988555908,111.27356719970703,35.82926940917969,19.035907745361328,421.339599609375,188.5223846435547,119.37260437011719,37.506919860839844,97.94021606445312,50.509796142578125,14.90999984741211
2023-11-06,2275.5,80.81999969482422,31.95381736755371,105.22000122070312,1981.5999755859375,3.7095000743865967,110.97925567626953,36.0400390625,18.987525939941406,422.308837890625,187.82395935058594,118.41675567626953,37.32126998901367,97.679931640625,50.06585693359375,14.890000343322754
2023-11-07,2251.5,77.37000274658203,31.036527633666992,105.54000091552734,1966.800048828125,3.6700000762939453,110.78302764892578,35.196990966796875,19.022085189819336,423.51080322265625,187.53294372558594,118.76164245605469,36.59768295288086,97.4389419555664,49.09907913208008,14.8100004196167
2023-11-08,2251.25,75.33000183105469,30.204345703125,105.58999633789062,1951.5,3.628000020980835,110.6260757446289,34.720489501953125,18.988515853881836,423.8209533691406,187.89187622070312,117.21454620361328,36.711944580078125,97.66065216064453,48.77351379394531,14.449999809265137
2023-11-09,2232.0,75.73999786376953,30.308364868164062,105.91000366210938,1964.199951171875,3.634999990463257,110.6358871459961,34.63801193237305,18.92828369140625,420.5156555175781,187.29042053222656,118.01274108886719,36.39775466918945,97.44857788085938,48.39863967895508,15.289999961853027
2023-11-10,2206.0,77.16999816894531,30.355648040771484,105.86000061035156,1932.5999755859375,3.5834999084472656,111.80335998535156,34.867103576660156,19.036897659301758,427.0777587890625,190.10348510742188,119.16566467285156,36.82619094848633,98.85599517822266,48.67486572265625,14.170000076293945
2023-11-13,2216.5,78.26000213623047,30.51641273498535,105.66000366210938,1945.5,3.6624999046325684,113.1081771850586,35.00455856323242,18.948030471801758,426.670654296875,190.1422882080078,120.90983581542969,36.77382278442383,98.94274139404297,48.635406494140625,14.760000228881836
2023-11-14,2204.0,78.26000213623047,31.745765686035156,104.11000061035156,1961.800048828125,3.682499885559082,113.9813461303711,36.50736999511719,19.947269439697266,434.9483642578125,195.23487854003906,123.58031463623047,37.85918426513672,100.92853546142578,51.10170364379883,14.15999984741211
2023-11-15,2199.75,76.66000366210938,32.25642013549805,104.38999938964844,1960.0999755859375,3.7174999713897705,113.97151947021484,36.653987884521484,20.222753524780273,435.8691711425781,195.38038635253906,123.68869018554688,38.02579879760742,101.14060974121094,51.20036315917969,14.180000305175781
2023-11-16,2179.75,72.9000015258789,31.764684677124023,104.37000274658203,1983.9000244140625,3.7044999599456787,113.48099517822266,36.36991882324219,19.82680892944336,436.40234375,195.1766815185547,122.23028564453125,38.140052795410156,101.15989685058594,50.94386672973633,14.319999694824219
2023-11-17,2177.5,75.88999938964844,32.19022750854492,103.81999969482422,1981.5999755859375,3.737499952316284,113.55947875976562,36.9838752746582,20.05390739440918,436.94512939453125,196.42799377441406,122.65401458740234,38.21146011352539,101.80575561523438,51.851463317871094,13.800000190734863
2023-11-20,2208.0,77.5999984741211,32.644142150878906,103.47000122070312,1977.699951171875,3.8125,114.8054428100586,37.203792572021484,20.478487014770508,440.3085632324219,197.04879760742188,124.04344177246094,38.278099060058594,102.11422729492188,51.95011520385742,13.40999984741211
2023-11-21,2219.25,77.7699966430664,32.76708221435547,103.58999633789062,1999.300048828125,3.814500093460083,114.94281005859375,37.48786544799805,20.241512298583984,439.3489685058594,196.71902465820312,123.75768280029297,38.4256706237793,102.0371322631836,52.0783576965332,13.350000381469727
2023-11-22,2188.0,77.0999984741211,32.56848907470703,103.91999816894531,1991.4000244140625,3.7664999961853027,115.72765350341797,37.28627014160156,20.290882110595703,441.04522705078125,197.30099487304688,124.07301330566406,38.44947052001953,102.25883483886719,52.324989318847656,12.850000381469727
2023-11-23,2188.0,77.0999984741211,32.56848907470703,103.91999816894531,1991.4000244140625,3.7790000438690186,115.72765350341797,37.28627014160156,20.290882110595703,441.04522705078125,197.30099487304688,124.07301330566406,38.44947052001953,102.25883483886719,52.324989318847656,12.850000381469727
2023-11-24,2200.25,75.54000091552734,32.61577606201172,103.4000015258789,2002.199951171875,3.7964999675750732,116.24761199951172,37.157981872558594,20.38962173461914,441.31658935546875,197.84422302246094,125.32447814941406,38.61608123779297,102.50945281982422,52.62095260620117,12.460000038146973
2023-11-27,2184.75,74.86000061035156,32.12403869628906,103.19999694824219,2011.800048828125,3.762500047683716,115.62954711914062,37.05717849731445,20.38962173461914,440.5218200683594,197.16522216796875,124.52629089355469,38.568477630615234,101.93109130859375,53.04515075683594,12.6899995803833
2023-11-28,2188.5,76.41000366210938,32.814361572265625,102.75,2039.699951171875,3.8010001182556152,115.68841552734375,37.30459213256836,20.271135330200195,440.9580383300781,196.22427368164062,124.27009582519531,38.644657135009766,101.69007110595703,53.10434341430664,12.6899995803833
2023-11-29,2171.5,77.86000061035156,32.53066635131836,102.7699966430664,2047.0999755859375,3.7860000133514404,115.57068634033203,37.157981872558594,20.596975326538086,440.64776611328125,196.8548126220703,123.82666015625,38.84457778930664,102.07567596435547,53.183258056640625,12.979999542236328
2023-11-30,2160.25,75.95999908447266,32.511749267578125,103.5,2038.0999755859375,3.8289999961853027,117.5916976928711,37.21295928955078,20.493297576904297,442.3828125,199.03732299804688,125.97484588623047,39.23017883300781,103.19389343261719,54.01194381713867,12.920000076293945
2023-12-01,2174.5,74.06999969482422,33.93023681640625,103.2699966430664,2071.0,3.9089999198913574,118.98482513427734,38.312583923339844,20.99193000793457,444.99993896484375,202.74276733398438,128.27084350585938,39.677650451660156,104.8230209350586,55.49171447753906,12.630000114440918
2023-12-04,2148.75,73.04000091552734,33.183170318603516,103.63999938964844,2024.0999755859375,3.820499897003174,119.92665100097656,37.19463348388672,21.02155303955078,442.6639404296875,203.40240478515625,128.7832794189453,39.21589660644531,104.99652862548828,54.9589958190918,13.079999923706055
2023-12-05,2126.0,72.31999969482422,32.46446990966797,104.05000305175781,2018.5,3.7725000381469727,118.88671112060547,36.67231750488281,20.804325103759766,442.5766906738281,201.47207641601562,127.10809326171875,38.67797088623047,104.14822387695312,53.59760665893555,12.850000381469727
2023-12-06,2109.75,69.37999725341797,32.53066635131836,104.1500015258789,2030.5,3.7165000438690186,119.27914428710938,36.74562072753906,20.9820556640625,440.79327392578125,202.2577667236328,127.42339324951172,38.5970344543457,104.61094665527344,52.96622848510742,12.970000267028809
2023-12-07,2092.5,69.33999633789062,32.9278450012207,103.54000091552734,2029.9000244140625,3.7844998836517334,119.05349731445312,37.21295928955078,21.125228881835938,444.1565856933594,202.70399475097656,127.8372802734375,38.858863830566406,104.70734405517578,53.183258056640625,13.0600004196167
2023-12-08,2109.0,71.2300033569336,33.40066909790039,104.01000213623047,1998.300048828125,3.819999933242798,119.96588897705078,37.12132263183594,21.140039443969727,446.066162109375,203.71279907226562,129.2464141845703,39.00167465209961,105.03509521484375,53.28192138671875,12.350000381469727
2023-12-11,2093.25,71.31999969482422,33.050777435302734,104.0999984741211,1978.0,3.7799999713897705,121.13337707519531,36.90140151977539,21.120290756225586,447.8011474609375,205.50735473632812,129.88693237304688,39.27777099609375,106.0376205444336,53.360836029052734,12.630000114440918
2023-12-12,2093.25,68.61000061035156,32.77653884887695,103.87000274658203,1977.800048828125,3.7860000133514404,121.43751525878906,36.754783630371094,20.94256019592285,449.84637451171875,206.45794677734375,130.33033752441406,39.50627517700195,106.51960754394531,52.28553009033203,12.069999694824219
2023-12-13,2113.5,69.47000122070312,33.996437072753906,102.87000274658203,1982.300048828125,3.7860000133514404,123.2132568359375,37.579498291015625,21.58930206298828,456.0498046875,209.1352081298828,132.67562866210938,39.9870719909668,107.7052993774414,54.20924377441406,12.1899995803833
2023-12-14,2175.0,71.58000183105469,35.140682220458984,101.95999908447266,2030.199951171875,3.8884999752044678,122.48727416992188,38.77991485595703,22.413774490356445,457.51336669921875,212.51083374023438,131.7592010498047,40.64876174926758,109.09342193603516,56.251338958740234,12.479999542236328
2023-12-15,2207.5,71.43000030517578,35.140682220458984,102.55000305175781,2021.0999755859375,3.884999990463257,122.54613494873047,38.834903717041016,22.364402770996094,456.7601318359375,211.64756774902344,131.26651000976562,40.544036865234375,108.9488296508789,56.49797058105469,12.279999732971191
2023-12-18,2237.75,72.47000122070312,35.10285568237305,102.51000213623047,2026.300048828125,3.8480000495910645,122.77177429199219,39.21976852416992,22.17679786682129,459.3294372558594,211.60870361328125,131.2447509765625,40.60683059692383,108.94398498535156,57.393253326416016,12.5600004196167
2023-12-19,2211.25,73.44000244140625,35.982322692871094,102.16999816894531,2038.4000244140625,3.8959999084472656,124.06680297851562,39.90702819824219,22.601375579833984,462.12255859375,213.55982971191406,133.28001403808594,40.980735778808594,109.7872314453125,59.17197036743164,12.529999732971191
2023-12-20,2187.75,74.22000122070312,35.273075103759766,102.41000366210938,2034.5,3.9014999866485596,122.08116149902344,39.08222579956055,22.21629524230957,455.71881103515625,210.217041015625,130.06907653808594,40.35276794433594,108.01350402832031,58.0849723815918,13.670000076293945
2023-12-21,2184.25,73.88999938964844,36.09579849243164,101.83999633789062,2039.0999755859375,3.9084999561309814,123.25265502929688,40.02994918823242,22.51251220703125,460.0399169921875,212.64376831054688,132.33155822753906,40.77939987182617,109.12814331054688,59.40913009643555,13.649999618530273
2023-12-22,2268.0,73.55999755859375,36.029598236083984,101.69999694824219,2057.10009765625,3.8954999446868896,123.96145629882812,40.20823669433594,22.897594451904297,460.9644470214844,213.5500946044922,133.90245056152344,41.03346252441406,109.65153503417969,60.05144500732422,13.029999732971191
2023-12-26,2251.5,75.56999969482422,36.37950134277344,101.47000122070312,2058.199951171875,3.8954999446868896,124.63088989257812,40.4146728515625,23.39129066467285,462.91082763671875,215.22634887695312,134.69284057617188,41.22521209716797,110.42694091796875,60.545536041259766,12.989999771118164
2023-12-27,2327.5,74.11000061035156,36.729393005371094,100.98999786376953,2081.89990234375,3.94350004196167,124.70963287353516,40.79939651489258,23.401165008544922,463.7478332519531,215.5284881591797,134.69284057617188,41.32587432861328,110.59172058105469,60.67399597167969,12.430000305175781
2023-12-28,2319.0,71.7699966430664,36.109413146972656,101.2300033569336,2073.89990234375,3.9130001068115234,124.6407241821289,40.66802978515625,23.211584091186523,463.9230041503906,215.49925231933594,134.47547912597656,41.16768264770508,110.62080383300781,60.02180099487305,12.470000267028809
2023-12-29,2332.25,71.6500015258789,35.82283401489258,101.33000183105469,2062.39990234375,3.880500078201294,124.63088989257812,40.4146728515625,22.937089920043945,462.5800476074219,214.8267822265625,133.79376220703125,41.004703521728516,110.485107421875,59.122562408447266,12.449999809265137
2024-01-02,2278.75,70.37999725341797,35.54580307006836,102.19999694824219,2064.39990234375,3.86899995803833,123.48892974853516,40.25515365600586,22.374277114868164,459.9911804199219,212.5462646484375,131.93637084960938,40.932796478271484,109.3704605102539,58.618595123291016,13.199999809265137
2024-01-03,2251.0,72.69999694824219,35.306983947753906,102.45999908447266,2034.199951171875,3.8475000858306885,121.80552673339844,39.645233154296875,21.80257797241211,456.2346496582031,208.56997680664062,129.13046264648438,40.49178695678711,107.74212646484375,57.48218536376953,14.039999961853027
2024-01-04,2218.25,72.19000244140625,35.23056411743164,102.41999816894531,2042.300048828125,3.8310000896453857,121.7956771850586,39.52324295043945,21.830224990844727,454.7650451660156,209.0377960205078,129.693603515625,40.36235809326172,107.87781524658203,57.600772857666016,14.130000114440918
2024-01-05,2203.0,73.80999755859375,35.23056411743164,102.41000366210938,2042.4000244140625,3.7945001125335693,121.91380310058594,39.420021057128906,21.623859405517578,455.38787841796875,209.0475311279297,129.2984161376953,40.42946243286133,108.00381469726562,57.48218536376953,13.350000381469727
2024-01-08,2168.5,70.7699966430664,35.469383239746094,102.20999908447266,2026.5999755859375,3.799499988555908,120.52574920654297,39.50447463989258,22.24591827392578,461.88897705078125,210.55816650390625,128.9624786376953,40.6020393371582,108.71137237548828,57.81816864013672,13.079999923706055
2024-01-09,2182.5,72.23999786376953,34.81978988647461,102.56999969482422,2026.4000244140625,3.748500108718872,119.58067321777344,38.65996170043945,22.058311462402344,461.18829345703125,209.81744384765625,127.58919525146484,40.137054443359375,108.37213897705078,56.97821807861328,12.760000228881836
2024-01-10,2178.5,71.37000274658203,34.85800552368164,102.36000061035156,2021.699951171875,3.7809998989105225,120.35838317871094,38.43475341796875,22.008943557739258,463.7964782714844,210.7530517578125,128.6068115234375,40.084327697753906,108.92460632324219,56.47425079345703,12.6899995803833
2024-01-11,2179.75,72.0199966430664,34.92487716674805,102.29000091552734,2014.300048828125,3.7764999866485596,119.58067321777344,38.38784408569336,21.930938720703125,463.5921325683594,210.333984375,127.90536499023438,39.964481353759766,108.67259979248047,56.276615142822266,12.4399995803833
2024-01-12,2167.5,72.68000030517578,35.211456298828125,102.4000015258789,2046.699951171875,3.740000009536743,120.43714141845703,38.33153533935547,21.801591873168945,463.91326904296875,210.29501342773438,129.01190185546875,40.002830505371094,108.66291046142578,56.849754333496094,12.699999809265137
2024-01-16,2161.75,72.4000015258789,34.14154815673828,103.36000061035156,2026.0,3.7664999961853027,117.44442749023438,37.37442398071289,21.396760940551758,462.21014404296875,208.29708862304688,126.08744812011719,39.54264831542969,107.5676498413086,55.36750030517578,13.84000015258789
2024-01-17,2148.75,72.55999755859375,33.32956314086914,103.44999694824219,2002.5999755859375,3.7325000762939453,117.46410369873047,36.88648223876953,21.140039443969727,459.640869140625,206.78648376464844,125.92938232421875,39.255027770996094,106.84071350097656,54.94258117675781,14.789999961853027
2024-01-18,2136.5,74.08000183105469,33.33911895751953,103.54000091552734,2018.5999755859375,3.744999885559082,119.32471466064453,36.99908447265625,21.28814697265625,463.7283020019531,209.5250701904297,127.53978729248047,39.37965774536133,108.28490447998047,55.55524826049805,14.130000114440918
2024-01-19,2127.5,73.41000366210938,33.71167755126953,103.29000091552734,2026.5,3.7869999408721924,119.81692504882812,37.158599853515625,21.54486846923828,469.5092468261719,211.172119140625,127.984375,39.41801071166992,108.99246215820312,55.74300003051758,13.300000190734863
2024-01-22,2127.5,75.19000244140625,32.928348541259766,103.33000183105469,2019.800048828125,3.7639999389648438,120.26978302001953,36.6706657409668,21.90526580810547,470.5019836425781,213.18951416015625,129.54542541503906,39.53306198120117,109.8357162475586,56.15803909301758,13.1899995803833
2024-01-23,2184.25,74.37000274658203,33.683013916015625,103.62000274658203,2023.699951171875,3.7904999256134033,120.52574920654297,37.11168670654297,21.96944808959961,471.87420654296875,212.7217254638672,129.35769653320312,39.66248321533203,109.74848175048828,56.75094223022461,12.550000190734863
2024-01-24,2186.25,75.08999633789062,34.724266052246094,103.23999786376953,2013.9000244140625,3.882499933242798,120.8604507446289,37.81544876098633,21.65348243713379,472.3900146484375,211.2013702392578,128.95262145996094,39.12560272216797,109.06999206542969,56.47425079345703,13.140000343322754
2024-01-25,2194.5,77.36000061035156,35.03950500488281,103.56999969482422,2016.9000244140625,3.865499973297119,119.77755737304688,37.81544876098633,21.811464309692383,474.9593200683594,213.30642700195312,127.8757095336914,39.5378532409668,110.11677551269531,56.019691467285156,13.449999809265137
2024-01-26,2226.0,78.01000213623047,34.85800552368164,103.47000122070312,2016.800048828125,3.8505001068115234,120.14180755615234,37.974971771240234,21.811464309692383,474.35589599609375,213.11154174804688,128.1128387451172,39.5522346496582,109.94231414794922,56.385318756103516,13.260000228881836
2024-01-29,2219.5,76.77999877929688,35.15414047241211,103.61000061035156,2025.199951171875,3.872999906539917,120.35838317871094,38.27524185180664,22.078060150146484,478.1125183105469,214.88526916503906,129.24900817871094,39.74877166748047,110.65956115722656,57.1165657043457,13.600000381469727
2024-01-30,2227.5,77.81999969482422,35.07771682739258,103.4000015258789,2031.5,3.9065001010894775,120.19102478027344,38.28462219238281,21.96944808959961,477.7427673339844,214.95350646972656,128.300537109375,39.93092727661133,110.69833374023438,57.42289352416992,13.3100004196167
2024-01-31,2235.5,75.8499984741211,34.57141876220703,103.2699966430664,2048.39990234375,3.9024999141693115,120.74232482910156,37.984352111816406,21.65348243713379,469.94720458984375,212.29290771484375,127.70772552490234,39.408416748046875,109.41893005371094,56.50389862060547,14.350000381469727
2024-02-01,2209.25,73.81999969482422,35.06816482543945,103.05000305175781,2053.0,3.8524999618530273,121.7759780883789,38.24708938598633,21.872682571411133,476.0980224609375,216.10348510742188,128.6660919189453,40.06515121459961,111.27989196777344,57.1066780090332,13.880000114440918
2024-02-02,2196.75,72.27999877929688,34.19886779785156,103.91999816894531,2036.0999755859375,3.821500062942505,121.70706939697266,37.721614837646484,21.66335678100586,481.1100158691406,217.34121704101562,128.49815368652344,39.830265045166016,112.02621459960938,56.65212631225586,13.850000381469727
2024-02-05,2176.75,72.77999877929688,33.53017044067383,104.44999694824219,2025.699951171875,3.7720000743865967,121.26409149169922,37.017852783203125,21.34245491027832,479.3581848144531,215.7039337158203,127.55958557128906,38.81880569458008,111.41558074951172,55.05127716064453,13.670000076293945
2024-02-06,2199.0,73.30999755859375,34.065128326416016,104.18000030517578,2034.5,3.7825000286102295,122.17960357666016,37.468257904052734,21.54486846923828,480.75,217.66282653808594,129.44662475585938,39.50429916381836,112.41390991210938,55.13032913208008,13.0600004196167
2024-02-07,2188.5,73.86000061035156,33.6734619140625,104.04000091552734,2035.199951171875,3.737499952316284,123.08528900146484,37.54332733154297,21.63373374938965,484.7596740722656,219.0759735107422,129.35769653320312,39.820674896240234,113.16024017333984,55.41690444946289,12.829999923706055
2024-02-08,2189.75,76.22000122070312,33.47285461425781,104.1500015258789,2032.199951171875,3.7054998874664307,122.5143051147461,37.28059005737305,21.91217803955078,484.9737243652344,219.806884765625,129.7331085205078,39.767940521240234,113.17963409423828,55.565128326416016,12.789999961853027
2024-02-09,2182.0,76.83999633789062,33.06208801269531,104.08000183105469,2023.300048828125,3.686000108718872,122.72106170654297,37.092918395996094,21.811464309692383,487.7765197753906,220.38189697265625,131.1558380126953,39.85422897338867,113.35408020019531,55.525604248046875,12.930000305175781
2024-02-12,2191.25,76.91999816894531,33.61614990234375,104.16999816894531,2018.199951171875,3.7284998893737793,122.94747924804688,37.33688735961914,22.028690338134766,487.56243896484375,221.1713104248047,132.16358947753906,40.17061233520508,113.51886749267578,56.13827133178711,13.930000305175781
2024-02-13,2186.0,77.87000274658203,32.61310958862305,104.95999908447266,1992.9000244140625,3.7139999866485596,122.16976928710938,36.30470657348633,21.30789566040039,480.8472595214844,217.9259490966797,130.1876220703125,39.60496520996094,112.35575866699219,53.96427917480469,15.850000381469727
2024-02-14,2202.0,76.63999938964844,33.25314712524414,104.72000122070312,1990.300048828125,3.700500011444092,123.37079620361328,36.76449966430664,21.8608341217041,485.217041015625,221.86325073242188,133.86293029785156,39.85902404785156,114.23611450195312,54.98210144042969,14.380000114440918
2024-02-15,2186.5,78.02999877929688,33.66391372680664,104.30000305175781,2002.0999755859375,3.756500005722046,124.27647399902344,37.271209716796875,22.26566505432129,488.5649108886719,223.656494140625,134.8212890625,40.61162567138672,115.08905029296875,56.424835205078125,14.010000228881836
2024-02-16,2176.25,79.19000244140625,34.428131103515625,104.27999877929688,2011.5,3.8380000591278076,123.68582153320312,37.721614837646484,22.078060150146484,486.1318359375,222.3408203125,133.8332977294922,40.827335357666016,114.40087890625,55.99005126953125,14.239999771118164
2024-02-20,2148.5,78.18000030517578,34.32304763793945,104.08000183105469,2027.5,3.866499900817871,123.47908020019531,37.07415008544922,21.752222061157227,483.4555358886719,221.39547729492188,132.95401000976562,40.74104309082031,114.04226684570312,54.863521575927734,15.420000076293945
2024-02-21,2175.5,77.91000366210938,34.36125946044922,104.01000213623047,2022.300048828125,3.874500036239624,123.56766510009766,36.94278335571289,21.658416748046875,483.89349365234375,221.99969482421875,133.09231567382812,40.96635055541992,114.497802734375,55.327964782714844,15.34000015258789
2024-02-22,2144.25,78.61000061035156,34.380367279052734,103.95999908447266,2019.699951171875,3.8975000381469727,124.02052307128906,37.1773681640625,21.865772247314453,493.9078063964844,224.59210205078125,132.7860107421875,41.37860107421875,115.91291809082031,55.39714431762695,14.539999961853027
2024-02-23,2131.25,76.48999786376953,34.810237884521484,103.94000244140625,2038.5999755859375,3.881999969482422,124.45368194580078,37.42134475708008,21.939823150634766,494.2485046386719,225.80056762695312,132.944091796875,41.623077392578125,116.52355194091797,55.4564323425293,13.75
2024-02-26,2129.25,77.58000183105469,34.29439163208008,103.83000183105469,2028.5,3.8239998817443848,124.26663970947266,36.914634704589844,22.15705108642578,492.4382629394531,225.90777587890625,133.37879943847656,41.373809814453125,116.34909057617188,55.75288391113281,13.739999771118164
2024-02-27,2131.75,78.87000274658203,34.61918640136719,103.83000183105469,2034.0,3.8310000896453857,124.41429901123047,37.26182174682617,22.147178649902344,493.35308837890625,226.2391357421875,134.31741333007812,41.5272102355957,116.52355194091797,56.355674743652344,13.430000305175781
2024-02-28,2132.0,78.54000091552734,33.960044860839844,103.9800033569336,2033.0,3.827500104904175,126.1370849609375,36.70819854736328,21.791715621948242,492.7010803222656,226.89208984375,135.3745880126953,41.65663528442383,116.92092895507812,54.903053283691406,13.84000015258789
2024-02-29,2167.5,78.26000213623047,34.370811462402344,104.16000366210938,2045.699951171875,3.8345000743865967,125.89097595214844,37.04600143432617,21.57448959350586,494.4722900390625,227.43785095214844,135.32516479492188,41.9730110168457,117.27957153320312,55.82205581665039,13.399999618530273
2024-03-01,2188.5,79.97000122070312,34.81978988647461,103.86000061035156,2086.89990234375,3.8550000190734863,125.90081787109375,37.468257904052734,21.72260093688965,499.1145324707031,228.7340545654297,136.1649627685547,42.16476058959961,117.78356170654297,56.691646575927734,13.109999656677246
2024-03-04,2174.75,78.73999786376953,34.94398498535156,103.83000183105469,2117.699951171875,3.8519999980926514,126.87541961669922,37.1867561340332,21.436254501342773,498.57928466796875,229.61122131347656,137.00473022460938,42.471553802490234,118.21003723144531,56.829994201660156,13.489999771118164
2024-03-05,2166.25,78.1500015258789,34.370811462402344,103.80000305175781,2133.5,3.8440001010894775,126.74742889404297,36.802032470703125,21.219030380249023,493.5964050292969,227.58407592773438,137.6469268798828,42.24625015258789,117.24079132080078,56.03944778442383,14.460000038146973
2024-03-06,2189.75,79.12999725341797,35.650882720947266,103.37000274658203,2150.300048828125,3.870500087738037,127.5152816772461,37.346275329589844,21.64360809326172,496.0976257324219,229.04592895507812,139.7316131591797,42.557838439941406,117.85142517089844,56.82011413574219,14.5
2024-03-07,2201.5,78.93000030517578,36.319576263427734,102.81999969482422,2158.0,3.9195001125335693,127.85000610351562,38.02188491821289,22.018815994262695,501.0220642089844,230.7611846923828,140.1663360595703,43.08034896850586,118.80128479003906,58.2924919128418,14.4399995803833
2024-03-08,2193.5,78.01000213623047,36.33868408203125,102.73999786376953,2178.60009765625,3.884999990463257,127.1707534790039,37.86236572265625,22.280475616455078,498.01483154296875,230.147216796875,139.28700256347656,42.83107376098633,118.53960418701172,57.87746047973633,14.739999771118164
2024-03-11,2210.5,77.93000030517578,36.587059020996094,102.87000274658203,2182.5,3.922499895095825,125.940185546875,37.44948959350586,22.305160522460938,497.5866394042969,228.8022918701172,137.43946838378906,43.31522750854492,117.92897033691406,57.37348175048828,15.220000267028809
2024-03-12,2216.5,77.55999755859375,36.40555191040039,102.95999908447266,2160.39990234375,3.924999952316284,124.97543334960938,37.56209182739258,22.2064208984375,502.9393005371094,229.9327850341797,136.96522521972656,43.3104362487793,118.4523696899414,56.37542724609375,13.84000015258789
2024-03-13,2211.0,79.72000122070312,38.602684020996094,102.79000091552734,2175.39990234375,4.052499771118164,124.97543334960938,38.256473541259766,22.188648223876953,502.1509704589844,230.62472534179688,137.14306640625,43.7370719909668,118.772216796875,56.40507888793945,13.75
2024-03-14,2193.0,81.26000213623047,38.76508331298828,103.36000061035156,2163.0,4.0370001792907715,124.79823303222656,37.80606460571289,21.88058090209961,501.1583251953125,229.40650939941406,135.77964782714844,43.50697326660156,118.26819610595703,55.327964782714844,14.399999618530273
2024-03-15,2214.0,81.04000091552734,39.72991180419922,103.43000030517578,2157.300048828125,4.112500190734863,125.23139190673828,37.974971771240234,21.667306900024414,497.717041015625,229.50399780273438,135.94760131835938,43.52614974975586,118.28759002685547,55.85170364379883,14.40999984741211
2024-03-18,2213.5,82.72000122070312,39.2331657409668,103.58000183105469,2160.699951171875,4.114500045776367,125.1034164428711,37.984352111816406,21.63373374938965,500.675048828125,229.76710510253906,134.84573364257812,43.60552978515625,118.49758911132812,55.63687515258789,14.329999923706055
2024-03-19,2203.5,83.47000122070312,38.679107666015625,103.80999755859375,2156.300048828125,4.058499813079834,126.24537658691406,38.03126525878906,21.700878143310547,503.4574279785156,231.9014434814453,135.36007690429688,43.6103401184082,119.5184555053711,55.84477233886719,13.819999694824219
2024-03-20,2212.75,81.68000030517578,39.920963287353516,103.41000366210938,2157.89990234375,4.03849983215332,127.66297149658203,38.77256393432617,22.008943557739258,508.114013671875,234.81544494628906,137.51632690429688,44.04812240600586,120.9573974609375,57.191139221191406,13.039999961853027
2024-03-21,2237.0,81.06999969482422,39.901859283447266,104.0,2182.39990234375,4.046500205993652,127.83659362792969,38.89455032348633,22.117555618286133,509.79327392578125,237.53453063964844,138.21861267089844,44.23094177246094,122.15324401855469,57.884124755859375,12.920000076293945
2024-03-22,2251.25,80.62999725341797,39.44332504272461,104.43000030517578,2158.10009765625,3.996000051498413,128.33969116210938,38.54736328125,21.929950714111328,508.8266906738281,236.5271759033203,137.12069702148438,43.956722259521484,121.73517608642578,57.35943603515625,13.0600004196167
2024-03-25,2268.0,81.94999694824219,39.26182174682617,104.2300033569336,2174.800048828125,4.006999969482422,128.4580535888672,38.58489227294922,21.959571838378906,507.42095947265625,235.02247619628906,137.2196044921875,43.971153259277344,120.9476547241211,57.55743408203125,13.1899995803833
2024-03-26,2246.0,81.62000274658203,38.87971878051758,104.29000091552734,2175.60009765625,3.996000051498413,128.2213134765625,38.294002532958984,21.88058090209961,506.48370361328125,234.67074584960938,137.0217742919922,43.93748474121094,120.51014709472656,57.12184524536133,13.239999771118164
2024-03-27,2247.0,81.3499984741211,39.55795669555664,104.3499984741211,2190.60009765625,3.992500066757202,130.06600952148438,38.89455032348633,22.295286178588867,510.7401123046875,238.5496826171875,138.73294067382812,44.56770324707031,122.4449234008789,58.96320724487305,12.779999732971191
2024-03-28,2284.25,83.16999816894531,40.532344818115234,104.55000305175781,2217.39990234375,4.003499984741211,130.14492797851562,39.12913513183594,22.395999908447266,510.6424560546875,238.5496826171875,138.980224609375,44.68796920776367,122.46436309814453,59.675994873046875,13.010000228881836
2024-04-01,2289.25,83.70999908447266,40.81892395019531,105.0199966430664,2236.5,4.046000003814697,129.11898803710938,39.28865051269531,22.24591827392578,509.7540588378906,236.5173797607422,137.57569885253906,44.582130432128906,121.52129364013672,60.220481872558594,13.649999618530273
2024-04-02,2326.5,85.1500015258789,41.334774017333984,104.81999969482422,2261.0,4.070000171661377,128.46792602539062,39.63584518432617,21.90032958984375,506.5130615234375,235.12020874023438,135.51832580566406,44.41856384277344,120.9573974609375,60.23038101196289,14.609999656677246
2024-04-03,2372.0,85.43000030517578,42.38557434082031,104.25,2294.39990234375,4.192999839782715,127.9056625366211,40.114402770996094,21.96944808959961,507.0694580078125,236.6151123046875,135.71615600585938,44.68315887451172,121.57962036132812,61.54704666137695,14.329999923706055
2024-04-04,2386.75,86.58999633789062,42.57663345336914,104.12000274658203,2288.800048828125,4.246500015258789,128.4087371826172,39.87043380737305,21.870708465576172,500.8800964355469,234.53396606445312,135.54800415039062,44.23094177246094,120.51014709472656,60.53727340698242,16.350000381469727
2024-04-05,2395.25,86.91000366210938,42.64350128173828,104.30000305175781,2325.699951171875,4.239500045776367,129.5727996826172,39.99241256713867,21.88058090209961,506.1127624511719,237.6019287109375,136.44808959960938,44.6302375793457,122.18240356445312,61.398555755615234,16.030000686645508
2024-04-08,2405.5,86.43000030517578,43.46503829956055,104.13999938964844,2331.699951171875,4.2769999504089355,129.2965545654297,40.74309539794922,22.22616958618164,506.3958740234375,237.4553680419922,136.5469970703125,44.66391372680664,121.968505859375,61.55695343017578,15.1899995803833
2024-04-09,2407.25,85.2300033569336,44.64002227783203,104.1500015258789,2343.5,4.285999774932861,127.92537689208984,41.371788024902344,22.33182144165039,506.9815673828125,236.849609375,135.132568359375,44.769752502441406,121.68656921386719,62.23013687133789,14.979999542236328
2024-04-10,2397.25,86.20999908447266,44.24836349487305,105.25,2329.60009765625,4.2820000648498535,127.47161865234375,40.81816482543945,21.908227920532227,501.9051513671875,234.00633239746094,133.5796661376953,44.072181701660156,120.64624786376953,61.58665466308594,15.800000190734863
2024-04-11,2398.75,85.0199966430664,44.191043853759766,105.27999877929688,2354.800048828125,4.251999855041504,127.41241455078125,40.78063201904297,21.85095977783203,505.6930236816406,234.3678741455078,134.18301391601562,44.03850555419922,120.7823715209961,61.804447174072266,14.90999984741211
2024-04-12,2436.25,85.66000366210938,43.44593048095703,106.04000091552734,2356.199951171875,4.257500171661377,125.99189758300781,40.23638916015625,21.159788131713867,498.71282958984375,231.9936065673828,132.283935546875,43.25914764404297,119.48929595947266,60.78477096557617,17.309999465942383
2024-04-15,2521.25,85.41000366210938,43.761173248291016,106.20999908447266,2365.800048828125,4.379000186920166,125.3309555053711,40.395904541015625,20.74508285522461,492.4648742675781,229.96131896972656,131.1068878173828,43.05228042602539,118.63370513916016,60.636268615722656,19.229999542236328
2024-04-16,2515.75,85.36000061035156,43.13069534301758,106.26000213623047,2390.800048828125,4.305500030517578,125.93270111083984,39.842281341552734,20.547603607177734,491.56671142578125,229.3653106689453,131.75970458984375,42.720333099365234,118.3614730834961,60.745174407958984,18.399999618530273
2024-04-17,2590.5,82.69000244140625,43.350406646728516,105.94999694824219,2371.699951171875,4.34250020980835,125.78473663330078,40.161319732666016,20.43899154663086,488.65753173828125,227.73361206054688,130.6716766357422,42.816551208496094,117.74897003173828,60.65607452392578,18.209999084472656
2024-04-18,2601.5,82.7300033569336,44.143280029296875,106.1500015258789,2382.300048828125,4.440499782562256,125.73542022705078,40.22700500488281,20.39949607849121,487.6520080566406,226.96173095703125,130.66180419921875,42.83098220825195,117.34062957763672,60.35908126831055,18.0
2024-04-19,2680.0,83.13999938964844,43.92356872558594,106.1500015258789,2398.39990234375,4.501999855041504,126.26810455322266,40.14255142211914,20.587099075317383,483.3955993652344,226.87379455566406,130.79037475585938,42.797306060791016,117.12672424316406,60.28977966308594,18.709999084472656
2024-04-22,2660.75,82.8499984741211,43.20711135864258,106.08000183105469,2332.199951171875,4.500500202178955,126.7613296508789,40.02056884765625,20.824073791503906,487.8472900390625,228.3491668701172,131.42340087890625,42.840606689453125,118.01145935058594,59.74529266357422,16.940000534057617
2024-04-23,2572.0,83.36000061035156,42.41423797607422,105.69000244140625,2327.699951171875,4.490499973297119,127.61955261230469,39.52324295043945,21.007728576660156,493.6363830566406,231.72979736328125,133.69834899902344,42.47016906738281,119.65455627441406,58.903812408447266,15.6899995803833
2024-04-24,2600.75,82.80999755859375,42.60529327392578,105.86000061035156,2324.5,4.4670000076293945,126.77118682861328,39.7672119140625,20.95539665222168,493.4021301269531,230.13717651367188,133.17413330078125,42.49903869628906,118.7017593383789,58.705810546875,15.970000267028809
2024-04-25,2526.0,83.56999969482422,43.92356872558594,105.5999984741211,2329.800048828125,4.570499897003174,127.2644271850586,40.02056884765625,20.7154598236084,491.52764892578125,230.80157470703125,133.13458251953125,42.8021125793457,119.0615005493164,59.725494384765625,15.369999885559082
2024-04-26,2554.75,83.8499984741211,45.39469528198242,105.94000244140625,2334.800048828125,4.568999767303467,127.77738189697266,40.62110900878906,20.99489402770996,496.18438720703125,231.07518005371094,134.62811279296875,43.06671142578125,119.25595092773438,60.24028015136719,15.029999732971191
2024-04-29,2566.0,82.62999725341797,45.87232971191406,105.58000183105469,2345.39990234375,4.658999919891357,129.35574340820312,41.14658737182617,20.98699188232422,497.9416198730469,232.7166290283203,135.83485412597656,43.427528381347656,120.0531997680664,60.774871826171875,14.670000076293945
2024-04-30,2561.25,81.93000030517578,43.72296142578125,106.22000122070312,2291.39990234375,4.564499855041504,128.09307861328125,40.03933334350586,20.468612670898438,490.0536193847656,228.68138122558594,134.5489959716797,42.638545989990234,118.14756774902344,58.67611312866211,15.649999618530273
2024-05-01,2537.75,79.0,43.53190612792969,105.76000213623047,2299.89990234375,4.552499771118164,128.34954833984375,39.804744720458984,20.478487014770508,488.4622802734375,227.86061096191406,135.3798370361328,42.85984802246094,117.85591125488281,58.69590759277344,15.390000343322754
2024-05-02,2491.75,78.94999694824219,43.65609359741211,105.30000305175781,2299.199951171875,4.49399995803833,130.27317810058594,40.17070388793945,20.537729263305664,493.0311279296875,230.3814239501953,136.90310668945312,42.638545989990234,118.5364761352539,59.49779510498047,14.680000305175781
2024-05-03,2512.25,78.11000061035156,44.554054260253906,105.02999877929688,2299.0,4.573500156402588,130.7762908935547,40.808780670166016,20.75495719909668,499.1424255371094,232.02288818359375,137.96142578125,43.07152557373047,119.3628921508789,60.23038101196289,13.489999771118164
2024-05-06,2554.25,78.4800033569336,45.232295989990234,105.05000305175781,2321.60009765625,4.634500026702881,131.8022003173828,41.19350814819336,20.83296012878418,504.2969055175781,234.56329345703125,140.1869354248047,43.3313102722168,120.5684814453125,60.46797561645508,13.489999771118164
2024-05-07,2527.0,78.37999725341797,45.28961181640625,105.41000366210938,2315.199951171875,4.625500202178955,131.63450622558594,41.11843490600586,20.66609001159668,504.8533935546875,234.8466339111328,139.5242462158203,43.8460693359375,120.8990478515625,60.72536849975586,13.229999542236328
2024-05-08,2503.75,78.98999786376953,44.70689392089844,105.55000305175781,2313.60009765625,4.561999797821045,132.27569580078125,40.53665542602539,20.61672019958496,504.9022521972656,234.95411682128906,139.8308563232422,43.644020080566406,120.8990478515625,60.210575103759766,13.0
2024-05-09,2510.5,79.26000213623047,45.767250061035156,105.2300033569336,2332.10009765625,4.607500076293945,133.52850341796875,41.0621337890625,20.706575393676758,507.8114318847656,237.37721252441406,141.11671447753906,44.129913330078125,122.10464477539062,61.467857360839844,12.6899995803833
2024-05-10,2488.25,78.26000213623047,45.8341178894043,105.30999755859375,2367.300048828125,4.69350004196167,133.27203369140625,41.24980163574219,20.596975326538086,508.465576171875,237.57264709472656,140.63201904296875,44.182830810546875,122.19212341308594,60.972862243652344,12.550000190734863
2024-05-13,2493.75,79.12000274658203,46.13025665283203,105.22000122070312,2336.10009765625,4.804500102996826,132.49273681640625,41.221656799316406,20.527856826782227,508.5337829589844,236.42947387695312,140.2165985107422,44.15396499633789,121.67684936523438,61.18075942993164,13.600000381469727
2024-05-14,2491.5,78.0199966430664,47.48674774169922,105.01000213623047,2353.39990234375,4.953499794006348,132.83799743652344,41.7752799987793,20.932687759399414,510.8670654296875,236.83982849121094,142.03660583496094,44.197265625,121.64768981933594,61.8143424987793,13.420000076293945
2024-05-15,2533.5,78.62999725341797,47.45808792114258,104.3499984741211,2388.699951171875,4.9695000648498535,132.54205322265625,41.97233200073242,21.070920944213867,517.193115234375,238.4422149658203,141.60137939453125,44.27424240112305,122.4449234008789,62.596431732177734,12.449999809265137
2024-05-16,2529.0,79.2300033569336,47.152400970458984,104.45999908447266,2380.0,4.892000198364258,133.1142120361328,41.99109649658203,20.75495719909668,516.1289672851562,236.5271759033203,141.68052673339844,43.956722259521484,121.71573638916016,62.20044708251953,12.420000076293945
2024-05-17,2533.5,80.05999755859375,49.35908508300781,104.44999694824219,2412.199951171875,5.057000160217285,133.66664123535156,43.12649917602539,20.705585479736328,516.8710327148438,236.7323455810547,141.7200927734375,44.331974029541016,121.85185241699219,63.35871887207031,11.989999771118164
2024-05-20,2557.5,79.80000305175781,50.36212921142578,104.56999969482422,2433.89990234375,5.087500095367432,134.53472900390625,43.27663040161133,20.839872360229492,517.4664306640625,237.36744689941406,143.26309204101562,44.394508361816406,122.08518981933594,64.26949310302734,12.149999618530273
2024-05-21,2651.0,79.26000213623047,49.39729690551758,104.66000366210938,2421.699951171875,5.11899995803833,134.64321899414062,43.239105224609375,20.596975326538086,518.7355346679688,236.83004760742188,143.3422088623047,44.394508361816406,121.68656921386719,64.49720001220703,11.859999656677246
2024-05-22,2568.0,77.56999969482422,46.11115264892578,104.94000244140625,2389.199951171875,4.867499828338623,134.80105590820312,41.69083023071289,20.557477951049805,517.241943359375,237.15248107910156,142.37289428710938,43.96152877807617,121.8323974609375,62.972625732421875,12.289999961853027
2024-05-23,2550.25,76.87000274658203,45.623958587646484,105.11000061035156,2335.0,4.816500186920166,132.34475708007812,41.29671859741211,20.28594398498535,513.4638671875,234.18222045898438,140.04847717285156,43.57185745239258,120.39347839355469,62.23013687133789,12.770000457763672
2024-05-24,2588.25,77.72000122070312,46.483707427978516,104.72000122070312,2332.5,4.778500080108643,133.71597290039062,41.69083023071289,20.350128173828125,516.8611450195312,235.87254333496094,141.86842346191406,43.95191192626953,121.00598907470703,62.6954345703125,11.930000305175781
2024-05-28,2654.75,79.83000183105469,47.83064651489258,104.61000061035156,2355.199951171875,4.875500202178955,132.46315002441406,41.962947845458984,20.587099075317383,517.222412109375,232.90228271484375,141.40357971191406,43.78353500366211,119.5281753540039,63.62601089477539,12.920000076293945
2024-05-29,2703.5,79.2300033569336,46.55057907104492,105.0999984741211,2340.300048828125,4.805500030517578,130.84532165527344,41.00583267211914,20.160545349121094,513.6004638671875,229.6486358642578,138.71316528320312,43.158119201660156,117.83645629882812,62.60633850097656,14.279999732971191
2024-05-30,2648.0,77.91000366210938,46.21622848510742,104.72000122070312,2342.89990234375,4.671999931335449,131.97975158691406,41.024600982666016,20.350128173828125,510.1934814453125,231.3292236328125,140.11770629882812,43.50931930541992,118.64342498779297,63.26961898803711,14.470000267028809
2024-05-31,2591.5,76.98999786376953,46.034725189208984,104.66999816894531,2322.89990234375,4.610000133514404,134.17959594726562,41.409324645996094,20.330379486083984,514.84033203125,234.06495666503906,142.00692749023438,44.033695220947266,120.08235931396484,63.78440856933594,12.920000076293945
2024-06-03,2601.75,74.22000122070312,45.614410400390625,104.13999938964844,2346.60009765625,4.677000045776367,134.72215270996094,41.07151794433594,20.162521362304688,515.2600708007812,231.12403869628906,142.15530395507812,43.77390670776367,118.61426544189453,63.64580535888672,13.109999656677246
2024-06-04,2599.5,73.25,43.426822662353516,104.11000061035156,2325.5,4.547999858856201,134.91944885253906,39.63584518432617,20.123023986816406,515.836181640625,229.5705108642578,140.80020141601562,43.28801727294922,118.32258605957031,60.675872802734375,13.15999984741211
2024-06-05,2558.25,74.06999969482422,44.43941879272461,104.2699966430664,2354.10009765625,4.619500160217285,135.53103637695312,39.9830322265625,20.37974739074707,521.9669189453125,232.4821319580078,142.39266967773438,43.58628845214844,119.5184555053711,61.200557708740234,12.630000114440918
2024-06-06,2592.75,75.55000305175781,45.260955810546875,104.0999984741211,2370.300048828125,4.690999984741211,134.9884796142578,40.4052848815918,20.641407012939453,521.95703125,230.72341918945312,140.9287567138672,43.63439178466797,118.80870819091797,61.86384582519531,12.579999923706055
2024-06-07,2507.75,75.52999877929688,43.426822662353516,104.88999938964844,2305.199951171875,4.494500160217285,134.6234893798828,39.59831237792969,20.310630798339844,521.322509765625,230.5573272705078,140.30564880371094,43.19660568237305,118.93510437011719,59.85418701171875,12.220000267028809
2024-06-10,2499.5,77.73999786376953,44.095516204833984,105.1500015258789,2307.699951171875,4.55649995803833,134.3275604248047,39.720298767089844,20.38962173461914,522.933349609375,231.29010009765625,140.384765625,43.15331268310547,119.30457305908203,59.74529266357422,12.739999771118164
2024-06-11,2459.25,77.9000015258789,43.044715881347656,105.2300033569336,2307.5,4.5229997634887695,133.1599884033203,39.00328826904297,20.1921443939209,524.1926879882812,229.9515380859375,139.95945739746094,43.138877868652344,118.62399291992188,58.636512756347656,12.850000381469727
2024-06-12,2496.75,78.5,43.16889953613281,104.6500015258789,2336.0,4.581500053405762,133.3181610107422,38.98429489135742,20.310630798339844,528.4979858398438,232.6775665283203,140.78041076660156,43.22066116333008,119.75180053710938,58.884010314941406,12.039999961853027
2024-06-13,2477.0,78.62000274658203,42.423789978027344,105.19999694824219,2300.199951171875,4.507500171661377,132.17135620117188,38.78486251831055,19.8465576171875,529.56201171875,231.45620727539062,139.3165283203125,43.20623016357422,118.98371124267578,58.191017150878906,11.9399995803833
2024-06-14,2440.75,78.44999694824219,42.33781051635742,105.55000305175781,2331.39990234375,4.551000118255615,130.78721618652344,38.64240646362305,19.550338745117188,529.88427734375,228.93539428710938,137.18003845214844,42.80692672729492,117.78785705566406,57.62673568725586,12.65999984741211
2024-06-17,2425.5,80.33000183105469,41.9843635559082,105.31999969482422,2312.39990234375,4.521500110626221,131.9044189453125,38.471466064453125,19.550338745117188,534.1015014648438,231.2217254638672,138.1196746826172,43.124446868896484,119.09065246582031,57.71582794189453,12.75
2024-06-18,2416.5,81.56999969482422,42.614845275878906,105.26000213623047,2330.39990234375,4.561999797821045,132.22076416015625,38.575931549072266,19.82680892944336,535.45849609375,232.38442993164062,139.7814178466797,43.07633972167969,119.73235321044922,57.9138298034668,12.300000190734863
2024-06-20,2441.75,82.16999816894531,43.97133255004883,105.58999633789062,2353.800048828125,4.618000030517578,132.55690002441406,39.08876037597656,19.540468215942383,534.0039672851562,232.4528350830078,138.94065856933594,43.11963653564453,119.81012725830078,58.705810546875,13.279999732971191
2024-06-21,2432.25,80.7300033569336,43.19755935668945,105.80000305175781,2316.39990234375,4.49399995803833,132.85350036621094,38.73737716674805,19.48122215270996,533.2881469726562,231.81773376464844,140.59246826171875,43.124446868896484,119.55735778808594,58.46821594238281,13.199999809265137
2024-06-24,2423.0,81.62999725341797,44.219703674316406,105.47000122070312,2330.0,4.5269999504089355,131.756103515625,38.95580291748047,19.5789737701416,531.5545043945312,232.81431579589844,140.5172119140625,43.40238571166992,120.06561279296875,58.39483642578125,13.329999923706055
2024-06-25,2421.25,80.83000183105469,43.436378479003906,105.61000061035156,2316.60009765625,4.38100004196167,130.78721618652344,38.775367736816406,19.19487762451172,533.6014404296875,230.89930725097656,139.04173278808594,42.85133743286133,119.04125213623047,57.462745666503906,12.84000015258789
2024-06-26,2434.5,80.9000015258789,43.75162124633789,106.05000305175781,2299.199951171875,4.367499828338623,131.03439331054688,38.69939041137695,19.254121780395508,534.2674560546875,230.01991271972656,139.49722290039062,42.82233428955078,118.71931457519531,58.22626876831055,12.550000190734863
2024-06-27,2436.0,81.73999786376953,43.20425796508789,105.91000366210938,2324.5,4.328499794006348,131.26177978515625,38.4809684753418,19.421979904174805,535.1096801757812,230.58663940429688,139.24966430664062,42.70149230957031,118.84613037109375,57.869300842285156,12.239999771118164
2024-06-28,2457.25,81.54000091552734,43.24259948730469,105.87000274658203,2327.699951171875,4.390500068664551,130.5499725341797,38.775367736816406,19.372610092163086,533.0040283203125,230.59449768066406,138.6159210205078,42.68698501586914,118.89491271972656,58.83114242553711,12.4399995803833
2024-07-01,2444.25,83.37999725341797,43.58769989013672,105.9000015258789,2327.60009765625,4.426499843597412,130.08531188964844,38.908321380615234,19.19487762451172,534.1008911132812,227.55545043945312,137.6751708984375,42.02959442138672,117.61688995361328,59.713661193847656,12.220000267028809
2024-07-02,2450.0,82.80999755859375,43.75065994262695,105.72000122070312,2323.0,4.429500102996826,131.02450561523438,38.94630432128906,19.27387046813965,537.6952514648438,229.1239471435547,138.7545623779297,42.10694122314453,118.26078033447266,60.130123138427734,12.029999732971191
2024-07-03,2483.75,83.87999725341797,45.2652587890625,105.4000015258789,2359.800048828125,4.540999889373779,131.63746643066406,40.04793167114258,19.7576904296875,540.0948486328125,230.29055786132812,139.55667114257812,42.4211311340332,118.69004821777344,61.191131591796875,12.09000015258789
2024-07-05,2457.5,83.16000366210938,46.06089401245117,104.87999725341797,2388.5,4.6585001945495605,130.89598083496094,40.08591842651367,19.728069305419922,543.2092895507812,229.26123046875,139.4873504638672,42.48880386352539,118.26078033447266,60.744911193847656,12.479999542236328
2024-07-08,2456.25,82.33000183105469,45.15980911254883,105.01000213623047,2355.199951171875,4.622000217437744,131.716552734375,39.57309341430664,19.915674209594727,543.8359985351562,229.42788696289062,140.26963806152344,42.6144905090332,118.4071273803711,60.794490814208984,12.369999885559082
2024-07-09,2420.25,81.41000366210938,45.25566864013672,105.12000274658203,2360.10009765625,4.578000068664551,131.3013153076172,39.468631744384766,19.609582901000977,544.3649291992188,228.14364624023438,139.34872436523438,42.179443359375,117.89006805419922,60.18962478637695,12.510000228881836
2024-07-10,2400.0,82.0999984741211,45.49531936645508,105.05000305175781,2372.199951171875,4.607500076293945,132.04283142089844,39.68706130981445,19.76262855529785,549.7515869140625,230.39840698242188,140.66575622558594,42.7449951171875,118.94369506835938,60.71516036987305,12.850000381469727
2024-07-11,2390.25,82.62000274658203,45.31318664550781,104.44000244140625,2415.0,4.508500099182129,132.11203002929688,39.924476623535156,20.166471481323242,545.0113525390625,234.0452880859375,141.8738555908203,43.32988357543945,120.45584869384766,62.381038665771484,12.920000076293945
2024-07-12,2388.25,82.20999908447266,45.98420333862305,104.08999633789062,2414.0,4.598499774932861,131.59791564941406,40.35183334350586,20.458738327026367,548.4489135742188,235.6236114501953,142.289794921875,43.74558639526367,121.14851379394531,63.07515335083008,12.460000038146973
2024-07-15,2362.0,81.91000366210938,45.1406364440918,104.19000244140625,2422.89990234375,4.5289998054504395,132.35919189453125,40.07642364501953,20.39949607849121,549.957275390625,237.62347412109375,143.7652587890625,43.63440704345703,122.01679992675781,63.75934600830078,13.119999885559082
2024-07-16,2314.5,80.76000213623047,44.65174865722656,104.2699966430664,2462.39990234375,4.443999767303467,135.77984619140625,39.753536224365234,20.99193000793457,553.2186279296875,244.35838317871094,147.83517456054688,44.480316162109375,125.06063079833984,64.67162322998047,13.1899995803833
2024-07-17,2313.25,82.8499984741211,43.280948638916016,103.75,2454.800048828125,4.39900016784668,134.0991973876953,39.202720642089844,20.804325103759766,545.4617919921875,240.73114013671875,145.82498168945312,44.38847732543945,123.4606704711914,63.3428840637207,14.479999542236328
2024-07-18,2292.75,82.81999969482422,41.6033935546875,104.16999816894531,2451.800048828125,4.265999794006348,133.2192840576172,38.20555877685547,20.38962173461914,541.2700805664062,238.5548095703125,143.84446716308594,43.94860076904297,122.49482727050781,62.21247100830078,15.930000305175781
2024-07-19,2263.5,80.12999725341797,41.517112731933594,104.4000015258789,2395.5,4.218999862670898,132.3789520263672,37.89216232299805,20.231639862060547,537.6756591796875,237.2411651611328,142.25015258789062,43.55706787109375,121.8216781616211,61.548095703125,16.520000457763672
2024-07-22,2210.5,79.77999877929688,41.14325714111328,104.30999755859375,2392.0,4.180500030517578,134.1387481689453,37.958641052246094,20.443927764892578,543.2191162109375,240.28018188476562,144.4287567138672,43.70207977294922,123.06068420410156,61.548095703125,14.90999984741211
2024-07-23,2211.5,76.95999908447266,40.83650588989258,104.44999694824219,2404.60009765625,4.145999908447266,137.79669189453125,37.531288146972656,20.537729263305664,542.3670043945312,240.26058959960938,147.10240173339844,43.876094818115234,122.8265380859375,61.9744873046875,14.720000267028809
2024-07-24,2219.0,77.58999633789062,40.3188591003418,104.38999938964844,2413.300048828125,4.098999977111816,134.39578247070312,36.99946594238281,20.034162521362305,530.0755615234375,234.57464599609375,144.00291442871094,43.31537628173828,120.18270111083984,60.73499298095703,18.040000915527344
2024-07-25,2188.0,78.27999877929688,40.213417053222656,104.36000061035156,2351.89990234375,4.112500190734863,137.93511962890625,37.312862396240234,20.104265213012695,527.3137817382812,236.53533935546875,146.2310028076172,43.43622589111328,121.14851379394531,61.22087478637695,18.459999084472656
2024-07-26,2212.0,77.16000366210938,40.81733703613281,104.31999969482422,2380.0,4.104499816894531,139.29942321777344,37.920654296875,20.40937042236328,533.2194213867188,240.78016662597656,147.42918395996094,44.146793365478516,123.2167739868164,62.15296936035156,16.389999389648438
2024-07-29,2163.5,75.80999755859375,40.51057815551758,104.55999755859375,2377.300048828125,4.061999797821045,139.14126586914062,37.48380661010742,20.08353042602539,533.5328979492188,240.17234802246094,146.83505249023438,44.224124908447266,123.00215148925781,61.55801773071289,16.600000381469727
2024-07-30,2125.0,74.7300033569336,40.203826904296875,104.55000305175781,2405.0,4.063000202178955,140.02114868164062,37.09443664550781,19.83668327331543,530.8297729492188,240.66253662109375,147.4787139892578,44.0791130065918,123.36310577392578,61.310123443603516,17.690000534057617
2024-07-31,2189.0,77.91000366210938,41.929317474365234,104.0999984741211,2426.5,4.159999847412109,141.55352783203125,38.177066802978516,20.271135330200195,539.4581909179688,243.4564666748047,149.28097534179688,44.538326263427734,124.73868560791016,62.93633270263672,16.360000610351562
2024-08-01,2176.25,76.30999755859375,39.97376251220703,104.41999816894531,2435.0,4.066500186920166,139.8728485107422,36.866512298583984,19.520719528198242,531.8190307617188,238.51560974121094,146.7459259033203,44.359466552734375,122.42654418945312,60.378021240234375,18.59000015258789
2024-08-02,2155.0,73.5199966430664,39.47529220581055,103.20999908447266,2425.699951171875,4.084000110626221,135.63157653808594,36.33469009399414,18.790048599243164,521.9172973632812,232.65318298339844,142.07191467285156,43.523231506347656,119.73392486572266,57.393333435058594,23.389999389648438
2024-08-05,2134.75,72.94000244140625,37.97986602783203,102.69000244140625,2401.699951171875,3.9839999675750732,133.51589965820312,35.20457458496094,18.22723388671875,506.7171936035156,227.7613067626953,139.33880615234375,42.55164337158203,117.65591430664062,55.6679573059082,38.56999969482422
2024-08-06,2181.0,73.19999694824219,38.05655288696289,102.97000122070312,2389.10009765625,4.011499881744385,134.2771453857422,35.35652160644531,18.401016235351562,511.3888854980469,229.74159240722656,140.35877990722656,42.769161224365234,119.07052612304688,56.24308776855469,27.709999084472656
2024-08-07,2177.25,75.2300033569336,37.107540130615234,103.19999694824219,2390.5,3.9375,134.9593048095703,35.14759063720703,18.02975845336914,507.9707946777344,228.7612762451172,140.77468872070312,42.189109802246094,118.49492645263672,55.55888748168945,27.850000381469727
2024-08-08,2167.0,76.19000244140625,38.09490203857422,103.20999908447266,2422.199951171875,3.944999933242798,137.94497680664062,35.77437973022461,18.651811599731445,519.7137451171875,233.95700073242188,144.53765869140625,42.84166717529297,121.22657012939453,56.808292388916016,23.790000915527344
2024-08-09,2182.25,76.83999633789062,38.38248062133789,103.13999938964844,2432.10009765625,3.9800000190734863,138.6271514892578,35.9453239440918,18.57282257080078,522.0054931640625,233.77076721191406,145.40907287597656,42.807830810546875,121.24608612060547,56.90745162963867,20.3700008392334
2024-08-12,2199.0,80.05999755859375,38.97681427001953,103.13999938964844,2462.39990234375,4.054999828338623,138.55792236328125,35.8598518371582,18.62712860107422,522.2797241210938,232.71200561523438,145.17141723632812,42.61931610107422,120.63146209716797,56.89754104614258,20.709999084472656
2024-08-13,2211.0,78.3499984741211,39.01516342163086,102.55999755859375,2466.699951171875,4.035999774932861,139.38841247558594,36.0402946472168,18.90853500366211,530.868896484375,235.23146057128906,145.98342895507812,43.0446891784668,121.89972686767578,57.54206848144531,18.1200008392334
2024-08-14,2211.0,76.9800033569336,38.861785888671875,102.56999969482422,2439.39990234375,4.025000095367432,139.77398681640625,35.54645919799805,18.86903953552246,532.5436401367188,235.89810180664062,146.85482788085938,43.0446891784668,122.39727020263672,56.530643463134766,16.190000534057617
2024-08-15,2237.0,78.16000366210938,40.29969024658203,102.9800033569336,2453.10009765625,4.138999938964844,141.72161865234375,36.16374969482422,19.28374481201172,541.6716918945312,239.75082397460938,149.06312561035156,43.72624588012695,124.0460205078125,57.67097854614258,15.229999542236328
2024-08-16,2235.5,76.6500015258789,40.54892349243164,102.45999908447266,2498.60009765625,4.127500057220459,142.24557495117188,36.44865417480469,19.354835510253906,542.8861083984375,239.39788818359375,150.29103088378906,43.77942657470703,123.87041473388672,58.05769729614258,14.800000190734863
2024-08-19,2308.75,74.37000274658203,41.24870300292969,101.88999938964844,2501.800048828125,4.166500091552734,142.84864807128906,36.885501861572266,19.566137313842773,548.0768432617188,241.0448760986328,150.60789489746094,43.987274169921875,124.6216049194336,58.60306930541992,14.649999618530273
2024-08-20,2357.0,74.04000091552734,40.86526870727539,101.44000244140625,2511.300048828125,4.149499893188477,141.71170043945312,36.629093170166016,19.47628402709961,547.1856079101562,239.92727661132812,149.63746643066406,43.827762603759766,124.2801513671875,58.09736251831055,15.880000114440918
2024-08-21,2346.75,71.93000030517578,41.699249267578125,101.04000091552734,2508.39990234375,4.18149995803833,142.2554473876953,37.33185577392578,19.915674209594727,549.0660400390625,241.6722869873047,150.54852294921875,44.330467224121094,125.03136444091797,59.079044342041016,16.270000457763672
2024-08-22,2350.25,73.01000213623047,40.83650588989258,101.51000213623047,2478.89990234375,4.140999794006348,142.3147735595703,36.73355484008789,19.737943649291992,544.7567138671875,241.28994750976562,150.67723083496094,44.23862838745117,124.8752670288086,57.93870544433594,17.549999237060547
2024-08-23,2419.5,74.83000183105469,42.14979553222656,100.72000122070312,2508.39990234375,4.194499969482422,143.16500854492188,37.44581604003906,20.06378173828125,550.544921875,244.58387756347656,152.23193359375,44.82352066040039,126.1240234375,59.29718780517578,15.859999656677246
2024-08-26,2412.5,77.41999816894531,42.341514587402344,100.8499984741211,2517.699951171875,4.21150016784668,142.75967407226562,37.63574981689453,20.04403305053711,549.2325439453125,244.4368133544922,151.32090759277344,45.021697998046875,125.98744201660156,59.46575927734375,16.149999618530273
2024-08-27,2418.25,75.52999877929688,42.49489212036133,100.55000305175781,2516.0,4.230500221252441,143.10569763183594,37.75920486450195,19.925548553466797,549.9866333007812,243.74078369140625,151.18228149414062,45.02653121948242,126.06549072265625,59.713661193847656,15.430000305175781
2024-08-28,2363.0,74.5199966430664,41.01864242553711,101.08999633789062,2501.0,4.144999980926514,143.6494598388672,36.95198059082031,19.619457244873047,546.7938842773438,243.3976593017578,151.81600952148438,44.83318328857422,126.00695037841797,58.59315490722656,17.110000610351562
2024-08-29,2344.75,75.91000366210938,40.999473571777344,101.33999633789062,2525.699951171875,4.147500038146973,145.09286499023438,37.122920989990234,19.737943649291992,546.8427734375,245.0152130126953,153.43014526367188,45.07970428466797,126.89473724365234,59.317020416259766,15.649999618530273
2024-08-30,2342.5,73.55000305175781,41.545875549316406,101.69999694824219,2493.800048828125,4.144999980926514,146.03207397460938,37.18939971923828,19.75571632385254,552.0629272460938,247.81893920898438,153.9945831298828,45.57274627685547,128.2508087158203,59.33685302734375,15.0
2024-09-03,2294.5,70.33999633789062,38.42082977294922,101.83000183105469,2489.89990234375,4.0320000648498535,141.03944396972656,35.385013580322266,19.15538215637207,540.7020874023438,241.40756225585938,149.3800048828125,44.538326263427734,125.41184997558594,55.747291564941406,20.719999313354492
2024-09-04,2293.0,69.19999694824219,38.392066955566406,101.36000061035156,2493.39990234375,4.019499778747559,141.97865295410156,35.26155471801758,19.106014251708984,539.5953369140625,241.2017059326172,150.53860473632812,44.35464096069336,125.53865814208984,55.30107116699219,21.31999969482422
2024-09-05,2269.5,69.1500015258789,38.181175231933594,101.11000061035156,2511.39990234375,4.077499866485596,140.6341094970703,35.26155471801758,18.86903953552246,538.2828979492188,238.60382080078125,149.06312561035156,44.00660705566406,124.07528686523438,54.9441032409668,19.899999618530273
2024-09-06,2258.0,67.66999816894531,36.9829216003418,101.18000030517578,2493.5,4.014500141143799,138.3800048828125,34.539798736572266,18.67650032043457,529.2234497070312,236.04515075683594,145.9735107421875,43.45072937011719,122.81678771972656,53.74427795410156,22.3799991607666
2024-09-09,2257.5,68.70999908447266,37.519737243652344,101.55000305175781,2501.800048828125,4.084499835968018,141.30636596679688,34.729732513427734,18.829544067382812,535.1488037109375,238.83909606933594,148.66702270507812,43.87125778198242,124.69966888427734,54.07149887084961,19.450000762939453
2024-09-10,2259.5,65.75,37.35677719116211,101.62999725341797,2512.300048828125,4.040500164031982,140.77249145507812,34.46382522583008,18.720930099487305,537.4797973632812,239.39788818359375,147.72628784179688,43.890594482421875,124.91429138183594,53.83351135253906,19.079999923706055
2024-09-11,2300.0,67.30999755859375,38.07573318481445,101.68000030517578,2512.10009765625,4.083000183105469,140.6736297607422,35.07162094116211,19.046770095825195,542.9938354492188,240.2017822265625,148.7066192626953,43.99694061279297,125.13867950439453,54.88459777832031,17.690000534057617
2024-09-12,2334.5,68.97000122070312,39.20688247680664,101.37000274658203,2551.199951171875,4.132999897003174,142.53228759765625,35.72689437866211,19.28374481201172,547.5675659179688,242.49574279785156,150.71685791015625,44.402976989746094,126.10450744628906,56.70913314819336,17.06999969482422
2024-09-13,2380.0,68.6500015258789,39.63825225830078,101.11000061035156,2581.300048828125,4.175000190734863,143.73841857910156,36.30620193481445,19.644142150878906,550.427490234375,245.36813354492188,151.49913024902344,44.80418014526367,127.38253021240234,58.1568603515625,16.559999465942383
2024-09-16,2437.5,70.08999633789062,40.06962585449219,100.76000213623047,2580.39990234375,4.2129998207092285,144.4107208251953,36.638587951660156,19.79718589782715,551.2402954101562,246.92684936523438,151.1228485107422,45.219886779785156,128.0361785888672,58.117191314697266,17.139999389648438
2024-09-17,2430.25,71.19000244140625,40.203826904296875,100.88999938964844,2564.300048828125,4.213500022888184,144.06466674804688,36.57210922241211,19.83668327331543,551.465576171875,248.3483428955078,150.9545135498047,45.30689239501953,128.73858642578125,58.16677474975586,17.610000610351562
2024-09-18,2437.5,70.91000366210938,40.41472244262695,100.5999984741211,2570.699951171875,4.23799991607666,144.15365600585938,36.60060119628906,19.71819496154785,549.8300170898438,248.2405242919922,150.94459533691406,45.11354446411133,128.63128662109375,57.93870544433594,18.229999542236328
2024-09-19,2463.25,71.94999694824219,41.862213134765625,100.61000061035156,2588.0,4.285999774932861,145.60694885253906,37.835182189941406,20.06378173828125,559.21240234375,252.8677215576172,152.01406860351562,45.79509735107422,130.84585571289062,59.902061462402344,16.329999923706055
2024-09-20,2402.25,71.91999816894531,41.6033935546875,100.72000122070312,2619.89990234375,4.281499862670898,146.21002197265625,37.36034393310547,19.8465576171875,558.2457885742188,251.13250732421875,153.57867431640625,45.47124481201172,129.92880249023438,59.872310638427734,16.149999618530273
2024-09-23,2408.0,70.37000274658203,41.88138198852539,100.91999816894531,2626.5,4.289000034332275,147.9203643798828,37.65474319458008,19.747817993164062,559.6408081054688,252.59323120117188,155.46963500976562,45.868408203125,130.80088806152344,60.2855339050293,15.890000343322754
2024-09-24,2484.5,71.55999755859375,44.862640380859375,100.37000274658203,2651.199951171875,4.429500102996826,147.51504516601562,39.44963836669922,19.83668327331543,561.2421264648438,254.16172790527344,154.299560546875,46.494747161865234,131.74049377441406,62.8284797668457,15.390000343322754
2024-09-25,2451.75,69.69000244140625,44.0670051574707,100.91999816894531,2659.199951171875,4.427999973297119,147.27444458007812,39.27869415283203,19.905799865722656,560.0042724609375,252.80886840820312,154.03184509277344,46.18400573730469,131.12388610839844,62.42121505737305,15.40999984741211
2024-09-26,2543.0,67.66999816894531,46.39641189575195,100.55999755859375,2669.89990234375,4.580999851226807,146.3437042236328,40.99760818481445,20.49823570251465,562.2244873046875,254.1225128173828,154.25990295410156,47.1405029296875,131.77964782714844,63.81187438964844,15.369999885559082
2024-09-27,2579.0,68.18000030517578,46.07048416137695,100.41999816894531,2644.300048828125,4.540999889373779,147.0466766357422,41.14006042480469,20.605859756469727,561.4091186523438,254.378173828125,155.46963500976562,47.05796813964844,131.96559143066406,63.77214050292969,16.959999084472656
2024-09-30,2534.25,68.16999816894531,45.31318664550781,100.77999877929688,2636.10009765625,4.495999813079834,148.1655731201172,41.03559494018555,20.61672019958496,563.6588134765625,255.69564819335938,156.01498413085938,46.79576873779297,132.56265258789062,63.295345306396484,16.729999542236328
2024-10-01,2564.75,69.83000183105469,46.099239349365234,101.19000244140625,2667.300048828125,4.5355000495910645,149.8587188720703,41.28251647949219,20.07365608215332,558.609375,255.23350524902344,157.57177734375,46.67924880981445,132.63116455078125,63.41454315185547,19.260000228881836
2024-10-02,2580.5,70.0999984741211,46.55937194824219,101.68000030517578,2647.10009765625,4.5960001945495605,149.86862182617188,41.50094223022461,20.08550453186035,558.8450927734375,255.20404052734375,157.8990020751953,46.49959945678711,132.38644409179688,63.07680892944336,18.899999618530273
2024-10-03,2551.25,73.70999908447266,44.776363372802734,101.98999786376953,2657.10009765625,4.501999855041504,148.88836669921875,40.589256286621094,19.935422897338867,557.8234252929688,253.5129852294922,156.23313903808594,45.98493576049805,131.71115112304688,62.490745544433594,20.489999771118164
2024-10-04,2583.75,74.37999725341797,45.78289794921875,102.5199966430664,2645.800048828125,4.522500038146973,150.30429077148438,41.073585510253906,20.231639862060547,562.892578125,255.45962524414062,158.01797485351562,46.20827865600586,132.63116455078125,63.30528259277344,19.209999084472656
2024-10-07,2590.5,77.13999938964844,45.926692962646484,102.54000091552734,2644.800048828125,4.519000053405762,149.8389129638672,40.98811340332031,19.994665145874023,557.8036499023438,255.2728729248047,157.5023651123047,46.072330474853516,132.30816650390625,63.43441390991211,22.639999389648438
2024-10-08,2496.25,73.56999969482422,43.846519470214844,102.55000305175781,2615.0,4.4120001792907715,149.888427734375,39.54460525512695,19.925548553466797,563.0791625976562,255.41046142578125,157.01651000976562,45.85869216918945,132.60179138183594,62.3020133972168,21.420000076293945
2024-10-09,2463.0,73.23999786376953,43.71231460571289,102.93000030517578,2606.0,4.355000019073486,150.3438720703125,39.34517288208008,19.994665145874023,566.9794311523438,257.49481201171875,157.39329528808594,46.150020599365234,133.7860870361328,62.6695442199707,20.860000610351562
2024-10-10,2520.75,75.8499984741211,44.35457992553711,102.98999786376953,2620.60009765625,4.385000228881836,148.90817260742188,39.668060302734375,19.905799865722656,565.9871215820312,255.94142150878906,155.6778564453125,46.2568359375,133.10096740722656,63.2854118347168,20.93000030517578
2024-10-11,2569.75,75.55999755859375,44.91056823730469,102.88999938964844,2657.60009765625,4.451499938964844,151.3538360595703,40.01944351196289,20.04403305053711,569.3763427734375,260.6803283691406,158.91038513183594,46.557865142822266,135.4793243408203,64.239013671875,20.459999084472656
2024-10-14,2533.75,73.83000183105469,44.22996520996094,103.30000305175781,2647.800048828125,4.363500118255615,152.23507690429688,39.88648986816406,20.161535263061523,574.0328369140625,262.15509033203125,159.60452270507812,46.82490921020508,136.2917022705078,64.19927978515625,19.700000762939453
2024-10-15,2515.5,70.58000183105469,43.376808166503906,103.26000213623047,2661.39990234375,4.30049991607666,151.45285034179688,39.16473388671875,19.95911979675293,569.5728149414062,260.2575378417969,158.92030334472656,46.77634811401367,135.24444580078125,63.7622184753418,20.639999389648438
2024-10-16,2525.25,70.38999938964844,43.97113800048828,103.58999633789062,2674.0,4.331500053405762,153.16578674316406,39.44963836669922,20.162521362304688,572.0485229492188,262.7056884765625,161.8653106689453,47.1405029296875,136.2917022705078,65.0833511352539,19.579999923706055
2024-10-17,2503.75,70.66999816894531,43.13715744018555,103.83000183105469,2691.0,4.286499977111816,153.3737335205078,39.08876037597656,20.231639862060547,572.0975341796875,262.15509033203125,161.52818298339844,47.21333312988281,135.90020751953125,65.26215362548828,19.110000610351562
2024-10-18,2566.25,69.22000122070312,43.91362380981445,103.48999786376953,2713.699951171875,4.3460001945495605,153.33412170410156,39.402156829833984,20.37974739074707,574.2981567382812,262.8039855957031,161.61741638183594,47.40269088745117,136.31129455566406,66.20581817626953,18.030000686645508
2024-10-21,2541.5,70.55999755859375,43.36722183227539,104.01000213623047,2723.10009765625,4.322999954223633,154.0767364501953,38.99378967285156,20.1032772064209,573.3550415039062,261.58489990234375,162.55941772460938,47.038543701171875,135.8316650390625,65.8283462524414,18.3700008392334
2024-10-22,2574.5,72.08999633789062,43.951969146728516,104.08000183105469,2744.199951171875,4.3480000495910645,149.03689575195312,39.022281646728516,20.1032772064209,573.0504760742188,258.61572265625,159.64414978027344,46.60641860961914,134.1873779296875,65.43101501464844,18.200000762939453
2024-10-23,2612.25,70.7699966430664,43.108394622802734,104.43000030517578,2714.39990234375,4.304500102996826,149.49234008789062,38.4809684753418,19.77743911743164,567.8142700195312,257.4554748535156,158.81126403808594,46.48018264770508,133.79586791992188,64.25888061523438,19.239999771118164
2024-10-24,2597.25,70.19000244140625,43.04129409790039,104.05999755859375,2734.89990234375,4.319499969482422,147.91802978515625,38.64240646362305,19.905799865722656,569.0423583984375,256.4821472167969,157.31394958496094,45.912105560302734,132.8758544921875,64.01054382324219,19.079999923706055
2024-10-25,2629.0,71.77999877929688,43.13715744018555,104.26000213623047,2740.89990234375,4.3394999504089355,148.145751953125,38.60442352294922,19.905799865722656,568.8458862304688,255.69564819335938,158.03782653808594,45.620784759521484,132.5234832763672,63.583412170410156,20.329999923706055
2024-10-28,2590.5,67.37999725341797,43.30970001220703,104.31999969482422,2742.89990234375,4.331999778747559,147.23483276367188,39.21221923828125,20.45380210876465,570.6043090820312,256.8754577636719,158.03782653808594,45.9995002746582,132.91500854492188,65.20256042480469,19.799999237060547
2024-10-29,2606.0,67.20999908447266,43.16591262817383,104.27999877929688,2768.39990234375,4.332499980926514,146.0763397216797,39.11724853515625,20.13290023803711,571.52783203125,256.5018310546875,157.70066833496094,45.70332336425781,132.73880004882812,65.23233795166016,19.34000015258789
2024-10-30,2563.0,68.61000061035156,42.64826583862305,103.98999786376953,2788.5,4.327499866485596,145.88821411132812,38.680397033691406,20.040084838867188,569.7987060546875,256.38385009765625,157.11566162109375,45.95094299316406,132.51373291015625,64.1098861694336,20.350000381469727
2024-10-31,2560.5,69.26000213623047,41.88138198852539,103.9800033569336,2738.300048828125,4.313499927520752,143.00689697265625,38.120086669921875,19.668827056884766,558.6289672851562,253.1786651611328,152.50479125976562,45.34402847290039,130.9868621826172,63.16621398925781,23.15999984741211
2024-11-01,2546.25,69.48999786376953,42.39903259277344,104.27999877929688,2738.60009765625,4.347499847412109,143.1157989501953,38.54744338989258,20.350128173828125,560.9866333007812,254.0438690185547,153.67486572265625,45.2177848815918,131.1630096435547,63.43441390991211,21.8799991607666
2024-11-04,2560.75,71.47000122070312,42.66743850708008,103.88999938964844,2736.10009765625,4.4070000648498535,143.33364868164062,38.64240646362305,20.244476318359375,559.7783203125,254.02420043945312,153.97235107421875,45.416866302490234,131.01620483398438,63.116546630859375,21.979999542236328
2024-11-05,2616.75,71.98999786376953,43.760250091552734,103.41999816894531,2740.300048828125,4.450500011444092,145.04660034179688,39.1837272644043,20.6364688873291,566.547119140625,258.4878234863281,155.96539306640625,45.484832763671875,133.20864868164062,64.239013671875,20.489999771118164
2024-11-06,2548.75,71.69000244140625,42.034759521484375,105.08999633789062,2667.60009765625,4.222499847412109,149.67059326171875,39.39265441894531,21.214092254638672,580.6346435546875,269.1848449707031,161.9942169189453,46.111175537109375,138.42538452148438,69.42422485351562,16.270000457763672
2024-11-07,2654.5,72.36000061035156,44.53671646118164,104.51000213623047,2698.39990234375,4.409999847412109,148.77944946289062,40.589256286621094,21.377012252807617,585.1242065429688,268.0541687011719,161.488525390625,46.29081726074219,137.59344482421875,69.2056884765625,15.199999809265137
2024-11-08,2561.75,70.37999725341797,42.293582916259766,105.0,2687.5,4.286499977111816,154.28466796875,38.91781997680664,21.29604721069336,587.65869140625,270.65960693359375,167.0810089111328,45.868408203125,139.0713653564453,68.808349609375,14.9399995803833
2024-11-11,2502.5,68.04000091552734,41.49794387817383,105.54000091552734,2611.199951171875,4.210999965667725,155.7599639892578,38.12958526611328,21.737409591674805,588.2186889648438,273.02911376953125,169.56985473632812,45.66933822631836,140.14801025390625,68.15276336669922,14.970000267028809
2024-11-12,2471.0,68.12000274658203,40.194244384765625,106.0199966430664,2600.0,4.119500160217285,153.9678192138672,37.14192199707031,21.285184860229492,586.3914184570312,270.1778564453125,167.74537658691406,44.89248275756836,138.9441375732422,66.43428039550781,14.710000038146973
2024-11-13,2452.25,68.43000030517578,39.178123474121094,106.4800033569336,2580.800048828125,4.065999984741211,154.53221130371094,36.57210922241211,21.3276424407959,586.67626953125,270.6104431152344,169.8970947265625,44.99930191040039,139.2377471923828,65.39127349853516,14.020000457763672
2024-11-14,2428.5,68.69999694824219,39.66701126098633,106.66999816894531,2568.199951171875,4.072999954223633,149.6804962158203,36.515132904052734,21.080795288085938,582.9038696289062,265.9403381347656,164.1062774658203,44.63029479980469,136.8887481689453,64.66615295410156,14.3100004196167
2024-11-15,2566.75,67.0199966430664,39.39860153198242,106.69000244140625,2565.699951171875,4.051000118255615,148.6111297607422,36.42015838623047,20.815185546875,575.437744140625,264.0821533203125,163.3625946044922,44.31955337524414,136.15467834472656,64.61649322509766,16.139999389648438
2024-11-18,2535.5,69.16000366210938,40.43389129638672,106.27999877929688,2610.60009765625,4.107999801635742,148.82896423339844,37.18939971923828,20.819135665893555,577.7955322265625,264.25909423828125,163.650146484375,44.66427993774414,135.96871948242188,65.95748901367188,15.579999923706055
2024-11-19,2575.25,69.38999938964844,41.124088287353516,106.20999908447266,2627.10009765625,4.130000114440918,149.49234008789062,37.217891693115234,20.75495719909668,579.9076538085938,264.5049133300781,165.60354614257812,44.51862335205078,135.85128784179688,66.54354095458984,16.350000381469727
2024-11-20,2573.25,68.87000274658203,40.769405364990234,106.68000030517578,2648.199951171875,4.143499851226807,150.16566467285156,37.312862396240234,21.01167869567871,580.1041259765625,265.00634765625,166.36708068847656,44.882774353027344,135.99807739257812,66.66275024414062,17.15999984741211
2024-11-21,2570.5,70.0999984741211,41.01864242553711,106.97000122070312,2672.10009765625,4.11299991607666,151.41322326660156,37.312862396240234,21.28814697265625,583.2183227539062,268.7227478027344,168.73695373535156,45.43143081665039,137.70114135742188,68.02362060546875,16.8700008392334
2024-11-22,2556.0,71.23999786376953,40.82691955566406,107.48999786376953,2709.89990234375,4.073999881744385,152.98757934570312,37.32235336303711,21.500436782836914,585.0259399414062,272.085205078125,171.10684204101562,45.68389892578125,139.61949157714844,68.19249725341797,15.239999771118164
2024-11-25,2580.75,68.94000244140625,40.71188735961914,106.81999969482422,2616.800048828125,4.0914998054504395,151.3736572265625,37.44581604003906,21.85589599609375,587.0103149414062,274.5038757324219,171.0374298095703,46.154869079589844,140.49058532714844,68.43089294433594,14.600000381469727
2024-11-26,2555.25,68.7699966430664,40.12714385986328,107.01000213623047,2620.300048828125,4.039000034332275,153.16578674316406,36.885501861572266,21.54486846923828,590.075439453125,274.4350280761719,172.97097778320312,45.81014633178711,140.65696716308594,67.824951171875,14.100000381469727
2024-11-27,2556.5,68.72000122070312,40.43389129638672,106.08000183105469,2639.89990234375,4.066999912261963,152.343994140625,37.217891693115234,21.367137908935547,588.2874755859375,273.3830261230469,172.30661010742188,45.785865783691406,140.1382293701172,67.97395324707031,14.100000381469727
2024-11-29,2562.0,68.0,40.86526870727539,105.73999786376953,2657.0,4.08050012588501,154.03712463378906,37.711727142333984,21.386886596679688,591.9419555664062,274.9954528808594,175.03347778320312,46.018924713134766,140.93101501464844,68.29183197021484,13.510000228881836
2024-12-02,2559.0,68.0999984741211,40.5872688293457,106.44999694824219,2634.89990234375,4.075500011444092,151.85879516601562,37.626251220703125,21.413545608520508,593.0028686523438,272.81280517578125,171.6422576904297,45.98979187011719,139.89352416992188,67.80508422851562,13.34000015258789
2024-12-03,2590.5,69.94000244140625,40.97071075439453,106.37000274658203,2644.699951171875,4.145999908447266,151.8984375,37.90166091918945,21.34245491027832,593.278076171875,271.1708984375,170.64077758789062,45.8441276550293,139.0126495361328,68.00375366210938,13.300000190734863
2024-12-04,2625.25,68.54000091552734,40.74064636230469,106.33999633789062,2653.800048828125,4.142000198364258,153.71038818359375,37.48380661010742,21.495498657226562,596.9619140625,272.4686279296875,173.1891326904297,45.39744186401367,139.61949157714844,67.02035522460938,13.449999809265137
2024-12-05,2614.25,68.30000305175781,40.98029708862305,105.70999908447266,2626.60009765625,4.135000228881836,151.27462768554688,37.4078254699707,21.258527755737305,595.9796142578125,269.3421936035156,171.02749633789062,44.800235748291016,137.92623901367188,66.67269897460938,13.539999961853027
2024-12-06,2549.0,67.19999694824219,40.24217224121094,105.97000122070312,2638.60009765625,4.138500213623047,150.61123657226562,36.885501861572266,21.612998962402344,597.1093139648438,268.5064392089844,170.3135528564453,44.62543869018555,137.57386779785156,65.00389099121094,12.770000457763672
2024-12-09,2524.5,68.37000274658203,41.75676727294922,106.1500015258789,2664.89990234375,4.223499774932861,147.82891845703125,37.835182189941406,21.999069213867188,594.0344848632812,266.2057800292969,166.9124755859375,44.615726470947266,136.3798065185547,65.52041625976562,14.1899995803833
2024-12-10,2518.25,68.58999633789062,41.373321533203125,106.4000015258789,2697.60009765625,4.223499774932861,148.30418395996094,37.64524841308594,21.88058090209961,592.1875610351562,265.1341247558594,167.0611572265625,44.15932846069336,136.04701232910156,64.62641143798828,14.180000305175781
2024-12-11,2535.0,70.29000091552734,41.40208053588867,106.70999908447266,2733.800048828125,4.214000225067139,147.81900024414062,37.5502815246582,22.068187713623047,596.7655639648438,265.1734924316406,167.2198486328125,44.00395202636719,135.73379516601562,64.64627838134766,13.579999923706055
2024-12-12,2535.5,70.0199966430664,40.117549896240234,106.95999908447266,2687.5,4.195000171661377,146.0862579345703,36.75254821777344,22.334781646728516,593.690673828125,263.1087646484375,165.21682739257812,43.69807052612305,134.8627166748047,63.14634323120117,13.920000076293945
2024-12-13,2521.25,71.29000091552734,39.24522399902344,107.0,2656.0,4.14900016784668,146.90806579589844,36.08777618408203,21.96944808959961,593.5726928710938,262.2239074707031,166.89260864257812,43.32421112060547,134.5103302001953,61.616607666015625,13.8100004196167
2024-12-16,2488.75,70.70999908447266,38.564613342285156,106.86000061035156,2651.39990234375,4.143499851226807,148.145751953125,35.64142608642578,22.097806930541992,596.1072998046875,262.29278564453125,169.97640991210938,42.940635681152344,134.62783813476562,60.74247360229492,14.6899995803833
2024-12-17,2464.0,70.08000183105469,38.114070892333984,106.95999908447266,2644.39990234375,4.0914998054504395,146.8319549560547,35.36515426635742,22.008943557739258,593.6513671875,259.3628845214844,168.25108337402344,42.70272445678711,133.39456176757812,59.62993621826172,15.869999885559082
2024-12-18,2467.0,70.58000183105469,36.62823486328125,108.02999877929688,2636.5,4.099999904632568,142.0355224609375,34.00309753417969,21.38096046447754,575.9584350585938,251.64317321777344,160.98281860351562,41.488887786865234,129.6263885498047,57.365135192871094,27.6200008392334
2024-12-19,2448.25,69.91000366210938,36.71451187133789,108.41000366210938,2592.199951171875,4.020500183105469,143.306640625,33.80023956298828,21.169660568237305,575.7816162109375,251.14976501464844,161.8355712890625,41.042198181152344,129.45999145507812,56.69960021972656,24.09000015258789
2024-12-20,2481.0,69.45999908447266,37.299259185791016,107.62000274658203,2628.699951171875,4.040999889373779,145.3026885986328,34.09003448486328,21.34739112854004,582.697265625,253.62661743164062,164.9491424560547,41.55200958251953,130.97708129882812,56.44133377075195,18.360000610351562
2024-12-23,2477.25,69.23999786376953,37.68270492553711,108.04000091552734,2612.300048828125,4.0229997634887695,145.49131774902344,34.16731262207031,21.130163192749023,586.1866455078125,253.50819396972656,164.89935302734375,41.519798278808594,130.9475555419922,56.784420013427734,16.780000686645508
2024-12-24,2532.0,70.0999984741211,37.69228744506836,108.26000213623047,2620.0,4.049499988555908,146.8319549560547,34.22527313232422,21.465877532958984,592.7021484375,255.51138305664062,167.94403076171875,41.74430465698242,131.9705810546875,56.953487396240234,14.270000457763672
2024-12-26,2507.0,69.62000274658203,37.82648849487305,108.12999725341797,2638.800048828125,4.072000026702881,147.41786193847656,34.34119415283203,21.54486846923828,592.7415771484375,255.87652587890625,169.69522094726562,41.68085861206055,132.06893920898438,57.072818756103516,14.729999542236328
2024-12-27,2530.0,70.5999984741211,37.606014251708984,108.0,2617.199951171875,4.0625,146.59361267089844,34.06105422973633,21.303749084472656,586.5020751953125,253.93252563476562,168.1629180908203,41.45634841918945,131.08526611328125,56.37668991088867,15.949999809265137
2024-12-30,2545.25,70.98999786376953,37.09099197387695,108.12999725341797,2606.10009765625,4.045499801635742,144.69691467285156,33.67465591430664,20.97630500793457,579.80908203125,251.46556091308594,165.65557861328125,40.89995574951172,129.7671356201172,55.95901107788086,17.399999618530273
2024-12-31,2521.75,71.72000122070312,37.100711822509766,108.48999786376953,2629.199951171875,3.9860000610351562,144.3394317626953,33.80023956298828,20.936614990234375,577.69970703125,251.03135681152344,164.9889373779297,41.065895080566406,129.6097412109375,56.43635559082031,17.350000381469727
2025-01-02,2498.25,73.12999725341797,37.43110275268555,109.38999938964844,2658.89990234375,3.9885001182556152,143.85281372070312,33.954795837402344,20.867156982421875,576.2803955078125,250.47874450683594,164.5411834716797,40.61198806762695,129.15725708007812,57.311492919921875,17.93000030517578
2025-01-03,2458.0,73.95999908447266,37.85866165161133,108.94999694824219,2645.0,4.0395002365112305,145.1835174560547,33.91615676879883,21.234291076660156,583.48583984375,253.50819396972656,168.66041564941406,40.60223388671875,130.5540771484375,57.0628776550293,16.1299991607666
2025-01-06,2469.25,73.55999755859375,38.44170379638672,108.26000213623047,2638.39990234375,4.126999855041504,143.96205139160156,34.20595169067383,21.502201080322266,586.8471069335938,253.69570922851562,167.62564086914062,40.87554931640625,130.268798828125,57.90817642211914,16.040000915527344
2025-01-07,2491.75,74.25,38.07244110107422,108.54000091552734,2656.699951171875,4.1605000495910645,143.8329620361328,33.92581558227539,21.17475700378418,580.2133178710938,252.66941833496094,166.48138427734375,40.85114669799805,130.1409454345703,57.749061584472656,17.81999969482422
2025-01-08,2467.0,73.31999969482422,38.32509231567383,109.08999633789062,2664.5,4.227499961853027,144.98487854003906,34.00309753417969,20.9465389251709,581.0609130859375,253.52798461914062,167.2773895263672,41.07565689086914,130.6524658203125,57.43083190917969,17.700000762939453
2025-01-09,2507.5,73.91999816894531,38.32509231567383,109.18000030517578,2683.800048828125,4.2795000076293945,144.98487854003906,34.00309753417969,20.9465389251709,581.0609130859375,253.52798461914062,167.2773895263672,41.07565689086914,130.6524658203125,57.43083190917969,17.700000762939453
2025-01-10,2549.25,76.56999969482422,38.06272506713867,109.6500015258789,2708.5,4.274499893188477,144.07130432128906,33.74227523803711,20.579402923583984,572.1895751953125,250.646484375,165.1680145263672,40.65591812133789,129.186767578125,56.81425857543945,19.540000915527344
2025-01-13,2568.5,78.81999969482422,37.965553283691406,109.95999908447266,2673.5,4.295499801635742,145.11399841308594,33.97411346435547,20.26188087463379,573.0768432617188,253.3404541015625,165.2675323486328,41.563720703125,130.70164489746094,58.1269645690918,19.190000534057617
2025-01-14,2571.75,77.5,38.1599006652832,109.2699966430664,2677.5,4.310500144958496,147.05043029785156,34.283233642578125,20.538719177246094,573.8653564453125,256.60675048828125,167.58583068847656,42.0810661315918,132.24600219726562,58.524749755859375,18.709999084472656
2025-01-15,2608.25,80.04000091552734,38.5971794128418,109.08999633789062,2712.5,4.359499931335449,147.85479736328125,34.67929458618164,20.887001037597656,584.303955078125,258.73828125,169.6454620361328,42.48128890991211,133.08212280273438,59.459556579589844,16.1200008392334
2025-01-16,2655.5,78.68000030517578,38.50972366333008,108.95999908447266,2746.39990234375,4.4105000495910645,149.3046417236328,34.64065170288086,21.097360610961914,583.1803588867188,261.5703430175781,170.88919067382812,42.83269500732422,134.6953582763672,59.46950149536133,16.600000381469727
2025-01-17,2686.75,77.87999725341797,38.704071044921875,109.3499984741211,2744.300048828125,4.337500095367432,150.56581115722656,35.07535171508789,21.115222930908203,589.0353393554688,262.9715881347656,171.78468322753906,43.11088943481445,135.5019989013672,59.99657440185547,15.970000267028809
2025-01-21,2663.5,75.88999938964844,39.19965362548828,108.05999755859375,2755.0,4.310999870300293,155.41188049316406,35.471412658691406,21.53196907043457,594.4270629882812,268.8529357910156,179.85401916503906,43.66240692138672,138.2858123779297,60.871707916259766,15.0600004196167
2025-01-22,2638.5,75.44000244140625,38.101593017578125,108.16999816894531,2767.60009765625,4.271500110626221,154.498291015625,34.84351348876953,21.571659088134766,597.7686157226562,268.1917419433594,178.19241333007812,43.31099319458008,137.96119689941406,60.0860710144043,15.100000381469727
2025-01-23,2634.5,74.62000274658203,38.33481216430664,108.05000305175781,2763.10009765625,4.299499988555908,157.39797973632812,34.911128997802734,21.651039123535156,601.0313110351562,270.37255859375,179.86399841308594,43.55015563964844,139.3580322265625,60.47391891479492,15.020000457763672
2025-01-24,2657.75,74.66000366210938,38.81095886230469,107.44000244140625,2777.300048828125,4.289999961853027,155.63035583496094,35.104331970214844,22.00825309753418,599.2766723632812,268.7542419433594,178.04315185546875,43.437896728515625,138.767822265625,60.35457992553711,14.850000381469727
2025-01-27,2602.75,73.16999816894531,37.99470520019531,107.33999633789062,2737.5,4.203499794006348,153.9421844482422,34.602012634277344,21.909027099609375,590.7997436523438,264.17547607421875,174.0233917236328,43.46229934692383,136.90866088867188,58.355690002441406,17.899999618530273
2025-01-28,2563.0,73.7699966430664,36.91608428955078,107.87000274658203,2766.800048828125,4.2204999923706055,153.852783203125,34.14799499511719,22.15709114074707,595.8760986328125,262.4485778808594,173.3070068359375,43.32075881958008,136.00367736816406,58.56453323364258,16.40999984741211
2025-01-29,2612.25,72.62000274658203,37.45053482055664,108.0,2769.10009765625,4.257500171661377,152.88954162597656,34.31221389770508,21.918949127197266,593.2047729492188,261.86639404296875,171.76480102539062,43.24266815185547,135.5413360595703,59.39988708496094,16.559999465942383
2025-01-30,2618.75,72.7300033569336,37.984989166259766,107.80000305175781,2823.0,4.288000106811523,156.12689208984375,34.79521179199219,22.137245178222656,596.3886108398438,265.0635986328125,174.5607147216797,43.652645111083984,137.05621337890625,59.747955322265625,15.84000015258789
2025-01-31,2586.0,72.52999877929688,37.100711822509766,108.37000274658203,2812.5,4.26200008392334,155.4913330078125,34.263916015625,21.85941505432129,593.2147216796875,262.9419860839844,174.58059692382812,43.33540344238281,136.09222412109375,58.972259521484375,16.43000030517578
2025-02-03,2617.0,73.16000366210938,36.954952239990234,108.98999786376953,2833.89990234375,4.294000148773193,155.69985961914062,34.012752532958984,21.87925910949707,589.2225341796875,260.5638122558594,173.99356079101562,43.37932586669922,134.7445526123047,58.504859924316406,18.6200008392334
2025-02-04,2631.0,72.69999694824219,38.140464782714844,107.95999908447266,2853.300048828125,4.34250020980835,154.74655151367188,34.77589416503906,22.752445220947266,593.1752319335938,260.435546875,173.87416076660156,43.5062255859375,134.78390502929688,60.09602355957031,17.209999084472656
2025-02-05,2601.5,71.02999877929688,38.500003814697266,107.58000183105469,2871.60009765625,4.434500217437744,156.2261962890625,34.98841094970703,23.018369674682617,595.580322265625,261.2150573730469,174.9387969970703,43.47206115722656,134.88226318359375,60.64297866821289,15.770000457763672
2025-02-06,2620.75,70.61000061035156,39.30654525756836,107.69000244140625,2856.0,4.453499794006348,155.93820190429688,35.45209503173828,23.06996726989746,597.6503295898438,262.2709655761719,172.50108337402344,43.62335968017578,135.49217224121094,60.30485916137695,15.5
2025-02-07,2623.75,71.0,40.006187438964844,108.04000091552734,2867.300048828125,4.581500053405762,155.3622283935547,35.500389099121094,22.45476722717285,592.1797485351562,261.43218994140625,172.28216552734375,43.091373443603516,135.08885192871094,59.91701889038086,16.540000915527344
2025-02-10,2636.25,72.31999969482422,40.589229583740234,108.31999969482422,2914.300048828125,4.700500011444092,156.08714294433594,35.89645004272461,22.630395889282227,596.2012939453125,263.75115966796875,174.89898681640625,43.31099319458008,136.2987823486328,62.19436264038086,15.8100004196167
2025-02-11,2620.75,73.31999969482422,39.34541320800781,107.95999908447266,2912.5,4.5945000648498535,156.38507080078125,35.26854705810547,22.43492317199707,596.65478515625,263.336669921875,173.00852966308594,43.56479263305664,136.3479766845703,61.72695541381836,16.020000457763672
2025-02-12,2587.5,71.37000274658203,39.704952239990234,107.94000244140625,2909.0,4.697999954223633,155.322509765625,35.40379333496094,22.464689254760742,594.732666015625,261.0177307128906,170.63050842285156,43.25243377685547,135.5019989013672,61.25955581665039,15.890000343322754
2025-02-13,2571.75,71.29000091552734,40.890464782714844,107.30999755859375,2925.89990234375,4.769000053405762,153.97195434570312,36.26353073120117,22.891361236572266,601.0115356445312,260.8697204589844,169.17779541015625,44.00405502319336,135.6397247314453,62.24408721923828,15.100000381469727
2025-02-14,2612.25,70.73999786376953,40.4920539855957,106.56999969482422,2883.60009765625,4.656499862670898,152.48239135742188,36.108970642089844,22.866554260253906,600.9820556640625,260.62298583984375,167.9241485595703,43.85274887084961,135.3052520751953,60.65292739868164,14.770000457763672
2025-02-18,2638.25,71.8499984741211,40.20053482055664,107.05000305175781,2931.60009765625,4.585000038146973,153.6641387939453,36.42774963378906,22.9062442779541,602.7463989257812,262.46832275390625,169.3668670654297,44.409149169921875,136.36764526367188,61.547950744628906,15.350000381469727
2025-02-19,2652.5,72.25,38.99559020996094,107.16999816894531,2919.39990234375,4.557000160217285,153.29669189453125,35.74188995361328,22.970741271972656,604.1658325195312,262.2216796875,168.08334350585938,43.88691711425781,136.50534057617188,60.69270324707031,15.270000457763672
2025-02-20,2692.25,72.56999969482422,39.957603454589844,106.33999633789062,2940.0,4.607999801635742,151.85675048828125,36.4180908203125,22.30592918395996,601.6522827148438,260.2874755859375,166.7500457763672,43.784420013427734,135.61019897460938,60.90154266357422,15.65999984741211
2025-02-21,2694.0,70.4000015258789,38.1599006652832,106.61000061035156,2937.60009765625,4.559999942779541,148.3115997314453,35.596988677978516,21.741334915161133,591.361572265625,253.84371948242188,161.87460327148438,42.98399353027344,132.63946533203125,58.32585906982422,18.209999084472656
2025-02-24,2620.25,70.69999694824219,38.07244110107422,106.5999984741211,2947.89990234375,4.517000198364258,148.5499267578125,35.374813079833984,21.54189109802246,588.670654296875,252.62010192871094,160.81993103027344,42.93518829345703,132.0394287109375,58.43524932861328,18.979999542236328
2025-02-25,2585.5,68.93000030517578,38.023860931396484,106.30999755859375,2904.5,4.486000061035156,149.4039306640625,35.200931549072266,21.353363037109375,585.7431030273438,253.9522705078125,160.96917724609375,43.26707458496094,132.71817016601562,57.83856964111328,19.43000030517578
2025-02-26,2597.25,68.62000274658203,38.286224365234375,106.41999816894531,2916.800048828125,4.541999816894531,150.08914184570312,35.23957061767578,21.33351707458496,586.0386962890625,254.74166870117188,162.68055725097656,43.2475471496582,132.796875,57.918128967285156,19.100000381469727
2025-02-27,2596.25,70.3499984741211,37.59629440307617,107.23999786376953,2883.199951171875,4.579999923706055,151.2410888671875,34.77589416503906,21.02591896057129,576.6843872070312,253.03456115722656,162.54122924804688,42.954715728759766,132.33453369140625,57.2717170715332,21.1299991607666
2025-02-28,2561.5,69.76000213623047,37.139583587646484,107.61000061035156,2836.800048828125,4.514500141143799,153.71376037597656,34.66963577270508,20.880056381225586,585.6840209960938,256.10345458984375,165.4267120361328,43.32075881958008,134.10516357421875,57.77889633178711,19.6299991607666
2025-03-03,2567.75,68.37000274658203,36.68286895751953,106.75,2890.199951171875,4.576499938964844,151.98587036132812,34.50541687011719,20.589324951171875,575.4227905273438,251.37673950195312,161.81491088867188,42.452003479003906,132.19683837890625,55.89934539794922,22.780000686645508
2025-03-04,2575.75,68.26000213623047,36.653717041015625,105.73999786376953,2909.60009765625,4.527500152587891,148.3115997314453,34.39915466308594,20.4603328704834,568.611572265625,247.11375427246094,159.25778198242188,41.87608337402344,129.61959838867188,55.24299240112305,23.510000228881836
2025-03-05,2610.0,66.30999755859375,39.44258499145508,105.73999786376953,2915.300048828125,4.766499996185303,151.45956420898438,35.99304962158203,21.039810180664062,574.722900390625,250.8142547607422,163.7750244140625,42.9693489074707,131.6656494140625,56.98331832885742,21.93000030517578
2025-03-06,2656.75,66.36000061035156,38.985870361328125,104.05999755859375,2916.60009765625,4.7789998054504395,148.39105224609375,35.9254264831543,20.668704986572266,564.5209350585938,248.1795196533203,159.87466430664062,42.74484634399414,130.53440856933594,56.07834243774414,24.8700008392334
2025-03-07,2661.5,67.04000091552734,38.8206787109375,103.83999633789062,2904.699951171875,4.683000087738037,148.69888305664062,36.11862564086914,20.738162994384766,567.6849365234375,250.86358642578125,160.16322326660156,42.861976623535156,132.05911254882812,55.70044708251953,23.3700008392334
2025-03-10,2651.0,66.02999877929688,37.518558502197266,103.91000366210938,2891.0,4.639500141143799,147.09014892578125,34.94011306762695,20.320423126220703,552.564453125,246.3440704345703,156.91957092285156,41.968814849853516,129.99337768554688,53.51260757446289,27.860000610351562
2025-03-11,2649.0,66.25,38.2084846496582,103.44000244140625,2912.89990234375,4.739999771118164,147.2987060546875,35.500389099121094,20.162654876708984,547.970947265625,243.38368225097656,157.43695068359375,41.646697998046875,127.99652099609375,55.203208923339844,26.920000076293945
2025-03-12,2648.75,67.68000030517578,38.46113967895508,103.61000061035156,2939.10009765625,4.821000099182129,148.29173278808594,35.30718994140625,20.207305908203125,550.8788452148438,243.14683532714844,158.28269958496094,41.45146942138672,127.98667907714844,55.431941986083984,24.229999542236328
2025-03-13,2645.25,66.55000305175781,39.053890228271484,103.83000183105469,2984.300048828125,4.898499965667725,147.89451599121094,35.4134521484375,19.82628059387207,543.5353393554688,240.49237060546875,157.86480712890625,41.422183990478516,126.67839050292969,55.70044708251953,24.65999984741211
2025-03-14,2624.5,67.18000030517578,40.15195083618164,103.72000122070312,2994.5,4.869500160217285,150.18846130371094,36.4180908203125,20.428579330444336,554.762451171875,245.3276824951172,160.97911071777344,41.96393585205078,128.99005126953125,57.38111114501953,21.770000457763672
2025-03-17,2633.25,67.58000183105469,40.97792053222656,103.37000274658203,3000.0,4.933499813079834,152.36322021484375,36.72720718383789,20.823497772216797,559.0404052734375,248.57421875,163.27755737304688,42.49104309082031,130.77049255371094,57.79878616333008,20.510000228881836
2025-03-18,2596.75,66.9000015258789,41.44435501098633,103.23999786376953,3035.10009765625,4.993000030517578,151.91859436035156,36.910743713378906,20.561542510986328,552.998046875,246.4427490234375,162.17311096191406,42.41783905029297,129.727783203125,58.02751159667969,21.700000762939453
2025-03-19,2604.0,67.16000366210938,41.92049789428711,103.43000030517578,3035.89990234375,5.076000213623047,155.54922485351562,37.04598617553711,20.741140365600586,559.0206909179688,249.90640258789062,165.87448120117188,42.55937194824219,131.44924926757812,58.38552474975586,19.899999618530273
2025-03-20,2597.5,68.26000213623047,41.40548324584961,103.8499984741211,3040.0,5.085000038146973,154.3058624267578,36.649925231933594,20.578411102294922,557.4041748046875,248.62356567382812,164.08349609375,42.29094314575195,130.7901611328125,57.98773956298828,19.799999237060547
2025-03-21,2553.5,68.27999877929688,40.56007766723633,104.08999633789062,3018.199951171875,5.087500095367432,153.91793823242188,36.03168869018555,20.37598991394043,557.5880126953125,246.8966522216797,163.57601928710938,41.8712043762207,130.0917510986328,57.082767486572266,19.280000686645508
2025-03-24,2538.5,69.11000061035156,41.288875579833984,104.26000213623047,3013.10009765625,5.064000129699707,157.2799835205078,36.4180908203125,20.54963493347168,567.5736083984375,252.23526000976562,168.2977294921875,42.438594818115234,132.5042266845703,58.236751556396484,17.479999542236328
2025-03-25,2526.75,69.0,42.09541320800781,104.18000030517578,3023.699951171875,5.183000087738037,158.6526336669922,36.775508880615234,20.37598991394043,568.9379272460938,252.4232940673828,169.56283569335938,42.42877960205078,132.7015838623047,58.65492630004883,17.149999618530273
2025-03-26,2533.5,69.6500015258789,40.890464782714844,104.55000305175781,3020.89990234375,5.216000080108643,156.29522705078125,36.32148742675781,20.09815788269043,562.1458740234375,250.19630432128906,166.07632446289062,42.50724411010742,131.82342529296875,58.07744216918945,18.329999923706055
2025-03-27,2479.0,69.91999816894531,40.064491271972656,104.06999969482422,3060.199951171875,5.097499847412109,155.5392608642578,36.079986572265625,19.934436798095703,560.6530151367188,249.0481414794922,164.52235412597656,42.487632751464844,131.1228485107422,58.14713668823242,18.690000534057617
2025-03-28,2459.5,69.36000061035156,38.87897872924805,104.04000091552734,3086.5,5.112500190734863,152.41595458984375,35.17195129394531,19.398616790771484,549.3623657226562,243.6736602783203,161.26498413085938,41.70790481567383,128.41928100585938,56.37484359741211,21.649999618530273
2025-03-31,2432.25,71.4800033569336,37.965553283691406,104.20999908447266,3122.800048828125,5.019999980926514,152.28663635253906,34.65997314453125,19.16047477722168,553.0501098632812,245.01976013183594,160.0696258544922,42.163970947265625,129.32705688476562,55.7475700378418,22.280000686645508
2025-04-01,2400.5,71.19999694824219,38.22792053222656,104.26000213623047,3118.89990234375,5.019000053405762,153.3907470703125,34.94011306762695,19.06521987915039,554.6121826171875,246.63308715820312,161.31480407714844,42.32089614868164,130.05722045898438,55.66791534423828,21.770000457763672
2025-04-02,2366.5,71.70999908447266,37.99470520019531,103.80999755859375,3139.89990234375,5.023499965667725,153.9577178955078,34.81453323364258,19.18528175354004,558.1219482421875,249.2758026123047,163.88485717773438,42.66907501220703,131.28073120117188,56.235450744628906,21.510000228881836
2025-04-03,2296.25,66.94999694824219,35.371028900146484,102.06999969482422,3097.0,4.810999870300293,146.99490356445312,32.901859283447266,18.06204605102539,530.6173095703125,235.15167236328125,156.3341064453125,40.74182891845703,124.17646789550781,52.02376937866211,30.020000457763672
2025-04-04,2209.5,61.9900016784668,31.746469497680664,103.0199966430664,3012.0,4.384500026702881,134.5911407470703,30.15842628479004,17.10749626159668,499.5533447265625,221.71046447753906,144.38043212890625,38.19178771972656,116.37166595458984,48.27008819580078,45.310001373291016
2025-04-07,2199.25,60.70000076293945,31.396648406982422,103.26000213623047,2951.300048828125,4.169000148773193,135.07855224609375,30.04250717163086,17.077730178833008,498.66357421875,220.00804138183594,145.43634033203125,37.57879638671875,115.82897186279297,49.28567123413086,46.97999954223633
2025-04-08,2190.75,59.58000183105469,30.356895446777344,102.95999908447266,2968.39990234375,4.127500057220459,136.6700439453125,29.202089309692383,16.719524383544922,490.85308837890625,217.79092407226562,146.94049072265625,36.42146682739258,114.87187194824219,48.52896499633789,52.33000183105469
2025-04-09,2166.25,62.349998474121094,33.96202087402344,102.9000015258789,3056.5,4.17549991607666,149.0340118408203,31.887561798095703,18.083877563476562,542.4021606445312,237.94284057617188,161.5239715576172,39.604122161865234,125.07437133789062,53.23848342895508,33.619998931884766
2025-04-10,2251.0,60.06999969482422,32.47526931762695,100.87000274658203,3155.199951171875,4.321000099182129,146.2986297607422,31.085784912109375,17.731626510620117,518.6345825195312,231.0242919921875,158.51564025878906,38.338905334472656,121.84784698486328,51.54584503173828,40.720001220703125
2025-04-11,2300.0,61.5,34.515907287597656,99.77999877929688,3222.199951171875,4.507500171661377,148.31784057617188,32.322261810302734,17.910232543945312,527.8884887695312,234.88442993164062,161.77301025390625,39.47661590576172,123.99885559082031,53.56705093383789,37.560001373291016
2025-04-14,2306.75,61.529998779296875,35.31272888183594,99.63999938964844,3204.800048828125,4.610499858856201,150.06849670410156,32.80525588989258,18.257522583007812,533.0098266601562,237.5568389892578,163.23733520507812,39.95229721069336,125.29145050048828,54.25407028198242,30.889999389648438
2025-04-15,2317.5,61.33000183105469,35.17668533325195,100.22000122070312,3218.699951171875,4.611000061035156,149.511474609375,32.68933868408203,18.500625610351562,531.5169067382812,236.3690948486328,162.98829650878906,39.63844680786133,124.6698226928711,54.10471725463867,30.1200008392334
2025-04-16,2310.5,62.470001220703125,35.17668533325195,99.37999725341797,3326.60009765625,4.673999786376953,148.8649139404297,32.544437408447266,18.13348960876465,519.7023315429688,232.9840545654297,162.2810516357422,39.32949447631836,122.96282958984375,54.52289581298828,32.63999938964844
2025-04-17,2307.5,64.68000030517578,35.32244110107422,99.37999725341797,3308.699951171875,4.731500148773193,148.75550842285156,32.84389877319336,18.19005012512207,520.44384765625,234.47860717773438,162.2312469482422,39.59921646118164,123.6337890625,54.4930305480957,29.649999618530273
2025-04-21,2330.5,63.08000183105469,35.30301284790039,98.27999877929688,3406.199951171875,4.7210001945495605,145.68191528320312,32.85355758666992,17.841768264770508,508.055908203125,228.79727172851562,158.42599487304688,38.996028900146484,120.86115264892578,53.089134216308594,33.81999969482422
2025-04-22,2303.25,64.30999755859375,36.235870361328125,98.91999816894531,3400.800048828125,4.870500087738037,145.38351440429688,33.49111557006836,18.287290573120117,521.2743530273438,233.16221618652344,159.26275634765625,39.908164978027344,122.97269439697266,53.796058654785156,30.56999969482422
2025-04-23,2345.75,62.27000045776367,37.081275939941406,99.83999633789062,3276.300048828125,4.8354997634887695,149.4418487548828,33.9837760925293,18.725866317749023,529.3516845703125,236.16123962402344,162.9385223388672,39.95720672607422,124.51195526123047,55.11034393310547,28.450000762939453
2025-04-24,2390.0,62.790000915527344,38.41254806518555,99.29000091552734,3332.0,4.849999904632568,152.04791259765625,34.87248992919922,19.32023048400879,540.4940795898438,241.83265686035156,167.26174926757812,40.82029342651367,127.30432891845703,56.952335357666016,26.469999313354492
2025-04-25,2351.25,63.02000045776367,38.082157135009766,99.47000122070312,3282.39990234375,4.8354997634887695,153.90797424316406,34.553714752197266,19.408538818359375,544.3992309570312,241.70399475097656,169.05479431152344,40.51625442504883,127.29444885253906,56.295188903808594,24.84000015258789
2025-04-28,2347.5,62.04999923706055,37.984989166259766,99.01000213623047,3332.5,4.8379998207092285,154.89273071289062,34.64065170288086,19.45319175720215,544.6068725585938,242.3176727294922,169.6724090576172,40.58980941772461,127.71875,56.673545837402344,25.149999618530273
2025-04-29,2354.0,60.41999816894531,37.87809371948242,99.23999786376953,3318.800048828125,4.822999954223633,155.5989532470703,34.66963577270508,19.319236755371094,548.0375366210938,243.90130615234375,171.17657470703125,40.92818069458008,128.5475616455078,56.63372039794922,24.170000076293945
2025-04-30,2292.75,58.209999084472656,36.741172790527344,99.47000122070312,3305.0,4.559999942779541,156.07640075683594,33.96445846557617,19.061248779296875,548.2550048828125,245.29689025878906,170.29998779296875,41.1390495300293,129.47508239746094,56.106014251708984,24.700000762939453
2025-05-01,2293.25,59.2400016784668,36.99382400512695,100.25,3210.0,4.580999851226807,157.7076873779297,34.070716857910156,19.225963592529297,552.1404418945312,247.09829711914062,172.5811309814453,40.957603454589844,130.451904296875,56.225494384765625,24.600000381469727
2025-05-02,2307.75,58.290000915527344,37.78092575073242,100.0,3231.89990234375,4.627500057220459,160.5027618408203,34.82419204711914,19.84513282775879,560.3365478515625,251.98779296875,176.4760284423828,41.6490592956543,132.79039001464844,57.27094650268555,22.68000030517578
2025-05-05,2306.75,57.130001068115234,37.469970703125,99.83000183105469,3311.300048828125,4.65500020980835,160.3933563232422,34.6309928894043,19.81040382385254,557.1234130859375,251.8987274169922,176.03773498535156,41.340110778808594,132.85943603515625,57.21120834350586,23.639999389648438
2025-05-06,2310.25,59.09000015258789,38.29594039916992,99.23999786376953,3411.39990234375,4.735000133514404,159.279296875,34.81453323364258,20.162654876708984,552.4667358398438,250.07754516601562,174.82244873046875,41.04097366333008,131.69512939453125,57.868350982666016,24.760000228881836
2025-05-07,2269.75,58.06999969482422,37.43110275268555,99.61000061035156,3381.39990234375,4.616499900817871,159.45834350585938,34.35085678100586,20.092205047607422,554.7901611328125,251.126708984375,174.58335876464844,40.815391540527344,132.3660888671875,57.181339263916016,23.549999237060547
2025-05-08,2294.25,59.90999984741211,37.732337951660156,100.63999938964844,3296.60009765625,4.560999870300293,162.57171630859375,34.263916015625,21.204524993896484,558.6558227539062,254.87794494628906,178.03997802734375,41.35972213745117,134.19149780273438,57.61943054199219,22.479999542236328
2025-05-09,2309.25,61.02000045776367,38.053009033203125,100.33999633789062,3335.39990234375,4.611000061035156,162.46229553222656,34.45711135864258,21.03584098815918,557.9440307617188,255.17489624023438,176.61549377441406,41.467613220214844,134.300048828125,58.14713668823242,21.899999618530273
2025-05-12,2382.0,61.95000076293945,39.131629943847656,101.79000091552734,3220.0,4.578499794006348,164.760009765625,35.44242858886719,21.584558486938477,576.3826293945312,263.4593505859375,179.39471435546875,42.42877960205078,138.434326171875,58.87398147583008,18.389999389648438
2025-05-13,2400.75,63.66999816894531,39.704952239990234,101.0,3240.300048828125,4.68149995803833,166.05311584472656,35.81917190551758,21.36824607849121,580.18896484375,265.3300476074219,182.2735595703125,42.21791076660156,139.40127563476562,59.38176727294922,18.219999313354492
2025-05-14,2457.25,63.150001525878906,39.287109375,101.04000091552734,3181.39990234375,4.611000061035156,166.23214721679688,35.67427062988281,21.264060974121094,580.9304809570312,264.1719665527344,182.8812255859375,41.830501556396484,138.73033142089844,58.83415222167969,18.6200008392334
2025-05-15,2403.5,61.619998931884766,39.0150260925293,100.87999725341797,3220.699951171875,4.644499778747559,169.76329040527344,35.712913513183594,21.224369049072266,583.7679443359375,266.8345031738281,186.31787109375,42.25714111328125,140.26959228515625,58.82419967651367,17.829999923706055
2025-05-16,2389.75,62.4900016784668,38.41254806518555,101.08999633789062,3182.0,4.555500030517578,171.02655029296875,35.606651306152344,21.529985427856445,587.465576171875,269.5761413574219,188.54925537109375,42.68869400024414,141.8680419921875,59.18263244628906,17.239999771118164
2025-05-19,2355.25,62.689998626708984,38.80124282836914,100.43000030517578,3228.89990234375,4.633500099182129,172.37933349609375,35.606651306152344,21.412899017333984,588.108154296875,270.1502380371094,187.7722625732422,42.79656982421875,142.3515167236328,59.232418060302734,18.139999389648438
2025-05-20,2372.25,62.560001373291016,38.83039474487305,100.12000274658203,3280.300048828125,4.619500160217285,172.48875427246094,35.606651306152344,21.48037338256836,586.130859375,269.2792053222656,187.8818359375,42.723018646240234,141.8384552001953,59.361854553222656,18.09000015258789
2025-05-21,2374.25,61.56999969482422,39.04417419433594,99.55999755859375,3309.300048828125,4.638000011444092,169.88265991210938,35.3361701965332,21.06362533569336,576.2540893554688,264.1917724609375,184.07656860351562,42.15415954589844,139.4407501220703,58.55536651611328,20.8700008392334
2025-05-22,2350.25,61.20000076293945,39.073326110839844,99.95999908447266,3292.300048828125,4.648499965667725,169.2957763671875,35.26854705810547,20.965391159057617,576.4815063476562,263.964111328125,184.21603393554688,42.11002731323242,139.41114807128906,57.95796203613281,20.280000686645508
2025-05-23,2357.5,61.529998779296875,40.219966888427734,99.11000061035156,3363.60009765625,4.80649995803833,170.1412811279297,35.683929443359375,20.790752410888672,572.5465087890625,263.1426086425781,185.37155151367188,42.02665710449219,138.95726013183594,59.6008186340332,22.290000915527344
2025-05-26,2357.5,61.529998779296875,40.219966888427734,98.93000030517578,3363.60009765625,4.80649995803833,170.1412811279297,35.683929443359375,20.790752410888672,572.5465087890625,263.1426086425781,185.37155151367188,42.02665710449219,138.95726013183594,59.6008186340332,22.290000915527344
2025-05-27,2373.5,60.88999938964844,40.25883865356445,99.5199966430664,3299.10009765625,4.710000038146973,174.3488006591797,35.915771484375,21.343441009521484,584.4501953125,268.34881591796875,191.8365020751953,42.762245178222656,141.404296875,61.16402053833008,18.959999084472656
2025-05-28,2358.25,61.84000015258789,39.82155990600586,99.87999725341797,3293.60009765625,4.644000053405762,174.56764221191406,35.54869079589844,21.079500198364258,581.06884765625,266.8047790527344,191.7866973876953,42.178680419921875,140.7037353515625,60.60643768310547,19.309999465942383
2025-05-29,2344.25,60.939998626708984,40.07421112060547,99.27999877929688,3317.10009765625,4.653500080108643,175.3733367919922,35.722572326660156,20.98126792907715,583.362548828125,267.0719909667969,190.800537109375,42.335609436035156,140.83201599121094,60.06878662109375,19.18000030517578
2025-05-30,2348.5,60.790000915527344,39.938167572021484,99.33000183105469,3288.89990234375,4.652500152587891,176.29840087890625,35.58732986450195,20.842350006103516,582.7100830078125,266.63653564453125,190.54153442382812,42.340511322021484,140.92080688476562,59.839778900146484,18.56999969482422
2025-06-02,2381.75,62.52000045776367,40.7349853515625,98.69999694824219,3370.60009765625,4.834499835968018,177.29307556152344,35.848148345947266,20.741140365600586,585.9925537109375,266.1812438964844,191.37826538085938,42.590614318847656,140.7432098388672,61.8410758972168,18.360000610351562
2025-06-03,2371.0,63.40999984741211,40.87103271484375,99.25,3350.199951171875,4.809500217437744,178.39718627929688,35.6356315612793,21.10529899597168,589.3341064453125,269.2396545410156,193.4901123046875,43.027061462402344,141.82859802246094,63.05579376220703,17.690000534057617
2025-06-04,2390.75,62.849998474121094,41.38604736328125,98.79000091552734,3373.5,4.864500045776367,179.1829833984375,36.07033157348633,21.204524993896484,589.1759643554688,269.3782043457031,194.53604125976562,43.18888854980469,141.9075164794922,63.85232162475586,17.610000610351562
2025-06-05,2404.0,63.369998931884766,42.09541320800781,98.73999786376953,3350.699951171875,4.91349983215332,179.28245544433594,36.398765563964844,21.17475700378418,586.3285522460938,269.2594299316406,193.78892517089844,42.93389129638672,141.808837890625,63.85232162475586,18.479999542236328
2025-06-06,2365.75,64.58000183105469,41.95936965942383,99.19000244140625,3322.699951171875,4.829999923706055,180.99331665039062,36.46638870239258,21.283905029296875,592.3495483398438,271.67449951171875,197.56431579589844,43.04667663574219,143.00274658203125,64.13111877441406,16.770000457763672
2025-06-09,2394.75,65.29000091552734,42.32862854003906,98.94000244140625,3332.10009765625,4.9095001220703125,181.66970825195312,36.82380294799805,21.457550048828125,592.8834228515625,271.605224609375,199.9650115966797,43.33600616455078,142.87448120117188,65.0770034790039,17.15999984741211
2025-06-10,2419.25,64.9800033569336,42.221736907958984,99.05000305175781,3320.89990234375,4.883999824523926,178.17835998535156,36.939727783203125,21.5170841217041,596.2449340820312,270.7441101074219,196.27928161621094,43.60572814941406,142.2528533935547,64.50946807861328,16.950000762939453
2025-06-11,2443.0,68.1500015258789,41.95936965942383,98.62999725341797,3321.300048828125,4.801000118255615,179.73007202148438,36.649925231933594,21.55677604675293,594.5443725585938,270.6352233886719,197.81333923339844,43.17417907714844,142.32191467285156,64.09130096435547,17.260000228881836
2025-06-12,2439.75,68.04000091552734,42.19258499145508,97.91999816894531,3380.89990234375,4.821499824523926,178.51654052734375,36.601627349853516,21.343441009521484,596.9072875976562,270.071044921875,197.6738739013672,43.35562515258789,141.94699096679688,64.60903930664062,18.020000457763672
2025-06-13,2436.0,72.9800033569336,41.67756652832031,98.18000030517578,3431.199951171875,4.802999973297119,179.26255798339844,36.166927337646484,20.683589935302734,590.2338256835938,267.5174560546875,197.0662384033203,42.85051727294922,140.75306701660156,65.0770034790039,20.81999969482422
2025-06-16,2441.0,71.7699966430664,42.28976058959961,98.0,3396.39990234375,4.826499938964844,178.37843322753906,36.54100036621094,21.138042449951172,595.8494873046875,269.50689697265625,195.98043823242188,43.21341323852539,141.7200469970703,65.9432373046875,19.110000610351562
2025-06-17,2479.5,74.83999633789062,41.76502227783203,98.81999969482422,3386.60009765625,4.80049991607666,179.19485473632812,35.97989273071289,21.050724029541016,590.7578735351562,267.3887634277344,196.93675231933594,42.79167175292969,140.65440368652344,66.470947265625,21.600000381469727
2025-06-18,2503.75,75.13999938964844,41.79417419433594,98.91000366210938,3389.800048828125,4.84499979019165,178.00009155273438,35.98973846435547,20.807621002197266,590.6688842773438,267.13140869140625,195.80113220214844,42.66907501220703,140.3189239501953,66.39128112792969,20.139999389648438
2025-06-20,2470.75,74.93000030517578,40.79329299926758,98.70999908447266,3368.10009765625,4.826000213623047,179.65286254882812,35.143150329589844,20.613140106201172,589.2816772460938,267.26007080078125,197.88307189941406,42.379737854003906,140.47677612304688,65.24626922607422,20.6200008392334
2025-06-23,2528.5,68.51000213623047,41.31802749633789,98.41999816894531,3377.699951171875,4.8429999351501465,182.21163940429688,35.58613204956055,20.78380584716797,595.1022338867188,270.7243347167969,200.4568328857422,42.851932525634766,142.37901306152344,65.99404907226562,19.829999923706055
2025-06-24,2507.75,64.37000274658203,41.8913459777832,97.86000061035156,3317.39990234375,4.867000102996826,180.95713806152344,36.029109954833984,20.98126792907715,601.6764526367188,273.5451965332031,200.24746704101562,43.20681381225586,143.566650390625,65.74478912353516,17.479999542236328
2025-06-25,2497.25,64.91999816894531,41.76502227783203,97.68000030517578,3327.10009765625,4.913000106811523,181.24586486816406,35.84207534790039,20.958444595336914,602.0136108398438,270.9915771484375,200.96517944335938,42.792781829833984,142.29981994628906,65.33599853515625,16.760000228881836
2025-06-26,2510.5,65.23999786376953,44.30124282836914,97.1500015258789,3333.5,5.065499782562256,183.69512939453125,37.28915023803711,21.33351707458496,606.7236328125,274.2017517089844,206.30804443359375,43.26595687866211,143.84376525878906,67.10076141357422,16.59000015258789
2025-06-27,2507.5,65.5199966430664,43.88109588623047,97.4000015258789,3273.699951171875,5.06850004196167,186.73184204101562,37.23008346557617,21.606388092041016,609.738037109375,276.77191162109375,209.1389617919922,43.32017517089844,145.2788543701172,66.18347930908203,16.31999969482422
2025-06-30,2515.25,65.11000061035156,43.969032287597656,96.87999725341797,3294.39990234375,5.03000020980835,187.81707763671875,37.01351547241211,21.69569206237793,612.6533203125,277.92303466796875,210.26535034179688,43.28074645996094,146.00132751464844,67.02100372314453,16.729999542236328
2025-07-01,2518.25,65.44999694824219,44.389183044433594,96.81999969482422,3336.699951171875,5.047999858856201,184.20291137695312,37.328521728515625,21.690731048583984,612.455078125,279.0046691894531,205.181640625,44.39960479736328,146.4862823486328,66.96117401123047,16.829999923706055
2025-07-02,2530.0,67.44999694824219,45.551918029785156,96.77999877929688,3348.0,5.14900016784668,183.92413330078125,38.52949523925781,21.92391014099121,615.2315673828125,279.9771423339844,205.80963134765625,45.06501007080078,146.63473510742188,69.87252807617188,16.639999389648438
2025-07-03,2524.75,67.0,45.39558410644531,97.18000030517578,3331.60009765625,5.0970001220703125,186.0448455810547,38.519649505615234,22.117401123046875,620.0804443359375,282.2892761230469,208.2617645263672,45.035438537597656,147.8817596435547,69.86255645751953,16.3799991607666
2025-07-04,2524.75,66.5,45.39558410644531,97.18000030517578,3332.5,5.018499851226807,186.0448455810547,38.519649505615234,22.117401123046875,620.0804443359375,282.2892761230469,208.2617645263672,45.035438537597656,147.8817596435547,69.86255645751953,16.3799991607666
2025-07-07,2467.25,67.93000030517578,44.29147720336914,97.4800033569336,3332.199951171875,4.984499931335449,187.2495880126953,37.82072448730469,21.799877166748047,615.45947265625,281.0786437988281,209.02931213378906,44.6016960144043,147.3671112060547,68.96521759033203,17.790000915527344
2025-07-08,2469.5,68.33000183105469,44.60414505004883,97.51000213623047,3307.0,5.644999980926514,185.9452667236328,38.20464324951172,22.0032901763916,615.1224365234375,281.12823486328125,207.51417541503906,44.966434478759766,147.32754516601562,68.41685485839844,16.809999465942383
2025-07-09,2486.25,68.37999725341797,43.88109588623047,97.47000122070312,3311.60009765625,5.44350004196167,188.08590698242188,37.9683837890625,22.22654914855957,618.8110961914062,283.2419128417969,209.32833862304688,45.23752212524414,148.3568115234375,68.2872314453125,15.9399995803833
2025-07-10,2504.5,66.56999969482422,44.43803787231445,97.6500015258789,3317.39990234375,5.547999858856201,187.8270263671875,38.883880615234375,22.256317138671875,620.5562744140625,284.65106201171875,209.06918334960938,45.47903823852539,149.1881866455078,71.92642974853516,15.779999732971191
2025-07-11,2491.25,68.44999694824219,44.125370025634766,97.8499984741211,3356.0,5.561999797821045,188.9521026611328,38.972476959228516,21.94871711730957,618.3748779296875,283.549560546875,211.36181640625,45.10936737060547,148.6537322998047,72.91349792480469,16.399999618530273
2025-07-14,2470.25,66.9800033569336,43.890865325927734,98.08000183105469,3351.5,5.514999866485596,192.79527282714844,38.706687927246094,21.81972312927246,619.5548095703125,285.0082702636719,215.37893676757812,44.85799789428711,149.4553985595703,72.3750991821289,17.200000762939453
2025-07-15,2447.5,66.5199966430664,43.324153900146484,98.62000274658203,3329.800048828125,5.546000003814697,192.37710571289062,38.03729248046875,21.78499412536621,616.9072875976562,282.3587646484375,214.0133056640625,43.9362907409668,148.3370361328125,72.06600952148438,17.3799991607666
2025-07-16,2433.25,66.37999725341797,43.285072326660156,98.38999938964844,3352.5,5.496500015258789,193.58181762695312,38.27355194091797,21.760189056396484,618.9697265625,283.67852783203125,216.76449584960938,44.05458068847656,148.861572265625,72.41497039794922,17.15999984741211
2025-07-17,2428.75,67.54000091552734,43.0114860534668,98.7300033569336,3340.10009765625,5.486000061035156,195.00558471679688,38.499961853027344,22.023136138916016,622.7576293945312,286.82427978515625,222.23692321777344,44.36510467529297,150.23727416992188,74.41902160644531,16.520000457763672
2025-07-18,2507.25,67.33999633789062,42.86492156982422,98.4800033569336,3353.0,5.578000068664551,195.25450134277344,38.588558197021484,21.974515914916992,622.301513671875,286.11968994140625,221.63885498046875,44.46861267089844,149.90077209472656,74.95742797851562,16.40999984741211
2025-07-21,2552.0,67.19999694824219,43.851783752441406,97.8499984741211,3401.89990234375,5.610499858856201,193.8008575439453,39.61233901977539,22.06580352783203,623.4815063476562,284.4922790527344,218.2596893310547,44.69533920288086,149.10899353027344,75.81488800048828,16.649999618530273
2025-07-22,2584.25,66.20999908447266,45.04383087158203,97.38999938964844,3439.199951171875,5.697000026702881,191.3416290283203,40.51798629760742,22.256317138671875,623.5707397460938,285.1075134277344,215.03004455566406,45.311458587646484,149.46530151367188,77.88873291015625,16.5
2025-07-23,2566.75,65.25,45.434669494628906,97.20999908447266,3394.10009765625,5.795000076293945,196.03109741210938,40.76408767700195,22.623451232910156,628.875732421875,290.1882629394531,220.34300231933594,45.46425247192383,152.1473846435547,78.16790008544922,15.369999885559082
2025-07-24,2564.25,66.02999877929688,44.66276550292969,97.37999725341797,3371.0,5.7769999504089355,195.98130798339844,40.10453796386719,22.186859130859375,629.083984375,289.9004821777344,218.8677520751953,44.996002197265625,151.8900604248047,77.0312728881836,15.390000343322754
2025-07-25,2546.5,65.16000366210938,44.18399429321289,97.6500015258789,3334.0,5.763500213623047,197.4050750732422,39.710777282714844,22.266239166259766,631.741455078125,293.2347412109375,219.7748260498047,45.5283317565918,153.39442443847656,77.37026977539062,14.930000305175781
2025-07-28,2533.5,66.70999908447266,43.63682174682617,98.66000366210938,3309.10009765625,5.59499979019165,197.18603515625,39.02169418334961,22.127323150634766,631.5828247070312,292.3515625,219.58541870117188,44.867855072021484,152.91937255859375,75.99434661865234,15.029999732971191
2025-07-29,2507.0,69.20999908447266,43.177589416503906,98.91000366210938,3323.39990234375,5.603499889373779,196.36959838867188,38.86418914794922,21.90406608581543,629.9169311523438,289.5332946777344,217.28282165527344,44.69533920288086,151.177490234375,74.94745635986328,15.979999542236328
2025-07-30,2502.5,70.0,41.926918029785156,99.94000244140625,3295.800048828125,5.570000171661377,197.77345275878906,37.97822952270508,21.656002044677734,629.1236572265625,288.4616394042969,218.0204620361328,43.79335021972656,150.43519592285156,73.43196105957031,15.479999542236328
2025-07-31,2446.75,69.26000213623047,42.0637092590332,100.02999877929688,3293.199951171875,4.33050012588501,195.74237060546875,37.781349182128906,21.428775787353516,626.763671875,287.757080078125,215.84742736816406,43.24131393432617,150.44509887695312,73.1029281616211,16.719999313354492
2025-08-01,2432.0,67.33000183105469,41.77058410644531,98.69000244140625,3347.699951171875,4.412499904632568,194.92593383789062,37.564781188964844,21.17475700378418,616.49072265625,283.212158203125,213.5946502685547,42.743492126464844,148.198486328125,72.19563293457031,20.3799991607666
2025-08-04,2427.0,66.29000091552734,42.45454406738281,98.77999877929688,3374.39990234375,4.414999961853027,197.04664611816406,37.88963317871094,21.338478088378906,625.861328125,286.1990966796875,216.20628356933594,43.31031799316406,149.5642547607422,73.59149169921875,17.520000457763672
2025-08-05,2432.75,65.16000366210938,42.87469482421875,98.77999877929688,3381.89990234375,4.363999843597412,196.67825317382812,38.01760482788086,21.789955139160156,622.688232421875,286.1494445800781,217.38250732421875,43.615909576416016,149.25746154785156,75.35624694824219,17.850000381469727
2025-08-06,2483.25,64.3499984741211,43.255760192871094,98.18000030517578,3380.0,4.390999794006348,196.548828125,38.03729248046875,21.68080711364746,627.457763671875,285.9906921386719,216.14646911621094,43.14273452758789,149.376220703125,75.18675994873047,16.770000457763672
2025-08-07,2500.0,63.880001068115234,44.1156005859375,98.4000015258789,3400.300048828125,4.378499984741211,196.10079956054688,38.53934097290039,21.66096305847168,626.9322509765625,285.64337158203125,214.63133239746094,43.330039978027344,149.1584930419922,77.71922302246094,16.56999969482422
2025-08-08,2501.75,63.880001068115234,45.180625915527344,98.18000030517578,3439.10009765625,4.45550012588501,195.59300231933594,39.12013626098633,21.52204704284668,631.8207397460938,285.5540466308594,213.70431518554688,43.546905517578125,149.27725219726562,79.05526733398438,15.149999618530273
2025-08-11,2469.5,63.959999084472656,44.45758056640625,98.5199966430664,3353.10009765625,4.423500061035156,195.40382385253906,39.10044860839844,21.44266700744629,630.5713500976562,284.7204895019531,214.24256896972656,43.44832992553711,148.79229736328125,78.46701049804688,16.25
2025-08-12,2507.75,63.16999816894531,45.42490005493164,98.0999984741211,3348.89990234375,4.508500099182129,197.3751983642578,39.82890319824219,22.176937103271484,637.284423828125,288.75927734375,217.76129150390625,44.01515197753906,150.3362274169922,80.76020050048828,14.729999542236328
2025-08-13,2510.5,62.650001525878906,46.17725372314453,97.83999633789062,3358.699951171875,4.48199987411499,195.95143127441406,40.19313430786133,22.19578742980957,639.4659423828125,290.2378845214844,218.2796173095703,44.84320831298828,150.91026306152344,81.26869201660156,14.489999771118164
2025-08-14,2501.5,63.959999084472656,45.434669494628906,98.25,3335.199951171875,4.4644999504089355,195.13502502441406,39.55327224731445,21.88918113708496,639.525390625,287.3501892089844,215.86737060546875,44.374961853027344,149.5741729736328,80.3713607788086,14.829999923706055
2025-08-15,2480.75,62.79999923706055,46.06977844238281,97.8499984741211,3336.0,4.478000164031982,194.22898864746094,39.60249328613281,21.900094985961914,638.028076171875,285.9013671875,214.8207244873047,44.374961853027344,148.89126586914062,79.54380798339844,15.09000015258789
2025-08-18,2458.5,63.41999816894531,45.600772857666016,98.16999816894531,3331.699951171875,4.456999778747559,195.0752716064453,39.32686233520508,21.86933708190918,637.8893432617188,287.2608947753906,215.88731384277344,44.11865997314453,149.47518920898438,78.87579345703125,14.989999771118164
2025-08-19,2428.0,62.349998474121094,45.0242919921875,98.2699966430664,3313.39990234375,4.408999919891357,192.3970184326172,39.32686233520508,21.85941505432129,634.4286499023438,287.4295959472656,211.23223876953125,44.384822845458984,149.80178833007812,77.21073913574219,15.569999694824219
2025-08-20,2459.75,63.209999084472656,45.209938049316406,98.22000122070312,3343.39990234375,4.426000118255615,193.46234130859375,39.12013626098633,21.576622009277344,632.742919921875,286.59600830078125,211.3817596435547,44.41932678222656,149.66323852539062,76.87174987792969,15.6899995803833
2025-08-21,2484.5,63.52000045776367,45.56169128417969,98.62000274658203,3336.89990234375,4.43149995803833,194.10952758789062,39.50405502319336,21.70561408996582,630.2045288085938,285.64337158203125,212.68756103515625,44.552406311035156,149.12879943847656,77.26058959960938,16.600000381469727
2025-08-22,2505.25,63.65999984741211,47.105491638183594,97.72000122070312,3374.39990234375,4.447500228881836,194.955810546875,40.40970230102539,22.3505802154541,639.8824462890625,291.3492736816406,215.45867919921875,45.4346809387207,151.56346130371094,79.89277648925781,14.220000267028809
2025-08-25,2527.0,64.80000305175781,47.115264892578125,98.43000030517578,3373.800048828125,4.4664998054504395,194.5077667236328,40.370323181152344,22.23051643371582,637.0662841796875,288.7096862792969,215.50851440429688,45.18330383300781,150.04922485351562,80.41123962402344,14.789999961853027
2025-08-26,2541.25,63.25,47.71128845214844,98.2300033569336,3388.60009765625,4.450500011444092,199.10760498046875,40.252197265625,22.073741912841797,639.733642578125,291.4485168457031,219.65521240234375,45.30652618408203,151.59317016601562,80.93965911865234,14.619999885559082
2025-08-27,2506.0,64.1500015258789,47.36930465698242,98.2300033569336,3404.60009765625,4.4145002365112305,198.370849609375,40.17344665527344,22.486520767211914,641.1912841796875,291.48822021484375,218.87771606445312,45.419891357421875,151.5733642578125,80.79011535644531,14.850000381469727
2025-08-28,2516.25,64.5999984741211,47.81876754760742,97.80999755859375,3431.800048828125,4.463500022888184,199.28683471679688,40.3900146484375,22.562923431396484,643.4619750976562,291.9149475097656,219.5655059814453,45.419891357421875,151.84059143066406,81.3584213256836,14.430000305175781
2025-08-29,2514.75,64.01000213623047,48.6688346862793,97.7699966430664,3473.699951171875,4.518499851226807,197.55442810058594,40.36048126220703,22.440876007080078,639.6245727539062,289.07684326171875,216.7445526123047,45.48396682739258,150.44509887695312,82.08626556396484,15.359999656677246
2025-09-02,2514.5,65.58999633789062,49.00104522705078,98.4000015258789,3549.39990234375,4.569499969482422,197.63406372070312,40.17344665527344,22.05290412902832,634.8848266601562,286.685302734375,217.01368713378906,45.14386749267578,149.01002502441406,81.2986068725586,17.170000076293945
2025-09-03,2505.5,63.970001220703125,49.86088180541992,98.13999938964844,3593.199951171875,4.558499813079834,196.0808868408203,40.67549133300781,21.87925910949707,638.3255615234375,285.2166748046875,214.40206909179688,44.838279724121094,148.2578582763672,81.2986068725586,16.350000381469727
2025-09-04,2488.75,63.47999954223633,48.991275787353516,98.3499984741211,3565.800048828125,4.48799991607666,197.6539764404297,40.60658264160156,22.14815902709961,643.6603393554688,288.45166015625,214.60142517089844,45.01079177856445,149.93045043945312,81.3285140991211,15.300000190734863
2025-09-05,2495.25,61.869998931884766,49.89019775390625,97.7699966430664,3613.199951171875,4.482500076293945,197.26568603515625,41.1578483581543,22.35554313659668,641.796142578125,287.9356689453125,215.94711303710938,45.326236724853516,149.376220703125,83.68152618408203,15.180000305175781
2025-09-08,2511.0,62.2599983215332,50.241947174072266,97.44999694824219,3638.10009765625,4.490499973297119,196.7877655029297,41.26612854003906,22.671079635620117,643.372802734375,288.3524475097656,217.2329559326172,45.36567306518555,149.71273803710938,83.83108520507812,15.109999656677246
2025-09-09,2516.0,62.630001068115234,50.2517204284668,97.79000091552734,3643.300048828125,4.500999927520752,195.3739776611328,40.892059326171875,22.357526779174805,644.8601684570312,285.8716125488281,214.8107452392578,44.626338958740234,148.70321655273438,83.11322021484375,15.039999961853027
2025-09-10,2518.25,63.66999816894531,50.60347366333008,97.77999877929688,3643.60009765625,4.550000190734863,198.03231811523438,41.0200309753418,22.232501983642578,646.7243041992188,287.9257507324219,217.79119873046875,44.71012878417969,149.80178833007812,84.62870788574219,15.350000381469727
2025-09-11,2587.75,62.369998931884766,51.78575134277344,97.54000091552734,3636.89990234375,4.5904998779296875,199.1972198486328,41.709110260009766,22.691917419433594,652.0988159179688,291.2004699707031,220.07388305664062,45.64662170410156,151.2269744873047,85.78528594970703,14.710000038146973
2025-09-12,2583.75,62.689998626708984,52.17658996582031,97.55000305175781,3649.39990234375,4.588500022888184,198.550048828125,41.69926834106445,22.36546516418457,651.8805541992188,288.6898498535156,220.61215209960938,45.188232421875,150.01953125,85.31666564941406,14.760000228881836
2025-09-15,2591.0,63.29999923706055,52.997344970703125,97.30000305175781,3682.199951171875,4.6554999351501465,200.93959045410156,42.348976135253906,22.46965217590332,655.3511352539062,289.9699401855469,222.8250274658203,44.82349395751953,150.7123260498047,88.82624816894531,15.6899995803833
2025-09-16,2614.75,64.5199966430664,52.499027252197266,96.62999725341797,3688.89990234375,4.632999897003174,201.75904846191406,42.2308464050293,22.489498138427734,654.4488525390625,289.3348693847656,223.79193115234375,44.685489654541016,150.26695251464844,87.978759765625,16.360000610351562
2025-09-17,2583.75,64.05000305175781,51.8150634765625,96.87000274658203,3681.800048828125,4.571000099182129,200.3899383544922,41.88630294799805,22.473621368408203,653.6357421875,287.91583251953125,222.1771240234375,44.78899383544922,149.5840606689453,87.49021911621094,15.720000267028809
2025-09-18,2579.0,63.56999969482422,51.47308349609375,97.3499984741211,3643.699951171875,4.540999889373779,202.83834838867188,41.64020538330078,22.9062442779541,656.6897583007812,291.7760009765625,226.42349243164062,44.78899383544922,151.177490234375,88.82624816894531,15.699999809265137
2025-09-19,2559.75,62.68000030517578,52.31338119506836,97.63999938964844,3671.5,4.568999767303467,203.26806640625,41.896148681640625,22.884414672851562,659.9423217773438,291.99432373046875,226.1842803955078,44.7692756652832,151.54367065429688,90.12240600585938,15.449999809265137
2025-09-22,2530.25,62.63999938964844,52.948486328125,97.33000183105469,3740.699951171875,4.572999954223633,204.15748596191406,42.31944274902344,23.109657287597656,663.0645141601562,293.3438720703125,227.62196350097656,44.75392532348633,152.05052185058594,90.77220153808594,16.100000381469727
2025-09-23,2522.0,63.40999984741211,52.880088806152344,97.26000213623047,3780.60009765625,4.584499835968018,206.0262908935547,42.35881805419922,23.466869354248047,659.4551391601562,292.87750244140625,229.9098663330078,44.61030578613281,152.09027099609375,91.33116912841797,16.639999389648438
2025-09-24,2533.5,64.98999786376953,54.65839385986328,97.87000274658203,3732.10009765625,4.752500057220459,203.5378875732422,42.398193359375,23.258495330810547,657.3569946289062,290.7903747558594,226.26319885253906,44.06555938720703,151.30516052246094,90.31305694580078,16.18000030517578
2025-09-25,2551.0,64.9800033569336,54.93198013305664,98.55000305175781,3736.89990234375,4.699999809265137,202.97825622558594,42.831329345703125,22.963794708251953,654.3242797851562,288.83062744140625,225.8535614013672,43.4910888671875,150.2815704345703,91.53079986572266,16.739999771118164
2025-09-26,2544.75,65.72000122070312,55.68434143066406,98.1500015258789,3775.300048828125,4.7154998779296875,205.5665740966797,42.998680114746094,23.193998336791992,658.072998046875,291.3076477050781,230.1196746826172,43.996219635009766,151.6331329345703,92.02987670898438,15.289999961853027
2025-09-29,2583.5,63.45000076293945,57.87302017211914,97.91000366210938,3820.89990234375,4.841000080108643,205.30674743652344,43.82557678222656,23.13942527770996,659.9224243164062,292.1035461425781,230.7490997314453,44.16460037231445,152.10020446777344,93.3075180053711,16.1200008392334
2025-09-30,2594.0,62.369998931884766,58.43973159790039,97.7699966430664,3840.800048828125,4.804999828338623,209.124267578125,43.80588912963867,23.065006256103516,662.4082641601562,294.74969482421875,234.74545288085938,44.382503509521484,153.2728729248047,93.01805877685547,16.280000686645508
2025-10-01,2597.5,61.779998779296875,59.14323425292969,97.70999908447266,3867.5,4.83050012588501,209.11427307128906,44.219337463378906,23.091796875,664.6654663085938,294.3318786621094,236.28404235839844,43.916988372802734,152.84556579589844,95.13414001464844,16.290000915527344
2025-10-02,2596.5,60.47999954223633,59.387508392333984,97.8499984741211,3839.699951171875,4.8979997634887695,209.24420166015625,44.317779541015625,23.469846725463867,665.4309692382812,295.446044921875,237.882568359375,44.42707061767578,153.24305725097656,96.49163055419922,16.6299991607666
2025-10-03,2612.75,60.880001068115234,60.55024719238281,97.72000122070312,3880.800048828125,5.058000087738037,209.41407775878906,44.731224060058594,23.785385131835938,665.421142578125,296.1125793457031,240.45022583007812,44.50135803222656,153.45176696777344,97.37998962402344,16.649999618530273
2025-10-06,2636.25,61.689998626708984,60.257118225097656,98.11000061035156,3948.5,4.986999988555908,212.41213989257812,44.77060317993164,23.962997436523438,667.8074951171875,297.6644592285156,246.80441284179688,44.46173858642578,154.16729736328125,98.04875183105469,16.3700008392334
2025-10-07,2662.0,61.72999954223633,60.296199798583984,98.58000183105469,3976.60009765625,5.047999858856201,212.82188415527344,44.357154846191406,23.76454734802246,665.3316040039062,295.73455810546875,245.5355682373047,44.28345489501953,153.29275512695312,98.78738403320312,17.239999771118164
2025-10-08,2681.25,62.54999923706055,62.6607551574707,98.8499984741211,4043.300048828125,5.046000003814697,215.02044677734375,45.479373931884766,23.811182022094727,669.2990112304688,298.6592712402344,249.4120330810547,44.52116775512695,154.6244354248047,102.081298828125,16.299999237060547
2025-10-09,2727.75,61.5099983215332,62.51419448852539,99.54000091552734,3946.300048828125,5.075500011444092,211.10299682617188,45.410465240478516,23.68516731262207,667.3600463867188,294.3915710449219,245.25582885742188,43.91203308105469,152.33871459960938,102.17112731933594,16.43000030517578
2025-10-10,2603.5,58.900001525878906,59.0748405456543,98.9800033569336,3975.89990234375,4.848499774932861,205.90635681152344,43.6090087890625,22.782211303710938,649.32275390625,287.6169738769531,238.71180725097656,43.01071548461914,148.96974182128906,100.69385528564453,21.65999984741211
2025-10-13,2653.5,59.4900016784668,62.670528411865234,99.2699966430664,4108.60009765625,5.100500106811523,208.98435974121094,45.499061584472656,23.367643356323242,659.2860107421875,291.48675537109375,243.7172393798828,43.69413375854492,150.52008056640625,107.88057708740234,19.030000686645508
2025-10-14,2636.0,58.70000076293945,60.71635055541992,99.05000305175781,4138.7001953125,4.980500221252441,210.61329650878906,45.361244201660156,23.506561279296875,658.4805908203125,295.0779724121094,245.87527465820312,44.12993240356445,152.28903198242188,108.7389907836914,20.809999465942383
2025-10-15,2643.0,58.27000045776367,62.02565002441406,98.79000091552734,4176.89990234375,4.9720001220703125,207.5452880859375,45.65656661987305,23.814159393310547,661.4039916992188,294.1428527832031,241.7790069580078,43.93183898925781,151.6529998779297,107.73085021972656,20.639999389648438
2025-10-16,2686.25,57.459999084472656,61.18535232543945,98.38999938964844,4280.2001953125,4.958000183105469,206.11622619628906,45.321868896484375,23.49663734436035,656.899658203125,291.99407958984375,237.93252563476562,43.6049919128418,150.65921020507812,106.41329193115234,25.309999465942383
2025-10-17,2683.0,57.540000915527344,59.7099494934082,98.43000030517578,4189.89990234375,4.93149995803833,205.79641723632812,44.77060317993164,23.327953338623047,660.62841796875,291.54644775390625,235.20501708984375,43.52080154418945,150.78839111328125,102.0713119506836,20.780000686645508
2025-10-20,2689.25,57.52000045776367,60.8824577331543,98.58999633789062,4336.39990234375,4.998000144958496,209.4740447998047,45.59749984741211,23.98284339904785,667.499267578125,295.4361267089844,241.12960815429688,44.040794372558594,152.56729125976562,107.10202026367188,18.229999542236328
2025-10-21,2681.25,57.81999969482422,57.94141387939453,98.93000030517578,4087.699951171875,4.929999828338623,213.22161865234375,44.5146598815918,23.84392738342285,667.4892578125,297.6943054199219,243.48745727539062,43.872413635253906,153.91885375976562,100.12491607666016,17.8700008392334
2025-10-22,2708.0,58.5,57.687374114990234,98.9000015258789,4044.39990234375,4.960999965667725,210.40342712402344,44.406375885009766,23.4619083404541,664.0191040039062,293.2077331542969,237.18319702148438,43.738704681396484,151.92132568359375,97.11048889160156,18.600000381469727
2025-10-23,2768.75,61.790000915527344,58.83056640625,98.94000244140625,4125.5,5.081999778747559,215.580078125,44.997013092041016,23.63555335998535,667.9566650390625,297.64459228515625,246.01515197753906,44.26364517211914,153.8194580078125,98.62767791748047,17.299999237060547
2025-10-24,2776.75,61.5,59.465675354003906,98.94999694824219,4118.39990234375,5.093500137329102,216.71934509277344,45.272647857666016,23.709972381591797,673.4155883789062,298.81842041015625,249.81166076660156,44.08041000366211,153.94866943359375,99.63581848144531,16.3700008392334
2025-10-27,2800.25,61.310001373291016,59.631778717041016,98.77999877929688,4001.89990234375,5.140500068664551,218.7580108642578,45.40061950683594,23.585941314697266,681.3603515625,300.1216125488281,251.0105743408203,44.060604095458984,154.8231964111328,97.56963348388672,15.789999961853027
2025-10-28,2821.5,60.150001525878906,60.42322540283203,98.69000244140625,3966.199951171875,5.140500068664551,217.39889526367188,45.73531723022461,23.430156707763672,683.1700439453125,298.1021728515625,250.20130920410156,44.12002944946289,153.7200927734375,98.1186294555664,16.420000076293945
2025-10-29,2829.25,60.47999954223633,61.40031433105469,99.22000122070312,3983.699951171875,5.233500003814697,217.3089599609375,46.355491638183594,23.07988929748535,683.4981689453125,299.1666259765625,250.59097290039062,43.253379821777344,154.1175994873047,97.96890258789062,16.920000076293945
2025-10-30,2815.25,60.56999969482422,60.68703842163086,99.52999877929688,4001.300048828125,5.078000068664551,215.17034912109375,45.873130798339844,23.050121307373047,675.98095703125,297.7440490722656,247.42384338378906,42.67395782470703,153.73004150390625,96.2420883178711,16.90999984741211
2025-10-31,2824.75,60.97999954223633,60.345054626464844,99.80000305175781,3982.199951171875,5.065499782562256,215.6500244140625,45.84360122680664,23.14934730529785,678.1983642578125,298.8283996582031,248.32302856445312,42.42634582519531,154.0977325439453,96.41178131103516,17.440000534057617
2025-11-03,2852.25,61.04999923706055,58.83056640625,99.87000274658203,4000.300048828125,5.046999931335449,214.84056091308594,45.1249885559082,23.050121307373047,679.4711303710938,297.574951171875,247.4638214111328,42.16387176513672,153.4418182373047,94.55521392822266,17.170000076293945
2025-11-04,2778.25,60.560001373291016,56.60280227661133,100.22000122070312,3947.699951171875,4.926000118255615,211.62265014648438,43.9141731262207,22.950895309448242,671.4169921875,293.41668701171875,241.74903869628906,41.955875396728516,151.66293334960938,89.91378784179688,19.0
2025-11-05,2762.75,59.599998474121094,57.94141387939453,100.19999694824219,3980.300048828125,4.9629998207092285,209.33413696289062,44.53434753417969,22.980663299560547,673.7437133789062,295.286865234375,238.3121795654297,42.2034912109375,152.249267578125,90.67237854003906,18.010000228881836
2025-11-06,2771.5,59.43000030517578,58.66446304321289,99.7300033569336,3979.89990234375,4.945499897003174,207.4353790283203,44.53434753417969,22.176937103271484,666.514892578125,292.8197937011719,232.75726318359375,41.9954948425293,151.64305114746094,90.9319076538086,19.5
2025-11-07,2775.0,59.75,59.47544479370117,99.5999984741211,3999.39990234375,4.938000202178955,208.90440368652344,44.67216491699219,22.335697174072266,667.1710815429688,294.3418273925781,234.1160125732422,42.50062942504883,152.37847900390625,93.38736724853516,19.079999923706055
2025-11-10,2803.0,60.130001068115234,61.097415924072266,99.62000274658203,4111.7998046875,5.086999893188477,210.83316040039062,45.459686279296875,22.598644256591797,677.5819091796875,296.4906005859375,236.8734893798828,42.901763916015625,153.24305725097656,95.06426239013672,17.600000381469727
2025-11-11,2786.0,61.040000915527344,60.579559326171875,99.45999908447266,4106.7998046875,5.048500061035156,210.3734588623047,45.46952819824219,22.613529205322266,679.1329956054688,295.9832458496094,235.89439392089844,43.347469329833984,153.28282165527344,93.80659484863281,17.280000686645508
2025-11-12,2815.75,58.4900016784668,61.86931610107422,99.4800033569336,4204.39990234375,5.0894999504089355,209.5040283203125,46.217674255371094,22.6284122467041,679.5108642578125,296.1523742675781,234.70547485351562,43.65451431274414,153.43190002441406,96.20216369628906,17.510000228881836
2025-11-13,2830.0,58.689998626708984,60.32551574707031,99.18000030517578,4186.89990234375,5.087500095367432,204.90699768066406,45.59749984741211,22.09358787536621,668.2350463867188,290.3924865722656,226.922607421875,43.367279052734375,151.0567169189453,92.23949432373047,20.0
2025-11-14,2786.5,60.09000015258789,59.7490348815918,99.2699966430664,4087.60009765625,5.049499988555908,205.80642700195312,45.46952819824219,21.95863914489746,668.125732421875,290.651123046875,227.83175659179688,42.97109603881836,151.066650390625,91.67053985595703,19.829999923706055
2025-11-17,2732.25,59.90999984741211,58.5862922668457,99.58999633789062,4068.300048828125,5.0,203.67779541015625,44.79029083251953,21.422821044921875,661.901123046875,286.7813415527344,224.09518432617188,42.31739044189453,149.58590698242188,89.95372009277344,22.3799991607666
2025-11-18,2684.0,60.7400016784668,57.394248962402344,99.55000305175781,4061.300048828125,4.962500095367432,202.62847900390625,44.5146598815918,21.29878807067871,656.3428344726562,285.72686767578125,223.31588745117188,42.35205841064453,148.92007446289062,90.51268005371094,24.690000534057617
2025-11-19,2713.5,59.439998626708984,58.47881317138672,100.2300033569336,4077.699951171875,5.007999897003174,202.9982452392578,44.7115364074707,21.264060974121094,658.87841796875,286.98028564453125,223.9852752685547,42.46100997924805,149.41696166992188,91.16149139404297,23.65999984741211
2025-11-20,2728.75,59.13999938964844,56.1142578125,100.16000366210938,4056.5,4.959499835968018,198.64108276367188,43.87479782104492,20.817543029785156,648.8355712890625,281.8471374511719,218.5502471923828,41.827117919921875,146.91259765625,87.2786636352539,26.420000076293945
2025-11-21,2695.25,58.060001373291016,57.05226516723633,100.18000030517578,4076.699951171875,5.008500099182129,198.10142517089844,44.209495544433594,21.316648483276367,655.2987670898438,285.8263244628906,219.8790283203125,42.763099670410156,148.70143127441406,88.51637268066406,23.43000030517578
2025-11-24,2740.5,58.84000015258789,58.63514709472656,100.13999938964844,4091.89990234375,4.961999893188477,200.55982971191406,44.91826248168945,21.447628021240234,664.9437866210938,287.3384094238281,223.42579650878906,42.847286224365234,149.0691375732422,91.25131225585938,20.520000457763672
2025-11-25,2725.0,57.95000076293945,59.24094772338867,99.66000366210938,4139.2001953125,4.999499797821045,202.26870727539062,45.38093185424805,21.874298095703125,671.1981811523438,291.70562744140625,227.44210815429688,43.48613739013672,150.9772186279297,92.7186050415039,18.559999465942383
2025-11-26,2790.25,58.650001525878906,60.83359909057617,99.5999984741211,4165.2001953125,5.104499816894531,203.56787109375,46.227516174316406,21.918949127197266,675.8318481445312,293.5758361816406,229.09060668945312,44.0209846496582,151.8517608642578,95.16407775878906,17.190000534057617
2025-11-28,2808.0,58.54999923706055,62.826866149902344,99.45999908447266,4218.2998046875,5.185500144958496,204.96697998046875,46.6606559753418,22.216625213623047,679.5208129882812,295.4062805175781,230.07969665527344,44.27355194091797,152.73623657226562,96.91085052490234,16.350000381469727
2025-12-01,2843.25,59.31999969482422,63.3740348815918,99.41000366210938,4239.2998046875,5.218999862670898,199.11077880859375,47.015037536621094,21.963600158691406,676.4185180664062,291.3375244140625,224.05520629882812,44.16460037231445,150.50021362304688,95.63321685791016,17.239999771118164
2025-12-02,2849.75,58.63999938964844,63.168846130371094,99.36000061035156,4186.60009765625,5.160999774932861,201.17942810058594,47.06426239013672,22.11343002319336,677.67138671875,293.2773742675781,225.6537628173828,43.763465881347656,151.81199645996094,96.42176055908203,16.59000015258789
2025-12-03,2867.5,58.95000076293945,65.92424011230469,98.8499984741211,4199.2998046875,5.308000087738037,201.48922729492188,48.284915924072266,22.22654914855957,680.0180053710938,296.09271240234375,227.70187377929688,44.07050704956055,153.25302124023438,99.48609924316406,16.079999923706055
2025-12-04,2877.75,59.66999816894531,65.6604232788086,98.98999786376953,4211.7998046875,5.291500091552734,204.53724670410156,48.32429504394531,22.474613189697266,680.51513671875,298.28125,233.43663024902344,43.81298828125,154.04803466796875,100.614013671875,15.779999732971191
2025-12-05,2861.0,60.08000183105469,66.45186614990234,98.98999786376953,4212.89990234375,5.381999969482422,202.27871704101562,48.39320373535156,22.534147262573242,681.8078002929688,297.5948181152344,230.60923767089844,43.66937255859375,153.62071228027344,99.55596160888672,15.40999984741211
2025-12-08,2837.25,58.880001068115234,65.89492797851562,99.08999633789062,4187.2001953125,5.364500045776367,204.21746826171875,48.12741470336914,22.345619201660156,679.7594604492188,296.938232421875,232.9370880126953,43.065189361572266,153.43190002441406,98.01880645751953,16.65999984741211
2025-12-09,2796.25,58.25,65.36730194091797,99.22000122070312,4206.7001953125,5.240499973297119,202.4985809326172,47.96006774902344,22.206703186035156,679.1727294921875,294.4810791015625,230.9389190673828,42.97604751586914,152.30889892578125,99.28646850585938,16.93000030517578
2025-12-10,2804.5,58.459999084472656,66.89155578613281,98.79000091552734,4196.39990234375,5.2754998207092285,204.30740356445312,49.06259536743164,22.31585121154785,683.6771850585938,300.3006591796875,233.5365447998047,43.81794357299805,155.09152221679688,99.96521759033203,15.770000457763672
2025-12-11,2825.0,57.599998474121094,67.56575012207031,98.3499984741211,4285.5,5.427000045776367,208.13491821289062,49.6040153503418,22.707794189453125,685.26806640625,303.8819885253906,239.06149291992188,44.689544677734375,156.75115966796875,104.68648529052734,14.850000381469727
2025-12-12,2788.0,57.439998626708984,66.57888793945312,98.4000015258789,4300.10009765625,5.2835001945495605,209.274169921875,48.96415710449219,22.563915252685547,677.9000244140625,300.62896728515625,236.47386169433594,44.719261169433594,155.76731872558594,101.9515380859375,15.739999771118164
2025-12-15,2763.5,56.81999969482422,67.18468475341797,98.1500015258789,4306.7001953125,5.338500022888184,209.5040283203125,48.9739990234375,22.524227142333984,676.8758544921875,300.798095703125,234.12600708007812,44.689544677734375,156.01576232910156,100.6639175415039,16.5
2025-12-16,2775.75,55.27000045776367,66.76453399658203,98.1500015258789,4304.5,5.2870001792907715,207.81512451171875,48.779998779296875,22.35554313659668,675.0264282226562,299.0870056152344,232.6373748779297,44.5706901550293,155.09152221679688,100.72380828857422,16.479999542236328
2025-12-17,2816.0,55.939998626708984,67.17491149902344,98.37000274658203,4347.5,5.363500118255615,204.6671600341797,49.20000076293945,22.266239166259766,667.5986938476562,294.0237121582031,228.72093200683594,44.758872985839844,152.5772247314453,100.84358215332031,17.6200008392334
2025-12-18,2823.75,56.150001525878906,67.56575012207031,98.43000030517578,4339.5,5.366499900817871,208.11492919921875,49.40999984741211,22.34065818786621,672.6399536132812,296.25811767578125,232.92709350585938,44.73906707763672,153.57101440429688,102.14118957519531,16.8700008392334
2025-12-19,2868.0,56.65999984741211,68.68940734863281,98.5999984741211,4361.39990234375,5.439499855041504,213.77125549316406,49.90999984741211,22.35554313659668,678.7363891601562,299.0012512207031,241.05966186523438,44.937156677246094,154.8927764892578,104.97594451904297,14.90999984741211
2025-12-22,2850.25,58.0099983215332,70.88785552978516,98.29000091552734,4444.60009765625,5.4375,219.21771240234375,51.060001373291016,22.65321922302246,682.96484375,302.8017272949219,249.6919403076172,45.467796325683594,156.6099395751953,107.09364318847656,14.079999923706055
2025-12-23,2857.5,58.380001068115234,72.24600982666016,97.94000244140625,4482.7998046875,5.47599983215332,219.54750061035156,51.4900016784668,22.395231246948242,686.0863037109375,302.4925231933594,250.02178955078125,45.54744338989258,156.55010986328125,107.943115234375,14.0
2025-12-24,2865.75,58.349998474121094,72.06036376953125,97.9800033569336,4480.60009765625,5.498499870300293,220.0571746826172,51.540000915527344,22.42500114440918,688.4996948242188,303.2904968261719,250.43161010742188,45.637046813964844,157.05868530273438,107.8031997680664,13.470000267028809
2025-12-26,2924.75,56.7400016784668,73.97545623779297,98.0199966430664,4529.10009765625,5.766499996185303,217.92855834960938,52.349998474121094,22.415000915527344,688.4298706054688,302.7518615722656,246.3134002685547,45.905853271484375,156.76950073242188,107.77320861816406,13.600000381469727
2025-12-29,2835.5,58.08000183105469,71.3080062866211,98.04000091552734,4325.10009765625,5.490499973297119,216.8592529296875,51.06999969482422,22.440000534057617,685.9765625,301.62469482421875,244.74407958984375,45.53749084472656,156.43045043945312,105.44466400146484,14.199999809265137
2025-12-30,2899.25,57.95000076293945,72.5,98.23999786376953,4370.10009765625,5.727499961853027,216.19967651367188,51.599998474121094,22.600000381469727,685.138916015625,300.5274353027344,243.13478088378906,45.52753448486328,155.98170471191406,104.66514587402344,14.329999923706055
2025-12-31,2906.25,57.41999816894531,71.79000091552734,98.27999877929688,4325.60009765625,5.630000114440918,214.55075073242188,51.34000015258789,22.34000015258789,680.062744140625,297.6346740722656,241.13563537597656,45.14921569824219,154.6853485107422,103.54583740234375,14.949999809265137
2026-01-02,2938.0,57.31999969482422,73.05999755859375,98.41999816894531,4314.39990234375,5.639999866485596,221.86599731445312,52.36000061035156,22.43000030517578,681.309326171875,303.7393798828125,250.2916717529297,45.91580581665039,157.53733825683594,107.46340942382812,14.510000228881836
2026-01-05,3010.0,58.31999969482422,76.6500015258789,98.2699966430664,4436.89990234375,5.924499988555908,226.33309936523438,53.72999954223633,22.889999389648438,685.846923828125,308.3977355957031,260.2173767089844,46.37377166748047,159.402099609375,110.99121856689453,14.899999618530273
2026-01-06,3053.75,57.130001068115234,78.06999969482422,98.58000183105469,4482.2001953125,6.010499954223633,230.06068420410156,55.15999984741211,23.420000076293945,689.92578125,312.55731201171875,266.0148620605469,47.289695739746094,161.56602478027344,114.94876861572266,14.75
2026-01-07,2993.75,55.9900016784668,75.9000015258789,98.68000030517578,4449.2998046875,5.809000015258789,226.26315307617188,54.349998474121094,23.459999084472656,687.701904296875,307.0311279296875,262.4963684082031,46.47332763671875,158.52456665039062,114.09929656982422,15.380000114440918
2026-01-08,3001.25,57.7599983215332,75.62000274658203,98.93000030517578,4449.7001953125,5.746500015258789,227.282470703125,53.88999938964844,23.40999984741211,687.632080078125,309.61468505859375,268.5837707519531,47.289695739746094,159.72120666503906,113.95938110351562,15.449999809265137
2026-01-09,3037.0,59.119998931884766,77.54000091552734,99.12999725341797,4490.2998046875,5.855500221252441,232.8188934326172,54.43000030517578,23.424999237060547,692.1796264648438,313.78424072265625,276.52032470703125,48.046329498291016,161.47625732421875,116.82760620117188,14.489999771118164
2026-01-12,3086.25,59.5,80.06999969482422,98.86000061035156,4604.2998046875,5.985000133514404,236.39657592773438,55.59000015258789,23.600000381469727,693.2666625976562,316.2480773925781,280.7784729003906,48.305179595947266,162.71279907226562,120.42537689208984,15.119999885559082
2026-01-13,3102.75,61.150001525878906,79.83999633789062,99.12999725341797,4589.2001953125,5.96999979019165,237.38592529296875,55.65999984741211,23.424999237060547,691.8804931640625,317.3253479003906,281.3082580566406,48.514251708984375,163.55043029785156,119.68583679199219,15.979999542236328
2026-01-14,3086.75,62.02000045776367,82.38999938964844,99.12999725341797,4626.2998046875,6.008999824523926,239.0048828125,56.9900016784668,23.3700008392334,688.479736328125,318.073486328125,285.5863952636719,48.53416442871094,163.80972290039062,122.88385009765625,16.75
2026-01-15,3069.5,59.189998626708984,82.04000091552734,99.31999969482422,4616.2998046875,5.947999954223633,241.05355834960938,57.06999969482422,23.65999984741211,690.3546142578125,321.70440673828125,289.36474609375,48.74323272705078,165.3154754638672,123.63338470458984,15.84000015258789
2026-01-16,3034.75,59.439998626708984,80.7699966430664,99.38999938964844,4588.39990234375,5.78849983215332,243.6118927001953,56.209999084472656,23.6299991607666,689.7761840820312,323.6395568847656,292.61334228515625,48.464473724365234,166.43234252929688,124.06311798095703,15.859999656677246
2026-01-20,3015.75,60.34000015258789,82.25,98.63999938964844,4759.60009765625,5.7729997634887695,237.7456817626953,56.599998474121094,23.149999618530273,675.7345581054688,317.0161437988281,283.9371032714844,47.97663879394531,163.07179260253906,125.71209716796875,20.09000015258789
2026-01-21,3032.25,60.619998931884766,83.97000122070312,98.76000213623047,4831.7998046875,5.729499816894531,240.11416625976562,58.18000030517578,23.309999465942383,683.5332641601562,322.5323181152344,285.20654296875,49.021995544433594,165.89385986328125,127.73084259033203,16.899999618530273
2026-01-22,3060.75,59.36000061035156,82.2300033569336,98.36000061035156,4908.7998046875,5.742499828338623,235.66705322265625,57.880001068115234,23.8799991607666,687.103515625,321.84405517578125,285.3165283203125,49.30075454711914,165.03627014160156,130.60906982421875,15.640000343322754
2026-01-23,3097.5,61.06999969482422,86.01000213623047,97.5999984741211,4976.2001953125,5.910999774932861,234.91754150390625,59.209999084472656,23.3799991607666,687.352783203125,319.0610046386719,283.0574951171875,49.74876403808594,163.75985717773438,131.3585968017578,16.09000015258789
2026-01-26,3137.0,60.630001068115234,88.08000183105469,97.04000091552734,5079.7001953125,5.984000205993652,233.2286376953125,59.58000183105469,23.31999969482422,690.84326171875,318.9313659667969,279.8888854980469,49.808494567871094,163.91940307617188,126.09186553955078,16.149999618530273
2026-01-27,3111.5,62.38999938964844,90.41999816894531,96.22000122070312,5079.89990234375,5.828499794006348,236.86627197265625,60.95000076293945,23.479999542236328,693.5957641601562,320.3078918457031,284.99664306640625,49.75871658325195,164.59750366210938,128.26051330566406,16.350000381469727
2026-01-28,3165.75,63.209999084472656,91.9800033569336,96.44999694824219,5301.60009765625,5.892499923706055,233.53842163085938,61.33000183105469,23.399999618530273,693.5259399414062,318.9612731933594,281.4482116699219,49.728851318359375,163.68008422851562,128.64028930664062,16.350000381469727
2026-01-29,3138.5,65.41999816894531,94.2300033569336,96.27999877929688,5318.39990234375,6.17549991607666,232.62901306152344,61.95000076293945,23.059999465942383,692.1497192382812,321.2854309082031,277.7897644042969,49.778629302978516,165.395263671875,126.69149017333984,16.8799991607666
2026-01-30,3034.5,65.20999908447266,84.80999755859375,96.98999786376953,4713.89990234375,5.896999835968018,232.22927856445312,58.310001373291016,22.81999969482422,690.0853271484375,319.42010498046875,272.8419189453125,49.05186080932617,164.9764404296875,118.64647674560547,17.440000534057617
2026-02-02,2926.75,62.13999938964844,85.19999694824219,97.61000061035156,4622.5,5.801499843597412,231.01007080078125,58.31999969482422,22.760000228881836,693.5159912109375,323.58966064453125,270.1630859375,49.430179595947266,167.06057739257812,118.54653930664062,16.34000015258789
2026-02-03,3015.0,63.209999084472656,90.76000213623047,97.44000244140625,4903.7001953125,6.0625,234.33790588378906,61.0,22.81999969482422,687.6520385742188,326.7318115234375,278.33953857421875,50.475528717041016,168.4666290283203,124.50285339355469,18.0
2026-02-04,2973.25,65.13999938964844,86.61000061035156,97.62000274658203,4920.39990234375,5.826000213623047,227.85211181640625,60.22999954223633,22.549999237060547,684.3211059570312,326.78167724609375,264.785400390625,51.66025924682617,168.9153594970703,121.56466674804688,18.639999389648438
2026-02-05,2925.25,63.290000915527344,81.30999755859375,97.81999969482422,4861.39990234375,5.798999786376953,226.03329467773438,57.40999984741211,22.209999084472656,675.7744750976562,324.7767028808594,259.2677917480469,50.27641296386719,167.89822387695312,115.58837890625,21.770000457763672
2026-02-06,3004.0,63.54999923706055,84.68000030517578,97.62999725341797,4951.2001953125,5.863500118255615,233.77825927734375,59.279998779296875,23.3799991607666,688.739013671875,334.8016052246094,272.11224365234375,51.28194046020508,172.69473266601562,122.42413330078125,20.3700008392334
2026-02-09,3028.75,64.36000061035156,89.02999877929688,96.81999969482422,5050.89990234375,5.945000171661377,234.6876678466797,61.02000045776367,23.785999298095703,692.0599975585938,336.27789306640625,276.3004455566406,51.948978424072266,173.21328735351562,125.39229583740234,17.360000610351562
2026-02-10,3001.0,63.959999084472656,88.2300033569336,96.80000305175781,5003.7998046875,5.895999908447266,233.05874633789062,60.9900016784668,23.8799991607666,690.2349243164062,336.38763427734375,271.7323913574219,52.675743103027344,173.42269897460938,123.02376556396484,17.790000915527344
2026-02-11,3023.0,64.62999725341797,90.12000274658203,96.83000183105469,5071.60009765625,5.948999881744385,230.80020141601562,62.38999938964844,23.280000686645508,690.075439453125,338.4324951171875,266.7545471191406,53.382598876953125,174.35009765625,123.66336822509766,17.649999618530273
2026-02-12,3026.75,62.84000015258789,87.1500015258789,96.93000030517578,4923.7001953125,5.770999908447266,232.37918090820312,60.68000030517578,22.670000076293945,679.41455078125,333.3951416015625,267.5641784667969,52.596099853515625,172.2659454345703,116.60774230957031,20.81999969482422
2026-02-13,3015.75,62.88999938964844,87.94000244140625,96.87999725341797,5022.0,5.792500019073486,234.7176513671875,60.630001068115234,22.889999389648438,679.8931884765625,336.1881408691406,270.6028747558594,53.073974609375,173.68197631835938,117.75703430175781,20.600000381469727
2026-02-17,2971.5,62.33000183105469,84.77999877929688,97.16000366210938,4882.89990234375,5.632999897003174,238.01551818847656,59.630001068115234,22.5,680.9901733398438,337.79412841796875,273.3916931152344,52.4666748046875,174.5894317626953,115.03871154785156,20.290000915527344
2026-02-18,3017.0,65.19000244140625,86.66000366210938,97.69999694824219,4986.5,5.793499946594238,240.1641387939453,60.630001068115234,22.6299991607666,684.4208374023438,338.38262939453125,278.1996154785156,52.78525924682617,174.54953002929688,117.01748657226562,19.6200008392334
2026-02-19,2992.5,66.43000030517578,86.12000274658203,97.93000030517578,4975.89990234375,5.730000019073486,243.3320770263672,60.20000076293945,22.700000762939453,682.61572265625,340.64697265625,284.3369445800781,52.596099853515625,175.84588623046875,117.16738891601562,20.229999542236328
2026-02-20,3021.75,66.38999938964844,89.08999633789062,97.80000305175781,5059.2998046875,5.830999851226807,243.49195861816406,61.439998626708984,22.670000076293945,687.5523071289062,342.0733947753906,281.88800048828125,52.725521087646484,176.7333984375,117.38726043701172,19.09000015258789
2026-02-23,3014.75,66.30999755859375,90.8499984741211,97.69999694824219,5204.7001953125,5.7729997634887695,241.103515625,62.029998779296875,22.25,680.531494140625,337.1357727050781,278.7693786621094,52.725521087646484,174.34011840820312,117.63710021972656,21.010000228881836
2026-02-24,3020.75,65.62999725341797,93.37000274658203,97.87999725341797,5155.7998046875,5.922999858856201,242.9523162841797,62.86000061035156,22.270000457763672,685.4779052734375,341.5147705078125,282.7876281738281,53.12375259399414,176.48410034179688,119.29608154296875,19.549999237060547
2026-02-25,3081.75,65.41999816894531,95.05999755859375,97.69999694824219,5206.39990234375,5.979499816894531,241.06353759765625,64.41999816894531,22.290000915527344,691.26220703125,339.2704162597656,280.41864013671875,52.82508087158203,175.10797119140625,119.40601348876953,17.93000030517578
2026-02-26,3071.75,65.20999908447266,94.44999694824219,97.79000091552734,5176.5,5.947000026702881,242.66250610351562,64.12999725341797,22.540000915527344,687.422607421875,341.2654113769531,283.5872497558594,52.76534652709961,176.2048797607422,119.9556655883789,18.6299991607666
2026-02-27,3044.25,67.0199966430664,95.69999694824219,97.61000061035156,5230.5,6.004499912261963,243.56192016601562,64.33999633789062,22.600000381469727,684.1216430664062,340.99609375,282.8175964355469,53.17353057861328,176.64364624023438,119.27608489990234,19.860000610351562
2026-03-02,3109.25,71.2300033569336,93.5999984741211,98.37999725341797,5294.39990234375,5.894499778747559,250.41746520996094,64.36000061035156,22.60300064086914,684.5106201171875,344.19805908203125,289.7445983886719,53.01424026489258,178.39871215820312,121.98440551757812,21.440000534057617
2026-03-03,3165.75,74.55999755859375,87.0199966430664,99.05000305175781,5107.39990234375,5.773499965667725,244.8210906982422,60.540000915527344,22.350000381469727,678.4771118164062,337.0958557128906,284.21697998046875,51.71003723144531,174.9484100341797,117.20736694335938,23.56999969482422
2026-03-04,3279.75,74.66000366210938,88.16000366210938,98.7699966430664,5120.2001953125,5.855000019073486,246.809814453125,61.22999954223633,22.360000610351562,683.2639770507812,338.4923400878906,287.0557556152344,51.69012451171875,175.4769287109375,117.57714080810547,21.149999618530273
2026-03-05,3215.75,81.01000213623047,82.30000305175781,99.31999969482422,5065.2998046875,5.752999782562256,239.88429260253906,58.790000915527344,22.149999618530273,679.4544067382812,330.8016357421875,278.6493835449219,50.60495376586914,171.577880859375,112.80010223388672,23.75
2026-03-06,3327.5,90.9000015258789,79.94999694824219,98.98999786376953,5146.10009765625,5.756999969482422,242.04290771484375,57.369998931884766,21.8799991607666,670.5487060546875,325.4450378417969,279.169189453125,49.63924789428711,169.4638214111328,110.07179260253906,29.489999771118164
2026-03-09,3292.0,94.7699966430664,82.23999786376953,99.18000030517578,5091.5,5.80049991607666,241.8330535888672,58.0099983215332,21.889999389648438,676.4227294921875,328.2181091308594,282.0179443359375,49.768672943115234,170.46102905273438,111.9806137084961,25.5
2026-03-10,3322.0,83.44999694824219,83.05999755859375,98.83000183105469,5229.7001953125,5.9039998054504395,239.56451416015625,58.77000045776367,21.739999771118164,675.3356323242188,326.3727111816406,277.82977294921875,49.65916061401367,169.54360961914062,114.04933166503906,24.93000030517578
2026-03-11,3369.5,87.25,82.29000091552734,99.2300033569336,5167.39990234375,5.8454999923706055,238.52517700195312,58.779998779296875,21.950000762939453,674.4879760742188,325.83404541015625,277.3299865722656,49.61933517456055,169.0150909423828,114.82884216308594,24.229999542236328
2026-03-12,3464.0,95.7300033569336,79.73999786376953,99.73999786376953,5115.7998046875,5.82450008392334,231.33985900878906,57.25,21.520999908447266,664.2459106445312,317.375244140625,268.5037841796875,49.460044860839844,164.77700805664062,112.7401351928711,27.290000915527344
2026-03-13,3383.25,98.70999908447266,76.38999938964844,100.36000061035156,5052.5,5.7144999504089355,229.1912384033203,55.36000061035156,21.135000228881836,660.4862060546875,315.7991943359375,265.0952453613281,48.97221374511719,164.1886444091797,108.96247863769531,27.190000534057617
2026-03-16,3289.5,93.5,78.66000366210938,99.70999908447266,4994.0,5.790500164031982,232.65899658203125,56.5,21.350000381469727,667.2078857421875,318.7817077636719,270.71282958984375,49.1812858581543,165.59469604492188,110.41158294677734,23.510000228881836
2026-03-17,3291.5,96.20999908447266,77.91000366210938,99.58000183105469,5001.0,5.726500034332275,232.89999389648438,56.58000183105469,21.43000030517578,668.9630126953125,320.4176330566406,273.6415710449219,49.30075454711914,166.03346252441406,110.70140075683594,22.3700008392334
2026-03-18,3282.25,96.31999969482422,74.93000030517578,100.08999633789062,4889.89990234375,5.553999900817871,231.42999267578125,54.810001373291016,21.170000076293945,659.6285400390625,317.2655029296875,270.9227600097656,48.265357971191406,164.7171630859375,107.84317779541016,25.09000015258789
2026-03-19,3119.75,96.13999938964844,72.37999725341797,99.2300033569336,4600.7001953125,5.433000087738037,227.32000732421875,53.79999923706055,20.850000381469727,658.0029907226562,315.94879150390625,267.8840637207031,47.52863693237305,163.6002960205078,105.10486602783203,24.059999465942383
2026-03-20,3102.0,98.31999969482422,69.08000183105469,99.6500015258789,4570.39990234375,5.34250020980835,222.55999755859375,51.83000183105469,20.209999084472656,648.5700073242188,310.3628234863281,258.76800537109375,46.77199935913086,161.2169952392578,101.66699981689453,26.780000686645508
2026-03-23,3076.0,88.12999725341797,73.55000305175781,98.94999694824219,4404.10009765625,5.439499855041504,223.35000610351562,53.959999084472656,20.9689998626709,655.3800048828125,314.6719970703125,262.8399963378906,47.54999923706055,163.0500030517578,103.61000061035156,26.149999618530273
2026-03-24,3138.0,92.3499984741211,73.0,99.43000030517578,4399.2998046875,5.422500133514404,222.63999938964844,54.060001373291016,20.8700008392334,653.1799926757812,316.6099853515625,261.6700134277344,48.45000076293945,164.0,106.81999969482422,26.950000762939453
2026-03-25,3135.0,90.31999969482422,75.63999938964844,99.5999984741211,4549.7998046875,5.5289998054504395,225.86000061035156,55.31999969482422,21.017000198364258,656.8200073242188,319.3699951171875,266.5899963378906,49.40999984741211,165.10000610351562,107.9000015258789,25.329999923706055
2026-03-26,3161.5,94.4800033569336,70.88999938964844,99.9000015258789,4375.5,5.446499824523926,220.1199951171875,53.59000015258789,20.729999542236328,645.0900268554688,311.1700134277344,257.0299987792969,49.09000015258789,161.27000427246094,104.91999816894531,27.440000534057617
2026-03-27,3187.5,99.63999938964844,71.61000061035156,100.1500015258789,4492.0,5.4670000076293945,216.0399932861328,53.88999938964844,20.030000686645508,634.0900268554688,307.2099914550781,250.57000732421875,48.90999984741211,159.1999969482422,105.94000244140625,31.049999237060547
2026-03-30,3336.25,102.87999725341797,70.75,100.51000213623047,4526.0,5.47599983215332,210.7899932861328,53.93000030517578,19.854000091552734,631.969970703125,301.8900146484375,242.24000549316406,49.09000015258789,156.61000061035156,103.45999908447266,30.610000610351562
2026-03-31,3405.5,101.37999725341797,76.3499984741211,99.95999908447266,4647.60009765625,5.587500095367432,218.75,56.59000015258789,20.43400001525879,650.3400268554688,312.2200012207031,253.97999572753906,49.970001220703125,161.72999572753906,108.01000213623047,25.25
2026-04-01,3452.25,100.12000274658203,78.1500015258789,99.6500015258789,4783.2001953125,5.624000072479248,223.63999938964844,57.849998474121094,20.780000686645508,655.239990234375,317.3999938964844,259.95001220703125,50.459999084472656,164.42999267578125,109.9000015258789,24.540000915527344
2026-04-02,3411.0,111.54000091552734,76.86000061035156,100.02999877929688,4651.5,5.563000202178955,221.91000366210938,57.349998474121094,20.635000228881836,655.8300170898438,316.3599853515625,259.5799865722656,50.40999984741211,163.77000427246094,110.77999877929688,23.8700008392334
2026-04-06,3422.0,112.41000366210938,76.72000122070312,99.9800033569336,4656.7998046875,5.583499908447266,225.1999969482422,57.43000030517578,20.764999389648438,658.9299926757812,317.989990234375,263.6400146484375,50.220001220703125,164.61000061035156,110.22000122070312,24.170000076293945
2026-04-07,3396.75,112.94999694824219,76.73999786376953,99.63999938964844,4657.10009765625,5.54449987411499,223.3000030517578,57.61000061035156,20.510000228881836,659.219970703125,317.4200134277344,260.05999755859375,50.08000183105469,164.27999877929688,109.80000305175781,25.780000686645508
2026-04-08,3374.25,94.41000366210938,82.02999877929688,99.12999725341797,4749.5,5.759500026702881,232.1699981689453,60.70000076293945,21.450000762939453,676.010009765625,329.69000244140625,271.69000244140625,51.75,170.44000244140625,113.3499984741211,21.040000915527344
2026-04-09,3373.75,97.87000274658203,81.55999755859375,98.81999969482422,4792.2001953125,5.748000144958496,231.75999450683594,60.880001068115234,21.270000457763672,679.9099731445312,332.8900146484375,269.1400146484375,51.66999816894531,172.19000244140625,112.70999908447266,19.489999771118164
2026-04-10,3429.75,96.56999969482422,83.5199966430664,98.6500015258789,4761.89990234375,5.870500087738037,229.63999938964844,61.290000915527344,21.1200008392334,679.4600219726562,331.79998779296875,267.80999755859375,51.959999084472656,171.52000427246094,113.55999755859375,19.229999542236328
2026-04-13,3582.0,99.08000183105469,84.87000274658203,98.37000274658203,4742.39990234375,5.97599983215332,232.80999755859375,62.18000030517578,21.584999084472656,686.0999755859375,334.94000244140625,273.739990234375,52.189998626708984,172.72999572753906,114.94999694824219,19.1200008392334
2026-04-14,3572.75,91.27999877929688,86.43000030517578,98.12000274658203,4825.0,6.070499897003174,235.42999267578125,62.95000076293945,21.809999465942383,694.4600219726562,336.7300109863281,276.4800109863281,52.0099983215332,173.35000610351562,115.26000213623047,18.360000610351562
2026-04-15,3613.75,91.29000091552734,86.08000183105469,98.05999755859375,4800.0,6.072000026702881,234.0,62.61000061035156,22.239999771118164,699.9400024414062,332.6400146484375,275.4700012207031,51.380001068115234,171.17999267578125,115.68000030517578,18.170000076293945
2026-04-16,3647.75,94.69000244140625,86.20999908447266,98.22000122070312,4785.39990234375,6.066500186920166,229.02999877929688,62.7599983215332,22.420000076293945,701.6599731445312,331.3399963378906,272.6300048828125,51.75,170.3300018310547,115.95999908447266,17.940000534057617
2026-04-17,3596.75,83.8499984741211,87.19000244140625,98.0999984741211,4857.60009765625,6.103499889373779,231.94000244140625,63.810001373291016,22.889999389648438,710.1400146484375,337.7200012207031,276.3800048828125,51.880001068115234,173.50999450683594,117.5999984741211,17.479999542236328
2026-04-20,3546.0,89.61000061035156,86.25,98.05000305175781,4806.60009765625,6.035999774932861,231.85000610351562,63.38999938964844,23.0,708.719970703125,338.8900146484375,276.3500061035156,52.22999954223633,173.89999389648438,119.19999694824219,18.8700008392334
2026-04-21,3555.25,92.12999725341797,81.47000122070312,98.41000366210938,4698.39990234375,6.001500129699707,223.08999633789062,61.54999923706055,23.18000030517578,704.0800170898438,334.6499938964844,267.4599914550781,51.77000045776367,171.44000244140625,117.37000274658203,19.5
2026-04-22,3599.0,92.95999908447266,84.9000015258789,98.58999633789062,4732.5,6.119999885559082,219.14999389648438,63.310001373291016,23.075000762939453,711.2100219726562,334.1000061035156,263.9200134277344,51.83000183105469,171.0399932861328,121.80999755859375,18.920000076293945
2026-04-23,3616.75,95.8499984741211,82.45999908447266,98.80000305175781,4705.10009765625,6.075500011444092,219.11000061035156,61.7599983215332,22.66200065612793,708.4500122070312,338.8999938964844,261.5799865722656,51.810001373291016,174.07000732421875,117.63999938964844,19.309999465942383
2026-04-24,3607.75,94.4000015258789,82.37000274658203,98.51000213623047,4722.2998046875,6.023499965667725,215.8000030517578,61.79999923706055,22.92099952697754,713.9400024414062,336.010009765625,256.45001220703125,51.91999816894531,172.47000122070312,117.77999877929688,18.709999084472656
2026-04-27,3579.75,96.37000274658203,81.69999694824219,98.4800033569336,4675.39990234375,6.01800012588501,216.0399932861328,61.77000045776367,22.729999542236328,715.1699829101562,336.1499938964844,258.0,51.779998779296875,172.50999450683594,120.19999694824219,18.020000457763672
2026-04-28,3557.5,99.93000030517578,78.69000244140625,98.62000274658203,4591.5,5.9145002365112305,216.2100067138672,60.779998779296875,22.479999542236328,711.6900024414062,332.8800048828125,254.91000366210938,51.400001525878906,170.97999572753906,117.06999969482422,17.829999923706055
2026-04-29,3466.75,106.87999725341797,77.7300033569336,98.91999816894531,4545.2001953125,5.878499984741211,213.13999938964844,60.060001373291016,22.299999237060547,711.5800170898438,330.82000732421875,249.75,50.959999084472656,169.92999267578125,114.61000061035156,18.809999465942383
2026-04-30,3450.5,105.06999969482422,79.61000061035156,98.08000183105469,4614.7001953125,5.926000118255615,218.55999755859375,61.599998474121094,22.937999725341797,718.6599731445312,340.0199890136719,259.1400146484375,51.470001220703125,174.5800018310547,118.7300033569336,16.889999389648438
2026-05-01,3496.25,101.94000244140625,79.05000305175781,98.20999908447266,4629.89990234375,5.932000160217285,216.27000427246094,61.400001525878906,23.155000686645508,720.6500244140625,337.5199890136719,256.44000244140625,51.349998474121094,172.9600067138672,118.55999755859375,16.989999771118164
2026-05-04,3489.5,106.41999816894531,76.6500015258789,98.47000122070312,4519.5,5.795000076293945,214.3300018310547,60.25,22.829999923706055,718.010009765625,333.6000061035156,254.75,50.650001525878906,170.97999572753906,116.95999908447266,18.290000915527344
2026-05-05,3565.25,102.2699966430664,78.20999908447266,98.4800033569336,4555.7998046875,5.942999839782715,215.3699951171875,61.47999954223633,23.339000701904297,723.77001953125,337.3800048828125,255.22000122070312,51.529998779296875,172.41000366210938,118.87999725341797,17.3799991607666
2026-05-06,3498.0,95.08000183105469,83.56999969482422,98.0199966430664,4681.89990234375,6.136499881744385,223.4199981689453,64.48999786376953,23.55500030517578,733.8300170898438,345.3800048828125,267.260009765625,52.40999984741211,176.8699951171875,124.13999938964844,17.389999389648438
2026-05-07,3480.0,94.80999755859375,82.61000061035156,98.25,4699.7998046875,6.127500057220459,222.50999450683594,63.470001220703125,23.649999618530273,731.5800170898438,339.7699890136719,262.760009765625,51.400001525878906,174.0,120.51000213623047,17.079999923706055
2026-05-08,3507.0,95.41999816894531,85.97000122070312,97.83999633789062,4720.39990234375,6.249000072479248,223.49000549316406,64.83000183105469,23.834999084472656,737.6199951171875,338.8699951171875,265.3999938964844,51.59000015258789,173.1999969482422,120.94999694824219,17.190000534057617
2026-05-11,3592.5,98.06999969482422,87.58999633789062,97.94000244140625,4718.7001953125,6.41349983215332,225.99000549316406,65.91000366210938,23.905000686645508,739.2999877929688,341.95001220703125,269.3999938964844,52.2599983215332,175.0399932861328,124.54000091552734,18.3799991607666
2026-05-12,3652.5,102.18000030517578,90.7699966430664,98.29000091552734,4677.60009765625,6.485000133514404,225.38999938964844,66.25,24.0,738.1799926757812,340.19000244140625,268.4200134277344,52.13999938964844,174.35000610351562,123.5999984741211,17.989999771118164
2026-05-13,3837.75,101.0199966430664,91.91000366210938,98.4800033569336,4697.7001953125,6.635499954223633,225.7100067138672,67.48999786376953,24.625,742.3099975585938,339.0400085449219,270.1099853515625,52.060001373291016,173.6199951171875,123.33999633789062,17.8700008392334
2026-05-14,3892.0,101.16999816894531,89.37999725341797,98.87999725341797,4678.10009765625,6.567500114440918,224.4600067138672,66.2699966430664,24.799999237060547,748.1699829101562,341.4800109863281,271.3500061035156,51.66999816894531,174.50999450683594,120.97000122070312,17.260000228881836
2026-05-15,3791.5,105.41999816894531,83.05000305175781,99.2699966430664,4555.7998046875,6.251500129699707,217.27000427246094,62.90999984741211,24.09000015258789,739.1699829101562,334.4800109863281,260.739990234375,50.29999923706055,171.39999389648438,115.58999633789062,18.43000030517578
